text,disaster_type,location_patterns,action_patterns,dep_patterns,has_location,has_action
"Northern California sheriff: Wildfire claims more lives, bringing deaths to at least 23",injured_or_dead_people,PREP+PROPN,,NER_LOC:Northern|NER_LOC:California|ROOT_VERB:claims|PREP(to)+POBJ(23),True,False
"And so the Flo15 was born. Livin the snack food life now. #Flo15 #hurricaneflorence #HurricaneDiet #nc #ilm #snacks #sweetNsalty #ilmStrong @ Wilmington, North Carolina",not_humanitarian,,URGENCY_ADVERB,ROOT_VERB:born|PREP(nc)+POBJ(#)|PREP(@)+POBJ(Wilmington)|NER_LOC:Wilmington|NER_LOC:North,False,True
@SenSanders We need soldiers in Puerto Rico to secure the streets amd drive trucks to get goods out! Please HELP #HurricaneMaria,requests_or_urgent_needs,PREP+PROPN,PLEA_PATTERN|ACTION_VERB,ROOT_VERB:need|PREP(in)+POBJ(Rico)|NER_LOC:Puerto|NER_LOC:Rico|ROOT_VERB:HELP,True,True
Lawmakers are already calling for TPS for victims of #hurricaneirma in the Caribbean via @alextdaugherty,rescue_volunteering_or_donation_effort,PREP+PROPN,,ROOT_VERB:calling|PREP(for)+POBJ(TPS)|PREP(for)+POBJ(victims)|PREP(of)+POBJ(hurricaneirma)|PREP(in)+POBJ(Caribbean),True,False
"Just sitting here, waiting for the next update from @NHC_Atlantic  Went and stocked up on supplies today, just in case. But I’m really hoping Dorian will just skirt the coast and never make landfall. ὢDᾒ6ἿB‍♀️ #HurricaneDorian2019",other_relevant_information,PREP+PROPN|PROPN+LOC_NOUN|LOC_NOUN,,ROOT_VERB:sitting|PREP(for)+POBJ(update)|PREP(from)+POBJ(Went)|PREP(on)+POBJ(supplies)|PREP(in)+POBJ(case),True,False
"Y’all, please pray for us out here on the east coast. #HurricaneFlorence just shifted and is expected to make a direct hit to South Carolina (where I’m at). To my fellow east coasters who are in the line of this thing, please take shelter or evacuate if you have to! God bless!",sympathy_and_support,PREP+PROPN|PROPN+LOC_NOUN|LOC_NOUN,ACTION_VERB,ROOT_VERB:pray|NER_LOC:the|NER_LOC:east|NER_LOC:coast|ROOT_VERB:shifted,True,True
"Incredible work being done by our local @mnredcross volunteers at the Camp Fire in Northern California. Volunteers Deb (Ely) &amp; Gary (Tower) making a big difference, in tough conditions, on behalf of people that are facing so much. #CampFire #CaliforniaWildfires #RedCross",rescue_volunteering_or_donation_effort,PREP+PROPN,,PREP(at)+POBJ(Fire)|NER_LOC:the|NER_LOC:Camp|NER_LOC:Fire|NER_LOC:Northern,True,False
RT @ditmirbushati: Huge earthquake hits #Mexico. My thoughts are with the victims and all those affected by the devastating earthquake!,sympathy_and_support,,,ROOT_VERB:hits|NER_LOC:Mexico,False,False
SEVERE STORM THREAT rest of the night. See all the action on Radar:  #wx #harvey #flooding,other_relevant_information,,,PREP(of)+POBJ(night)|ROOT_VERB:See|PREP(on)+POBJ(Radar),False,False
All the #VanillaIceProject homes are fine and standing. I build them stronger for this very reason. #HurricaneIrma,other_relevant_information,,,ROOT_VERB:build,False,False
RT @NZDefenceForce: NEWS || @NZAirForce NH90s bring aid supplies to Kaikoura:  // #eqnz #earthquake #Kaikoura :,rescue_volunteering_or_donation_effort,,,ROOT_VERB:bring|PREP(to)+POBJ(Kaikoura),False,False
RT @orderofmalta: Thank you to everyone helping with the #ItalyEarthquake #terremoto Please #share the donation info &amp; spread the word http,sympathy_and_support,,,ROOT_VERB:Thank|PREP(to)+POBJ(everyone)|PREP(with)+POBJ(#),False,False
We currently need any and all available large vehicles by the New Bern NC PD. Water has receeded enough for vehicle rescues. Lots of help needed!!! #rescue #newbern #nc #northcarolina #HurricaneFlorence,requests_or_urgent_needs,,ACTION_VERB,ROOT_VERB:need|PREP(by)+POBJ(PD)|ROOT_VERB:receeded|PREP(for)+POBJ(rescues)|PREP(of)+POBJ(help),False,True
"For those looking to support the communities impacted by #Harvey, consider the Red Cross. We did.",rescue_volunteering_or_donation_effort,,,PREP(For)+POBJ(those)|ROOT_VERB:consider|ROOT_VERB:did,False,False
#BREAKING: Daylight is revealing streets &amp; cars underwater from record-breaking flooding and wide-spread damage #Irma #Jacksonville #Florida,infrastructure_and_utility_damage,PREP+PROPN,,ROOT_VERB:revealing|NER_LOC:Florida,True,False
The fog is actually from the fires. Heartbreaking.,other_relevant_information,PREP+PROPN,,ROOT_VERB:Heartbreaking,True,False
Standing tall &amp; Flying free. Bring it on #hurricaneharvey 🇱🇷 Through the wind the rain the flooding and the pain. Torn but still standing💪🏾,other_relevant_information,,,ROOT_VERB:Standing|ROOT_VERB:Bring|PREP(on)+POBJ(hurricaneharvey)|PREP(Through)+POBJ(wind),False,False
"@CStrangeNW @emc2_n @SenSchumer Wow, you totally stumped everyone with this one. By this logic, places like Texas, Louisiana, Florida and Nebraska dont need disaster aid, because they already receive money from the Feds. But sure, keep ignoring that natural disasters cost more than what most states get",not_humanitarian,PREP+PROPN,ACTION_VERB,ROOT_VERB:stumped|PREP(By)+POBJ(logic)|PREP(like)+POBJ(Texas)|NER_LOC:Texas|NER_LOC:Louisiana,True,True
"With a death toll that’s rising, leaving scores of people injured, a severe #earthquake of magnitude 5.8 has hit #Pakistan with epicenter lying 1km south-east of #Mirpur #AzadKashmir. We pray for the precious lives lost and ask the Almighty to show His mercy on us all. Ameen.",injured_or_dead_people,,VICTIM_STATE,PREP(With)+POBJ(toll)|PREP(of)+POBJ(people)|PREP(of)+POBJ(magnitude)|ROOT_VERB:hit|NER_LOC:Pakistan,False,True
Yep! Mathew and Irma caused $30 million in damage to JEA. FEMA paid 90% of that. If JEA is sold that expense will be passed on in higher rates!! #jeaisours #ilovejax #jaxpol,infrastructure_and_utility_damage,PREP+PROPN,,ROOT_VERB:caused|PREP(to)+POBJ(JEA)|ROOT_VERB:paid|PREP(of)+POBJ(that)|ROOT_VERB:passed,True,False
Heavy Rain Lashes Chamarajanagar; 4 Buffaloes Washed Away in Flash Floods:  via @YouTube,other_relevant_information,PREP+PROPN,,ROOT_VERB:Washed|PREP(in)+POBJ(Floods)|PREP(via)+POBJ(@YouTube),True,False
"The NWS job doesnt end with observations, forecast, warnings and IDSS. Important to insure actuals of surge, flooding, precipitation, wind and other observation parameters are accurately documented.",not_humanitarian,,,ROOT_VERB:end|PREP(with)+POBJ(observations)|PREP(of)+POBJ(surge)|ROOT_VERB:documented,False,False
Homeless Man Among Hurricane Evacuees at Convention Center Grooms Displaced Pets: I Wasnt Raised Not   via @people,displaced_people_and_evacuations,PREP+PROPN,,PREP(Among)+POBJ(Evacuees)|PREP(at)+POBJ(Pets)|ROOT_VERB:Raised|PREP(via)+POBJ(@people),True,False
Packers Aaron Rodgers donates M to California #WILDFIRE victims  #GPWX,rescue_volunteering_or_donation_effort,,,ROOT_VERB:donates|PREP(to)+POBJ(victims),False,False
"Lexus Bus Of Kannur Vijay Fans, Today Runs For Chief Ministers Flood Relief Fund. #KeralaFloods #KeralaFloodRelief #DoForKerala",rescue_volunteering_or_donation_effort,,,ROOT_VERB:Runs|PREP(For)+POBJ(Fund),False,False
"Drone video shows miles of fallen power lines and poles in Avon Park, Florida, on Wednesday after Hurricane #Irma damaged the area.",infrastructure_and_utility_damage,PREP+PROPN|PROPN+LOC_NOUN|LOC_NOUN,,ROOT_VERB:shows|PREP(of)+POBJ(lines)|PREP(in)+POBJ(Park)|NER_LOC:Avon|NER_LOC:Park,True,False
"RT @AP: AP PHOTOS: Rescue team members wait to assist in the aftermath of Hurricane Maria in Humacao, Puerto Rico.",rescue_volunteering_or_donation_effort,PREP+PROPN,ACTION_VERB,PREP(in)+POBJ(aftermath)|PREP(of)+POBJ(Maria)|NER_LOC:Humacao|NER_LOC:Puerto|NER_LOC:Rico,True,True
"Miley Cyrus and Liam Hemsworths home was destroyed in the California wildfires, and this is what remained.",infrastructure_and_utility_damage,PREP+PROPN,,ROOT_VERB:destroyed|PREP(in)+POBJ(wildfires)|NER_LOC:California,True,False
Early images from my family of the destruction left in Dorian’s path. Many have already suffered losses. #prayfortheBahamas#hurricanedorian @CNNweather @cnnbrk @breakingweather @weatherchannel,infrastructure_and_utility_damage,PREP+PROPN,,PREP(from)+POBJ(family)|PREP(of)+POBJ(destruction)|PREP(in)+POBJ(path)|ROOT_VERB:suffered,True,False
RT @tspoon87: Foor For The Poor supports Haitis hurricane relief.  support Haiti by giving what you can at /,rescue_volunteering_or_donation_effort,,,PREP(For)+POBJ(Poor)|ROOT_VERB:supports|ROOT_VERB:support|NER_LOC:Haiti,False,False
"#KeralaFloodRelief Heartbroken by the catastrophic flooding in Kerala, US tech giant Apple on Saturday announced to donate Rs 7 crore towards the ongoing relief work. -",rescue_volunteering_or_donation_effort,PREP+PROPN,ACTION_VERB,PREP(by)+POBJ(flooding)|PREP(in)+POBJ(Kerala)|NER_LOC:Kerala|NER_LOC:US|PREP(on)+POBJ(Saturday),True,True
Gulf Gate Elementary School is opening as a shelter at 6 p.m. #Irma,other_relevant_information,,,ROOT_VERB:opening|PREP(as)+POBJ(shelter)|PREP(at)+POBJ(p.m.),False,False
Insane footage from the Bahamas! Thoughts and prayers are with them.,sympathy_and_support,PREP+PROPN,,PREP(from)+POBJ(Bahamas)|NER_LOC:Bahamas,True,False
RT @dsimonjackson: Want to help support victims of the Fort McMurray wildfire? There are alternatives to the Red Cross.,sympathy_and_support,,ACTION_VERB,ROOT_VERB:Want|PREP(of)+POBJ(wildfire)|NER_LOC:Fort|NER_LOC:McMurray|ROOT_VERB:are,False,True
RT @CNNnews18: The strongest hurricane to hit Puerto Rico in more than 80 years destroyed hundreds of homes,infrastructure_and_utility_damage,PREP+PROPN,,NER_LOC:Puerto|NER_LOC:Rico|PREP(in)+POBJ(years)|PREP(of)+POBJ(homes),True,False
Puerto Rican cop telling the truth about Hurricane Marias aid  #MSM #MAGA #DEMEXIT,other_relevant_information,,,PREP(about)+POBJ(DEMEXIT),False,False
#KeralaFloods | Putting the Centre’s Rs 600-crore aid in context. (Via @IndiaSpend) Read more:,rescue_volunteering_or_donation_effort,PREP+PROPN,,NER_LOC:the|NER_LOC:Centre|NER_LOC:’s|NER_LOC:Rs|PREP(in)+POBJ(context),True,False
RT @sonictoyhunter: You got water for #HurricaneDorian?” Me: I got the only water I need”,not_humanitarian,,ACTION_VERB,ROOT_VERB:got|PREP(for)+POBJ(HurricaneDorian)|ROOT_VERB:got,False,True
"Hey pls donate whatever you have to this wonderful country that we have completely fucked over, pls!!!!!",rescue_volunteering_or_donation_effort,,ACTION_VERB,ROOT_VERB:donate|PREP(to)+POBJ(country),False,True
"We are closely watching the track of Hurricane Florence. At this time, our hospital is only accepting emergency patients. ALL OUTPATIENT SERVICES HAVE BEEN CANCELLED. We encourage everyone in our community to make their preparations and plans now.",caution_and_advice,PREP+PROPN,DISTRESS_SIGNAL|URGENCY_ADVERB,ROOT_VERB:watching|PREP(of)+POBJ(Florence)|PREP(At)+POBJ(time)|ROOT_VERB:accepting|ROOT_VERB:encourage,True,True
"The TX Dept of Public Safety says more than 37,000 homes were heavily damaged &amp; nearly 7,000 were destroyed  #Harvey",infrastructure_and_utility_damage,,,ROOT_VERB:says,False,False
California wildfires: At least 42 are killed in deadliest blaze  #SmartNews,injured_or_dead_people,PREP+PROPN,,NER_LOC:California|ROOT_VERB:wildfires|PREP(in)+POBJ(SmartNews),True,False
So idk if any of you know but I live in Ecuador and I was in the zone affected by the earthquake,other_relevant_information,PREP+PROPN|PROPN+LOC_NOUN|LOC_NOUN,,ROOT_VERB:live|PREP(in)+POBJ(Ecuador)|NER_LOC:Ecuador,True,False
"Rescue crews search for residents in an Immokalee, Florida neighborhood that was heavily damaged by Hurricane #Irma.",rescue_volunteering_or_donation_effort,PREP+PROPN,ACTION_VERB,ROOT_VERB:search|PREP(for)+POBJ(residents)|PREP(in)+POBJ(Immokalee)|NER_LOC:Florida,True,True
RT @BlueAlertUs: And the evacuation has started in Florida #HurricaneDorian #BePrepared #HaveAPlan #Florida,displaced_people_and_evacuations,PREP+PROPN,,ROOT_VERB:started|PREP(in)+POBJ(HurricaneDorian)|NER_LOC:Florida|NER_LOC:Florida,True,False
"Address to which relief materials are to be sent : District Collector, Collectorate, Kalpetta, Wayanad 673122, Kerala Phone: 04936-204151, 9745166864, 9746239313 #KeralaWaters #Flood #ReliefMaterials",rescue_volunteering_or_donation_effort,LOC_NOUN,,NER_LOC:Kalpetta,True,False
The death toll of Cyclone Idai is now at 96. MTSRIP #cycloneIdai #chimanimani,injured_or_dead_people,,URGENCY_ADVERB,PREP(of)+POBJ(Idai),False,True
RT @USRealityCheck: Island Destroyed: All Power Out as Maria Crushes Puerto Rico  #USRC,infrastructure_and_utility_damage,,,,False,False
Its going to get worse: Official fear many more deaths in California wildfires - GMA -  via @GMA,injured_or_dead_people,PREP+PROPN,,ROOT_VERB:fear|PREP(in)+POBJ(GMA)|NER_LOC:California|PREP(via)+POBJ(@GMA),True,False
Landslides are happening in hilly areas..People please be cautious..Please avoid travelling unless it is very urgent.. #KeralaFloods,caution_and_advice,PREP+PROPN,DISTRESS_SIGNAL,ROOT_VERB:happening|PREP(in)+POBJ(areas)|ROOT_VERB:avoid,True,True
Texas officials say at least eight dead as Hurricane Harvey flooding continues  #alaska,injured_or_dead_people,PREP+PROPN,,NER_LOC:Texas|ROOT_VERB:say,True,False
"To All Those peoples who barks that #Rajini sir gave only 15lakhs to #KeralaFloods. Please note it ! During the Time of Chennai Floods, the Veteran #Superstar Cancelled his birthday Celebrations and donated Rupees #10crores towards relief. Remember that ! @rajinikanth",rescue_volunteering_or_donation_effort,PREP+PROPN,,PREP(To)+POBJ(peoples)|ROOT_VERB:gave|PREP(to)+POBJ(KeralaFloods)|ROOT_VERB:note|PREP(During)+POBJ(Time),True,False
@realDonaldTrump I bet youre trying to figure out how you can profit $$$ from this disaster. You scum. Youre Hurricane Harvey flood water scum.,not_humanitarian,PREP+PROPN,,ROOT_VERB:bet|PREP(from)+POBJ(disaster)|ROOT_VERB:re,True,False
Update: Perdido inspections continue and have not revealed any major damage. #Harvey,other_relevant_information,,,ROOT_VERB:continue,False,False
"High risk of fires in Attica, Evia, Chios, Lesvos #Greece #Greecefires",caution_and_advice,PREP+PROPN,,PREP(of)+POBJ(fires)|PREP(in)+POBJ(Attica)|NER_LOC:Attica|NER_LOC:Evia,True,False
Please pray for all the people in harms way.,sympathy_and_support,PREP+PROPN,,ROOT_VERB:pray|PREP(for)+POBJ(people)|PREP(in)+POBJ(harms),True,False
#politics #media #news  Hurricane Maria cause massive destruction in Puerto Rico - Al Jazeera English,infrastructure_and_utility_damage,PREP+PROPN,,ROOT_VERB:cause|PREP(in)+POBJ(Rico)|NER_LOC:Puerto|NER_LOC:Rico|NER_LOC:-,True,False
"@CNN Heres an idea Bring in cruise ships to Puerto Rico and load residents on. Food, electricity, water, etc. #HurricaneMaria",other_relevant_information,PREP+PROPN,,PREP(to)+POBJ(Rico)|NER_LOC:Puerto|NER_LOC:Rico,True,False
An early look at Hurricane Harvey damage and how storm developed -,infrastructure_and_utility_damage,PREP+PROPN,,PREP(at)+POBJ(damage)|NER_LOC:Hurricane|NER_LOC:Harvey,True,False
"I was given the opportunity by @NebraskaCoach to share some thoughts on the culture, mission, values and goals in our @KHS_BoysSoccer program and how thats helped lead to on-field success. Page 12-13 if youre curious!",not_humanitarian,PREP+PROPN,,ROOT_VERB:given|PREP(by)+POBJ(@NebraskaCoach)|PREP(on)+POBJ(culture)|PREP(in)+POBJ(program)|PREP(to)+POBJ(success),True,False
"On the agenda: distributing supplies, helping move people to safety, assisting hospitals with backup power @nycoem",rescue_volunteering_or_donation_effort,,ACTION_VERB,PREP(On)+POBJ(agenda)|ROOT_VERB:move|PREP(to)+POBJ(safety)|PREP(with)+POBJ(power),False,True
What a tragedy and yet tRump &amp; Pence do nothing to help Americans. tRump &amp; Pence need to sit aside their racism and help,sympathy_and_support,,ACTION_VERB,ROOT_VERB:do|ROOT_VERB:need,False,True
"On St. Martin, an official said 95% of the island was destroyed by Hurricane Irma",infrastructure_and_utility_damage,,,PREP(On)+POBJ(Martin)|NER_LOC:St.|NER_LOC:Martin|ROOT_VERB:said|PREP(of)+POBJ(island),False,False
Happy #Onam Our thoughts &amp; Prayers are with #KeralaFloods victims too.,sympathy_and_support,,,,False,False
Brothers and Sisters; Please Pray for Florida against Hurricane Dorian!! @WhitenackGail @Justice4allCQ @FlashQuora @DianeBohallGray @JesusIsWarning @MorpheusSeeks @CarolDreiling @uifan01 @TBeansprout,sympathy_and_support,,,ROOT_VERB:Pray|NER_LOC:Florida|PREP(against)+POBJ(Dorian),False,False
Those who require dinner tonight at anywhere in Cochin please contact the below number They can arrange food for 1000 people Contact Person : Firoz 7012703529 #KeralaFloods #Cochin,rescue_volunteering_or_donation_effort,PREP+PROPN,ACTION_VERB,NER_LOC:Cochin|ROOT_VERB:contact|PREP(for)+POBJ(people),True,True
Dr. Jonmenjoy Biswas checks w/his family during #HurricaneHarvey flooding during the night. #ThankYouVAEmergencyRoomStaff #HoustonStrong,sympathy_and_support,,,ROOT_VERB:Biswas|PREP(during)+POBJ(flooding)|PREP(during)+POBJ(night),False,False
"Just like in Katrina, Mexico sending food and help and aid for the Americans in Houston! #mexicosendsthierbest #HurricaneHarvey",rescue_volunteering_or_donation_effort,PREP+PROPN,ACTION_VERB,PREP(in)+POBJ(Katrina)|NER_LOC:Katrina|NER_LOC:Mexico|PREP(for)+POBJ(Americans)|PREP(in)+POBJ(Houston),True,True
Kearneyite Judy Witte named an outstanding volunteer by the Nebraska Hospice and Palliative,rescue_volunteering_or_donation_effort,,,ROOT_VERB:named,False,False
Our student-athletes are here setting up the shelter for all of the first responders that are staying on campus to take care of them! #LynnCares #FloridaStrong #HurricaneDorian @Lynn_Knights @LynnUniversity,rescue_volunteering_or_donation_effort,,,ROOT_VERB:setting|PREP(for)+POBJ(all)|PREP(on)+POBJ(campus)|PREP(of)+POBJ(them),False,False
"Thousands of @ArtofLiving Volunteers across d country reaching out to d affected areas to provide immediate material &amp; trauma relief to d victims.Your contributions can help us to reach out to d victims with clean water,Good items, hygiene/shelter kits #KeralaFlood #Donate4kerala",rescue_volunteering_or_donation_effort,,ACTION_VERB,PREP(across)+POBJ(country)|PREP(to)+POBJ(victims)|ROOT_VERB:help|PREP(to)+POBJ(victims)|PREP(with)+POBJ(water),False,True
#StandWithKerala | Donations from different states for Kerala flood :- Andhra - 5 Cr Delhi - 10 Cr Karnataka - 10 Cr Odisha - 5 Cr Punjab - 10 Cr Pondicherry - 2 Cr Tamil Nadu - 10 Cr Telengana - 25 Cr LIVE UPDATES HERE -,rescue_volunteering_or_donation_effort,PREP+PROPN,,PREP(from)+POBJ(states)|PREP(for)+POBJ(flood)|NER_LOC:Kerala|ROOT_VERB:UPDATES,True,False
RT @azamsahmed: I cant bear this! The cries of the families who lost 30 schoolchildren to the earthquake in Mexico by @Paulina_VV :,injured_or_dead_people,PREP+PROPN,,ROOT_VERB:bear|PREP(of)+POBJ(families)|PREP(to)+POBJ(earthquake)|PREP(in)+POBJ(Mexico)|NER_LOC:Mexico,True,False
3/3 Tks @billmckibben Barely heard about it in #AUS. Too busy mistreating refugees from these areas to worry #CycloneMora #climatechange,not_humanitarian,PREP+PROPN,,ROOT_VERB:heard|PREP(about)+POBJ(it)|PREP(in)+POBJ(AUS)|PREP(from)+POBJ(areas),True,False
Bless Kashmir. Prayers and good thoughts after the #earthquake Pic via @head_of_toys,sympathy_and_support,,,NER_LOC:Kashmir|PREP(after)+POBJ(Pic)|PREP(via)+POBJ(@head_of_toys),False,False
"As painful images of the nations deadliest wildfire in at least a century continue to be shared, there is an outpouring of help. @WATELauraHalm talks to American Red Cross volunteers from East Tennessee whore already assisting with relief in California",rescue_volunteering_or_donation_effort,PREP+PROPN,ACTION_VERB,PREP(of)+POBJ(nations)|PREP(in)+POBJ(century)|ROOT_VERB:is|PREP(of)+POBJ(help)|PREP(to)+POBJ(volunteers),True,True
Our hearts go out to all who are involved in California fires in any capacity. No one wants their sky to look like this. #CaliforniaFires #CampFire #ParadiseLost #MalibuFire #ThousandOaksFire #Becareful,sympathy_and_support,PREP+PROPN,,ROOT_VERB:go|PREP(to)+POBJ(all)|PREP(in)+POBJ(fires)|NER_LOC:California|PREP(in)+POBJ(capacity),True,False
"Pewaukee Family, we are hosting a local supply drive for the victims of #HurricaneHarvey at Pewaukee High School, 510 Lake St, Pewaukee, WI.",other_relevant_information,PREP+PROPN,,ROOT_VERB:hosting|PREP(for)+POBJ(victims)|PREP(of)+POBJ(HurricaneHarvey)|NER_LOC:Lake|NER_LOC:St,True,False
I feel sooooo bad for the flood victims!!! These videos are sad as shit,other_relevant_information,,,ROOT_VERB:feel|PREP(for)+POBJ(victims),False,False
"Horrible, food and water hopefully are coming by the USA, not by Trumps abuse on foreign aid policy.Its Worldwide",not_humanitarian,,,ROOT_VERB:coming|PREP(by)+POBJ(USA)|NER_LOC:USA|PREP(by)+POBJ(abuse)|PREP(on)+POBJ(policy),False,False
RT @AlertNet: VIDEO: Widespread damage after deadly Ecuador earthquake,infrastructure_and_utility_damage,,,PREP(after)+POBJ(earthquake)|NER_LOC:Ecuador,False,False
A friend is getting deployed on Thurs to help Harvey victims. She wants to supply basics to those in need pls help!,rescue_volunteering_or_donation_effort,PREP+PROPN,ACTION_VERB,ROOT_VERB:deployed|PREP(on)+POBJ(Thurs)|ROOT_VERB:wants,True,True
The Latest: Irma damage reported on Georgias Tybee Island,infrastructure_and_utility_damage,,,PREP(on)+POBJ(Island)|NER_LOC:Georgias|NER_LOC:Tybee|NER_LOC:Island,False,False
"NAS Mayport has ordered evacuations starting at 8am Monday, in advance of #Hurricane #Dorian. #FLwx #jax",displaced_people_and_evacuations,PREP+PROPN,,ROOT_VERB:ordered|PREP(at)+POBJ(8)|PREP(in)+POBJ(advance)|PREP(of)+POBJ(Dorian),True,False
#HurricaneFlorence has caused mandatory evacuation along the U.S east coast.,displaced_people_and_evacuations,LOC_NOUN|PROPN+LOC_NOUN,,ROOT_VERB:caused|PREP(along)+POBJ(coast)|NER_LOC:U.S,True,False
"@NancyPelosi The people who were displaced by the Camp Fire are in a Walmart parking lot at Chico, California desparately need your help. they have been asked to leave. They have no where to go and California should be ashamed of the treatment they are not receiving.",displaced_people_and_evacuations,PREP+PROPN,ACTION_VERB,ROOT_VERB:@NancyPelosi|NER_LOC:the|NER_LOC:Camp|NER_LOC:Fire|PREP(at)+POBJ(Chico),True,True
"Fantastic work, @MarcoFabian_10! ὄF The @eintracht_eng player has been raising money for Mexicos earthquake victims ὤF἟2἟D",rescue_volunteering_or_donation_effort,,,ROOT_VERB:raising|PREP(for)+POBJ(victims)|NER_LOC:Mexicos,False,False
"Trump Approves Florida Emergency Declaration Ahead of Hurricane Dorian. The U.S. National Hurricane Center (NHC) on Aug. 30 said Dorian is a strong Category 2 storm with 110 mph winds, but it is expected to further strengthen to a Category 4",caution_and_advice,,DISTRESS_SIGNAL,ROOT_VERB:said|PREP(with)+POBJ(winds)|PREP(to)+POBJ(Category),False,True
"Exposure to mold during flood cleanup can cause respiratory illness, eye irritation &amp; skin rash. Stay safe:",caution_and_advice,,,PREP(to)+POBJ(mold)|PREP(during)+POBJ(cleanup)|ROOT_VERB:cause|ROOT_VERB:Stay,False,False
"RT @ksfynews: A convoy of trucks from North Dakota headed to Fullerton, Nebraska to help out with flood relief.",rescue_volunteering_or_donation_effort,PREP+PROPN,ACTION_VERB,PREP(of)+POBJ(trucks)|PREP(from)+POBJ(Dakota)|NER_LOC:North|NER_LOC:Dakota|PREP(to)+POBJ(Fullerton),True,True
RT @Critical_EG: To our clients and team members in Florida: CEGs thoughts and prayers are with you. Stay safe!!!,sympathy_and_support,PREP+PROPN,,PREP(in)+POBJ(Florida)|NER_LOC:Florida|ROOT_VERB:Stay,True,False
"You (people of Kerala) have shown the way to the rest of the country. ἞E἟3  ~ @RahulGandhi in his short media address after his visit to some of the 1600 relief camps sheltering 1 million people throughout the flood ravaged state of Kerala, India. #KeralaStrong #RebuildKerala",other_relevant_information,PREP+PROPN,,PREP(of)+POBJ(Kerala)|NER_LOC:Kerala|ROOT_VERB:shown|PREP(to)+POBJ(rest)|PREP(of)+POBJ(country),True,False
"IRMA: At damaged Gatorama, crocs now mingling with gators",infrastructure_and_utility_damage,PREP+PROPN,URGENCY_ADVERB,PREP(At)+POBJ(Gatorama)|PREP(with)+POBJ(gators),True,True
"684 nursing homes have a generator &amp; must have the generator onsite as a result of the state of emergency, and 3 facilities have emergency plans to evacuate if needed. #HurricaneDorian #FLPrepares @GovRonDeSantis @FLSERT",displaced_people_and_evacuations,,DISTRESS_SIGNAL|ACTION_VERB,ROOT_VERB:have|PREP(as)+POBJ(result)|PREP(of)+POBJ(state)|PREP(of)+POBJ(emergency),False,True
Our thoughts and prayers go out to all those affected by the #ItalyEarthquake. #PrayforItaly,sympathy_and_support,,,ROOT_VERB:go|PREP(to)+POBJ(those),False,False
"2 earthquakes in Japan, and now dozens dead in powerful Ecuador earthquake @CNN",injured_or_dead_people,PREP+PROPN,URGENCY_ADVERB,PREP(in)+POBJ(Japan)|NER_LOC:Japan|PREP(in)+POBJ(earthquake)|NER_LOC:Ecuador,True,True
ἰ0 Louisiana #CajunNavy. #HurricaneFlorence Water rescues if conditions allow. Toll free number is 888-372-2586. Zello Channel is LCN Emergency Response 2018.,rescue_volunteering_or_donation_effort,,DISTRESS_SIGNAL,,False,True
I hope and pray tht everyone is safe ᾓ2ᾗA I hope tht no lives are lost ὡ3 #earthquake,sympathy_and_support,,,ROOT_VERB:hope|ROOT_VERB:hope|ROOT_VERB:lost,False,False
RT @cruzrojaecuador: #Earthquake #Ecuador Our volunteers are helping affected people. We give first aid and psychosocial support .,rescue_volunteering_or_donation_effort,,,ROOT_VERB:affected|ROOT_VERB:give,False,False
".@NBCNews Meteorologist Bill Karins: Hurricane Florence weakens to a Category 2 storm, but it could still bring huge flooding to coastal areas.",caution_and_advice,,,NER_LOC:Hurricane|NER_LOC:Florence|ROOT_VERB:weakens|PREP(to)+POBJ(storm)|PREP(to)+POBJ(areas),False,False
"Donnie, STFUThats not what you said about California a few days ago. You took the side of the fire against the victims of this disaster. You blame us for not raking our dry leaves. Is Ivanka going to do a deal with China to get us rakes?",not_humanitarian,,,PREP(about)+POBJ(California)|NER_LOC:California|ROOT_VERB:took|PREP(of)+POBJ(fire)|PREP(against)+POBJ(victims),False,False
"OOC: My longtime friend @COHAlexSurfire resides in Florida, the target of #HurricaneIrma. Stay safe man. Youre in our thoughts.",sympathy_and_support,PREP+PROPN,,PREP(in)+POBJ(Florida)|NER_LOC:Florida|PREP(of)+POBJ(HurricaneIrma)|ROOT_VERB:Stay|ROOT_VERB:re,True,False
Unbelievable scenes from #Bahamas and the impact of #Dorian. So much destruction. Mother Nature is relentless #Weather #hurricane #Abaco,infrastructure_and_utility_damage,,,PREP(from)+POBJ(Bahamas)|PREP(of)+POBJ(Dorian)|NER_LOC:Abaco,False,False
"@kawalpreetdu @shahid_siddiqui @t_d_h_nair @PrabhuChawla #Kerala #KeralaFloods #KeralaFloodRelief official statement of UAE government on aid ὤ4where 700 cr 100 million ᾑ4ᾑ4ὄEὄ7ὔCὔB they will provide it to Hajis, when will you saw #Mecca received your share ὠFὠF @sagenaradamuni @ManojKureel",rescue_volunteering_or_donation_effort,,,ROOT_VERB:@PrabhuChawla|PREP(of)+POBJ(government)|PREP(on)+POBJ(aid)|PREP(to)+POBJ(Hajis),False,False
PA will help Puerto Rico in whatever way we can. I encourage all PA’ians who are able to donate to #Maria relief.,rescue_volunteering_or_donation_effort,PREP+PROPN,ACTION_VERB,ROOT_VERB:help|NER_LOC:Puerto|NER_LOC:Rico|PREP(in)+POBJ(way)|ROOT_VERB:encourage,True,True
@realkashmirfc @GokulamKeralaFC @CMOKerala @KeralaBlasters Thank you kashmir brothers and Sisters. Plz prayer for kerala #KeralaFloodRelief #KeralaFloods,sympathy_and_support,,,ROOT_VERB:Thank|PREP(for)+POBJ(kerala),False,False
RT @MonaBleick: California wildfire victims will face unique challenges finding new housing,infrastructure_and_utility_damage,,,NER_LOC:California|ROOT_VERB:face,False,False
Grateful to NC State hosting overflow parking for #cgffn17: Gate C off Trinity. Shuttle buses start running at 5pm (thank you volunteers!),rescue_volunteering_or_donation_effort,,,PREP(for)+POBJ(#)|ROOT_VERB:start|PREP(at)+POBJ(pm),False,False
RT @LDComputers: You can help! Donate to @redcrosscanada Alberta Wildfire relief in store or online,rescue_volunteering_or_donation_effort,PREP+PROPN,ACTION_VERB,ROOT_VERB:help|ROOT_VERB:Donate|PREP(to)+POBJ(relief)|PREP(in)+POBJ(store),True,True
For Houston area updates on Hurricane Harvey including helpful emergency information please click the link below.,requests_or_urgent_needs,LOC_NOUN|PROPN+LOC_NOUN,DISTRESS_SIGNAL,PREP(For)+POBJ(area)|NER_LOC:Houston|ROOT_VERB:updates|PREP(on)+POBJ(Harvey)|PREP(including)+POBJ(information),True,True
Saying a prayer for all those who need help and working to put these fires out!,sympathy_and_support,,NEED+RESOURCE|ACTION_VERB,ROOT_VERB:Saying|PREP(for)+POBJ(those),False,True
#KeralaFloods: This elderly couple along with the support of their son cooked food to feed 1000 flood victims daily. ὤF #Respect #India #KeralaFloodRelief #KeralaDonationChallenge #KeralaFloodReliefFund #keralarescue #ThursdayThoughts #Thursday,rescue_volunteering_or_donation_effort,,,PREP(of)+POBJ(son)|ROOT_VERB:cooked|ROOT_VERB:Respect,False,False
#HinduTemples with #Kerala #Guruvayur Sri Krishna Temple donated Rs 5 Crore 37 Lakhs for the #KeralaFloodRelief ὤFὤF #TempleConnect #KeralaFloods  Your Devotional Connect Online,rescue_volunteering_or_donation_effort,,,ROOT_VERB:donated|PREP(for)+POBJ(KeralaFloodRelief),False,False
Before and after VIIRS images of Puerto Rico show the devastation of Hurricane #Maria. Donate to the @RedCross here:,rescue_volunteering_or_donation_effort,,ACTION_VERB,PREP(of)+POBJ(Rico)|NER_LOC:Puerto|NER_LOC:Rico|ROOT_VERB:show|PREP(of)+POBJ(Maria),False,True
@FatalQuinte Hopefully Irma kills herself before it gets to that point.,injured_or_dead_people,,,ROOT_VERB:kills|PREP(to)+POBJ(point),False,False
"RT @ConvoyofHope: Severe flooding in Sri Lanka has affected more than 150,000 families — we are responding! ὏7: @Tharaka_ at @AP .",rescue_volunteering_or_donation_effort,PREP+PROPN,,PREP(in)+POBJ(Lanka)|NER_LOC:Sri|NER_LOC:Lanka|ROOT_VERB:responding,True,False
RT @KeerthySKfanzz: Our @KeerthyOfficial donated 10 lakhs rupees for #KeralaFloodRelief @CMOKerala #doforkerala,rescue_volunteering_or_donation_effort,,,ROOT_VERB:donated|PREP(for)+POBJ(KeralaFloodRelief),False,False
"The wildfire has killed at least 71 people, with the number climbing daily.",injured_or_dead_people,PREP+PROPN,,ROOT_VERB:killed,True,False
"@Wamagaisa this is why there is so much more heartbreaking effects and damage is yet to be realised. According to these guys, 200+/- bodies of those that ddnt use the rope to leave ths Police base were washed away. But #zbc is saying 98 pple died.",injured_or_dead_people,,,PREP(to)+POBJ(guys)|PREP(of)+POBJ(those)|ROOT_VERB:washed|ROOT_VERB:saying,False,False
@HEEMZS Hurricane Harvey and the damage to oil refineries,infrastructure_and_utility_damage,,,PREP(to)+POBJ(refineries),False,False
RT @Refugees: #EcuadorEarthquake: We launch major emergency aid airlift from Copenhagen  Pic:EPA/J.Jacome .,rescue_volunteering_or_donation_effort,PREP+PROPN,DISTRESS_SIGNAL,PREP(from)+POBJ(Pic),True,True
Will Trump speak first about the heroic National Guardsman who gave his life trying to soave a civilian from the Maryland floods? Or Roseanne and political correctness? Hmmmmm,not_humanitarian,PREP+PROPN,,ROOT_VERB:speak|PREP(about)+POBJ(Guardsman)|PREP(from)+POBJ(floods)|NER_LOC:Maryland|NER_LOC:Hmmmmm,True,False
"If you are parents/fans coming to home games this weekend, we will gladly take water donations to help those in need in Texas. @GodsPitCrew",rescue_volunteering_or_donation_effort,PREP+PROPN,ACTION_VERB,PREP(to)+POBJ(games)|ROOT_VERB:take|PREP(in)+POBJ(Texas)|NER_LOC:Texas|ROOT_VERB:@GodsPitCrew,True,True
From a Sabres fan in Florida. Our thoughts go out to all in the path of #HurricaneIrma. Be safe!,other_relevant_information,PREP+PROPN,,PREP(in)+POBJ(Florida)|NER_LOC:Florida|ROOT_VERB:go|PREP(to)+POBJ(all)|PREP(in)+POBJ(path),True,False
RT @malaysiakini: Ecuador quake death toll rises to 350 as EU offers 1 million in aid,injured_or_dead_people,PREP+PROPN,,NER_LOC:Ecuador|ROOT_VERB:rises|PREP(to)+POBJ(350),True,False
DETAILS: #Evacuation order issued for those within the radius of the potential #explosion  #HurricaneHarvey #Texas,displaced_people_and_evacuations,,,PREP(for)+POBJ(those)|PREP(of)+POBJ(Texas)|NER_LOC:Texas,False,False
RT @Daily_Express: Hurricane Irma pictures LIVE: Shocking damage and destruction as Irma hits Caribbean,infrastructure_and_utility_damage,,,ROOT_VERB:LIVE|NER_LOC:Irma|NER_LOC:Caribbean,False,False
"guys, please keep the people of mozambique, zimbabwe and malawi in your du’aas, there’s been rapid and deadly flooding due to cyclone winds and nearly two million people have been severely impacted",sympathy_and_support,PREP+PROPN,,PREP(of)+POBJ(mozambique)|PREP(in)+POBJ(du’aas)|ROOT_VERB:impacted,True,False
"Additional crews from Alabama, Virginia, and Tennessee are here or in route to assist us in restoration efforts. To report an outage, call 1-800-794-4423. #HurricaneFlorence #CoopStrong",rescue_volunteering_or_donation_effort,PREP+PROPN,ACTION_VERB,PREP(from)+POBJ(Alabama)|NER_LOC:Alabama|NER_LOC:Virginia|NER_LOC:Tennessee|PREP(in)+POBJ(efforts),True,True
News: Dorian could strengthen to a category 4 before making landfall”. Florida has declared a state of emergency” FAMU:,caution_and_advice,,DISTRESS_SIGNAL,ROOT_VERB:strengthen|PREP(to)+POBJ(category)|NER_LOC:Florida|ROOT_VERB:declared|PREP(of)+POBJ(emergency),False,True
Bus driver from heaven rescued nearly two dozen young children from California wildfire,rescue_volunteering_or_donation_effort,PREP+PROPN,,PREP(from)+POBJ(heaven)|ROOT_VERB:rescued|PREP(from)+POBJ(wildfire)|NER_LOC:California,True,False
"All our utility companies are part of the mutual assistance network. We wish @PECOconnect, @PepcoConnect, @DelmarvaConnect and @ACElecConnect employees a safe journey as they help areas affected by #HurricaneDorian. Learn more about mutual assistance:",other_relevant_information,,ACTION_VERB,PREP(of)+POBJ(network)|ROOT_VERB:wish|ROOT_VERB:Learn,False,True
@jakepaul Hurricane Harvey wont stop these kids. Please give them a RT or shout out. Thanks for ur help.,requests_or_urgent_needs,,ACTION_VERB,ROOT_VERB:stop|ROOT_VERB:give|NER_LOC:RT|PREP(for)+POBJ(help),False,True
"Ἳ0 JACKPOT! We’ve hit the motherload! Over (20) cases of Singlecut greatness, including their HIGHEST RATED beer to date IN CANS: ὒ5 All That Is Now | Double Dry-hopped Imperial IPA |",not_humanitarian,PREP+PROPN,URGENCY_ADVERB,ROOT_VERB:hit|PREP(Over)+POBJ(cases)|PREP(of)+POBJ(greatness)|PREP(including)+POBJ(beer)|PREP(to)+POBJ(date),True,True
Property owners urged to file insurance claims for #HurricaneHarvey now — and what that new Sept 1 law means  #SATX,other_relevant_information,,URGENCY_ADVERB,ROOT_VERB:urged|PREP(for)+POBJ(HurricaneHarvey),False,True
Hurricane Maria bringing dangerous surf conditions to the Cape Fear #ncwx #scwx,caution_and_advice,,,ROOT_VERB:bringing|PREP(to)+POBJ(#),False,False
RT @Dave_Khan: Another reason not to donate to Ezra Levants Rebel cynical donation drive. Individual donations only are matched.,rescue_volunteering_or_donation_effort,,ACTION_VERB,PREP(to)+POBJ(drive)|ROOT_VERB:matched,False,True
"With the trend of events, its best if all homes own boats. #HurricaneHarvey #HurricaneHarvy #hurricane",other_relevant_information,,,PREP(of)+POBJ(events),False,False
Zim cricket star @SRazaB24 donates to #cycloneidai efforts  #3mob,rescue_volunteering_or_donation_effort,,,PREP(to)+POBJ(efforts),False,False
"@andymartinez105 @andersoncooper @CNN @seanhannity @SaraCarterDC @IngrahamAngle @greggutfeld The photo is from Hurricane Ike, not Hurricane Florence, and Anderson was demonstrating how the water can be surprisingly deep in certain areas.",other_relevant_information,PREP+PROPN,,ROOT_VERB:@CNN|NER_LOC:Hurricane|NER_LOC:Florence,True,False
Unofficially we are all goth dancing at Fleetwoods to scare #HurricaneFlorence away. Come out and dance before your power goes out and your basement floods! #asheville @sonnyfalls @mammabearmusic,other_relevant_information,PREP+PROPN,,PREP(at)+POBJ(Fleetwoods)|ROOT_VERB:Come,True,False
"Quick report from Fremont #Nebraska today! Humbled to see this amazing community working together to support their neighbors happy @WCKitchen has been able to do our part. Need is slowly going down, which is a good sign of the recovery after the floods here! #ChefsForNebraska",sympathy_and_support,PREP+PROPN,URGENCY_ADVERB|ACTION_VERB,PREP(from)+POBJ(Nebraska)|NER_LOC:Fremont|NER_LOC:Nebraska|ROOT_VERB:going|PREP(of)+POBJ(recovery),True,True
"This was taking in Aguadilla, my heart is in pieces hoping &amp; praying that my people make it out alive. #PrayForPuertoRico #HurricaneMaria",sympathy_and_support,PREP+PROPN,,PREP(in)+POBJ(Aguadilla)|NER_LOC:Aguadilla,True,False
"RT @NotiUno: Hurricane Maria damaged Guajataca Dam, which is in imminent danger of failing built by Army Corps of Engineers in 1929 - @he",infrastructure_and_utility_damage,PREP+PROPN,,ROOT_VERB:damaged|NER_LOC:Guajataca|NER_LOC:Dam|PREP(of)+POBJ(failing)|PREP(in)+POBJ(1929),True,False
Getting ready for Hurricane Dorian!!!! Generator and a rainproof generator tent!!! Sure hope we dont have to use this but nice to have it just in case we do. This is strongest storm that I can remember hitting us. We could be without power for days. ὢ5,other_relevant_information,PREP+PROPN,,ROOT_VERB:Getting|ROOT_VERB:hope|PREP(in)+POBJ(case)|PREP(for)+POBJ(days),True,False
We should’ve used leaf blowers to blow Dorian in the direction of the Amazon so the rain could put the fires out,not_humanitarian,PREP+PROPN,,ROOT_VERB:’ve|PREP(in)+POBJ(direction)|PREP(of)+POBJ(Amazon),True,False
RT @itimestweets: .@iHrithik &amp; #ChiyaanVikram also come forward to help victims of #KeralaFloods.,rescue_volunteering_or_donation_effort,,ACTION_VERB,ROOT_VERB:come|PREP(of)+POBJ(KeralaFloods),False,True
ἷ4 Window is up! Were at Federated Building until 10:00am. Details on @MobileNom,not_humanitarian,PREP+PROPN,,NER_LOC:Federated|NER_LOC:Building,True,False
Provider group: Residents Irma-related deaths not representative of profession,injured_or_dead_people,,,,False,False
Ya Allah safe Pakistan from all the evil eyes ὤFἿB #earthquake,sympathy_and_support,PREP+PROPN,,NER_LOC:Pakistan,True,False
"The POTUS did not enter flood waters, no POTUS would be allowed to. Trump wouldnt if he were allowed. This is Brandon Smith. #Hero.",not_humanitarian,,,ROOT_VERB:allowed,False,False
#earthquake Please pray for World pray for peace ❤️ #earthquakepakistan #EarthquakeAlert #Lahore #AzadKashmir #Kashmir,sympathy_and_support,,,ROOT_VERB:pray|PREP(for)+POBJ(peace),False,False
RT @britneyspears: Keeping the people of Puerto Rico and those affected by #HurricaneMaria in my thoughts ❤️἟5἟7,sympathy_and_support,PREP+PROPN,,PREP(of)+POBJ(Rico)|NER_LOC:Puerto|NER_LOC:Rico|PREP(in)+POBJ(thoughts)|ROOT_VERB:❤,True,False
"RT @vegan: As of 2:30 a.m. we count 10,059 refugees and 189 pets (in shelters), &gt;&gt;&gt; Only 2% of Puerto Ricans have a pet?!?",other_relevant_information,PREP+PROPN,,PREP(in)+POBJ(shelters)|PREP(of)+POBJ(Ricans)|ROOT_VERB:have,True,False
"#FL Orange County, FL @OrangeCoFL will open 12 Evac shelters on Sun, Sept. 2 at 8 a.m. DO NOT arrive beforehand. View the latest info for Orange County residents at . and also be found at . #hmrd",other_relevant_information,,,NER_LOC:Orange|NER_LOC:County|ROOT_VERB:open|PREP(on)+POBJ(Sun)|PREP(at)+POBJ(a.m.),False,False
RT @YT_PartnerID: Ecuador 7.8-magnitude earthquake video #Confirmation volcan chile @News24,not_humanitarian,,,NER_LOC:Ecuador|ROOT_VERB:chile,False,False
"Camp Fire Incident Status (as of 24NOV18 08:30) Pct Contained: 95% Structures Destroyed: 13,954 res, 514 cmcl, 4,265 other Fatalities: 84 Acres: 153,336 Acft: 2 Engines: 102 Personnel: 1,628 **Project full containment o/a 30NOV ** SAR/US&amp;R/FD continue missing victim search",infrastructure_and_utility_damage,,VICTIM_STATE,ROOT_VERB:Contained|ROOT_VERB:continue,False,True
Im raising money for State of Mexico Earthquake victims. Click to Donate:  via @gofundme,rescue_volunteering_or_donation_effort,,ACTION_VERB,ROOT_VERB:raising|PREP(for)+POBJ(victims)|ROOT_VERB:Click|PREP(via)+POBJ(@gofundme),False,True
#Irma damaged thousands of homes in FL. @SamaritansPurse disaster relief teams are working to help people clean up in Naples &amp; Fort Myers.,infrastructure_and_utility_damage,PREP+PROPN,ACTION_VERB,ROOT_VERB:damaged|PREP(of)+POBJ(homes)|PREP(in)+POBJ(FL)|ROOT_VERB:working|PREP(in)+POBJ(Naples),True,True
"As of 5:30 a.m. no flooding reported on SA area roads, but rain expected thru today. Remember #TurnAroundDontDrown. #HurricaneHarvey",caution_and_advice,LOC_NOUN|PROPN+LOC_NOUN,,PREP(As)+POBJ(a.m.)|PREP(on)+POBJ(roads)|ROOT_VERB:expected|ROOT_VERB:Remember,True,False
Puerto Rico had half as many the last time it saw a hurricane this bad Biggest hurricane 90 years ago killed 5000,injured_or_dead_people,,,NER_LOC:Puerto|NER_LOC:Rico|ROOT_VERB:had,False,False
"Hurricane Harvey shows how we underestimate flooding risks in coastal cities, e.g. Mobile #Alabama, scientists say",other_relevant_information,PREP+PROPN,,PREP(in)+POBJ(cities)|NER_LOC:Alabama|ROOT_VERB:say,True,False
"#NC03 / #NC09 folks: 1. DECIDE: Evacuate or shelter in place 2. PROVIDE: Food, water, meds, fuel (for you AND your animals) 3. CONFIDE: Check on / take in the elderly, disabled, and singles 4. STEM THE TIDE: Vote Tues (or Weds latest) for @McCreadyForNC / @AllenThomas4ENC #ncpol",displaced_people_and_evacuations,PREP+PROPN,ACTION_VERB,PREP(in)+POBJ(place)|ROOT_VERB:take|PREP(for)+POBJ(ncpol),True,True
RT @NZcivildefence: The marine and beach tsunami threat warning will remain in effect until a cancellation message is issued. #eqnz,caution_and_advice,PREP+PROPN|PROPN+LOC_NOUN|LOC_NOUN,,ROOT_VERB:remain|PREP(in)+POBJ(effect),True,False
Being out of the cone DOES NOT mean you are away from the effects of #Dorian - The NHC has issued a TS Watch from Golden Bch to Deerfield Bch which is completely outside the cone. TS Warning area starts at Deerfield Bch outside the cone. Runs to Sebastian Inlet. #DorianFlorida,caution_and_advice,PREP+PROPN|PROPN+LOC_NOUN|LOC_NOUN,,ROOT_VERB:mean|PREP(of)+POBJ(NHC)|ROOT_VERB:starts|PREP(at)+POBJ(Bch)|PREP(to)+POBJ(Inlet),True,False
Enter a zip code and visualize houses &amp; infrastructures of #FortMcMurray most damaged areas #Disaster #Wildfire,infrastructure_and_utility_damage,,,ROOT_VERB:Enter|PREP(of)+POBJ(areas),False,False
Our #ERN team of emergency responders supported by @action4ifaw is busy at work on #KeralaFloodRelief See how they rescued and released a monitor lizard from behind the fridge in a kitchen,rescue_volunteering_or_donation_effort,PREP+PROPN,DISTRESS_SIGNAL,PREP(of)+POBJ(responders)|PREP(on)+POBJ(KeralaFloodRelief)|ROOT_VERB:See|PREP(in)+POBJ(kitchen),True,True
My kids wanted to do a fundraiser to help raise money for Hurricane Irma victims yesterday and I ( and some help,sympathy_and_support,,ACTION_VERB,ROOT_VERB:wanted|PREP(for)+POBJ(victims),False,True
"#sabcnews :NGO @GiftoftheGivers winding up its humanitarian mission in cyclone ravaged Mozambique after distributing 55 tons in aid and deploying 50 medics in Bizu, Mozambique and Ngangu in neighbouring Zimbabwe. One thing is clear, the impact of Idai will linger on",rescue_volunteering_or_donation_effort,PREP+PROPN,,ROOT_VERB:@GiftoftheGivers|PREP(in)+POBJ(cyclone)|PREP(in)+POBJ(aid)|PREP(in)+POBJ(Bizu)|NER_LOC:Bizu,True,False
"1)To all affected by Irma -Download Zello walkie talkie app on your phone. When you open the app, type Florida search and rescue",rescue_volunteering_or_donation_effort,,ACTION_VERB,PREP(on)+POBJ(phone)|ROOT_VERB:type|NER_LOC:Florida,False,True
The Chosen Prime – Charity Effort For Hurricane Harvey Relief  #transformers,rescue_volunteering_or_donation_effort,,,,False,False
Beware of Hurricane Harvey Relief Scams — Krebs on Security:,caution_and_advice,,,ROOT_VERB:Beware|PREP(of)+POBJ(Scams)|NER_LOC:Hurricane,False,False
No Tsunami threat to India in the wake of New Zealand quake There is no tsunami threat to,other_relevant_information,PREP+PROPN,,PREP(to)+POBJ(India)|NER_LOC:India|PREP(in)+POBJ(wake)|PREP(of)+POBJ(quake)|NER_LOC:New,True,False
RT @ATTCares: @angelito1289 We are working around the clock to help people of Puerto Rico rebuild from Hurricane Maria &amp;Irma. Please send a,rescue_volunteering_or_donation_effort,PREP+PROPN,PLEA_PATTERN|ACTION_VERB,ROOT_VERB:working|PREP(around)+POBJ(clock)|PREP(of)+POBJ(Rico)|NER_LOC:Puerto|NER_LOC:Rico,True,True
Fake Christian GOP Leader Calls Wildfires ‘God’s Punishment To Liberal California’,not_humanitarian,,,ROOT_VERB:Calls|PREP(To)+POBJ(California),False,False
Why is the food being distributed by politicians and not churches or organizations such as red cross. @nickmangwana @ZBCNewsonline @fortunechasi @daddyhope @Mamoxn @zenzele @RaphaelMakumbe @PacheduZW @Wamagaisa @ShingiMunyeza.,rescue_volunteering_or_donation_effort,,,ROOT_VERB:distributed|PREP(as)+POBJ(cross)|ROOT_VERB:@ZBCNewsonline,False,False
@PrincessBravato Hurricane Dorian could go to a category 5 hit Florida and stall as a category 5 for a month and still not do as much damage as trump has in the same amount of time.,not_humanitarian,PREP+PROPN,,ROOT_VERB:go|PREP(to)+POBJ(category)|NER_LOC:Florida|PREP(as)+POBJ(category)|PREP(for)+POBJ(month),True,False
Kerala did not send a single rupee as aid to Uttarakhand though both were in UPA rule. KERALA DID DONATE 5 crores for Pakistan flood aid. UK despite being under BJP now send Rs 5 crores to Kerala. Thats how communism works in India. Much maligned Hindu terrorists to rescue.,rescue_volunteering_or_donation_effort,PREP+PROPN,URGENCY_ADVERB|ACTION_VERB,NER_LOC:Kerala|ROOT_VERB:send|PREP(as)+POBJ(aid)|PREP(to)+POBJ(Uttarakhand)|ROOT_VERB:DONATE,True,True
"#HurricaneDorian #Messiah @LouisFarrakhan warns Right now Allah is whipping EVERYBODY on our planet, little by little, with weather (#rain, hail, #snow,#earthquakes, #fire and water, #tornadoes,",other_relevant_information,,URGENCY_ADVERB,ROOT_VERB:warns|PREP(on)+POBJ(planet)|PREP(by)+POBJ(little)|PREP(with)+POBJ(weather),False,True
A big ὄFἿD for @ndtv for helping #KeralaFloodRelief via Telethon. This is what airwaves are meant for. To help Indians in need.,rescue_volunteering_or_donation_effort,PREP+PROPN,ACTION_VERB,PREP(for)+POBJ(@ndtv)|PREP(via)+POBJ(Telethon)|PREP(for)+POBJ(what)|ROOT_VERB:help|PREP(in)+POBJ(need),True,True
@akshaykumar Sir Bihar has gone 5-10 years behind this years flood. Can you help some of us people? I am not writing this alone by the people of Bihar.,other_relevant_information,,ACTION_VERB,ROOT_VERB:gone|PREP(behind)+POBJ(years)|ROOT_VERB:help|ROOT_VERB:writing|PREP(by)+POBJ(people),False,True
"Ὢ8Update: The Death Toll has risen to 59 confirmed Dead Statewide in the California Wildfires. Over 9,235 Homes, Buildings/Structures are Destroyed. Hundreds of Thousands Woods,Forests,Land,&amp; Areas Burnt/Ravaged. Countless Number of Wildlife &amp; Pets Burnt Alive. New Fires Growing.",injured_or_dead_people,PREP+PROPN,,ROOT_VERB:risen|PREP(to)+POBJ(59)|NER_LOC:California|ROOT_VERB:Destroyed|PREP(of)+POBJ(Woods),True,False
If you are disabled and live in a hurricane evacuation zone and require transportation assistance for reaching a shelter call Palm Tran Connection for the Special Transportation Assistance Program (561)649-9848 or (877)870-9849 #HurricaneDorian #PalmBeachCounty,displaced_people_and_evacuations,PREP+PROPN|PROPN+LOC_NOUN|LOC_NOUN,ACTION_VERB,PREP(in)+POBJ(zone),True,True
"PLEASE RETWEET: Mutare residents, at least 200 volunteers are needed on Thursday morning to help with packing and loading care packages to be sent to Chimanimani. Heres where you need to go: 18°5826.8S 32°3919.2E",rescue_volunteering_or_donation_effort,PREP+PROPN,ACTION_VERB,ROOT_VERB:needed|PREP(on)+POBJ(morning)|PREP(to)+POBJ(Chimanimani)|NER_LOC:Chimanimani,True,True
Continuing to pray for victims and their families of the devastating earthquake in Mexico CityὤFἿB #prayformexico #outreach #rescue,sympathy_and_support,PREP+PROPN,ACTION_VERB,ROOT_VERB:Continuing|PREP(for)+POBJ(victims)|PREP(of)+POBJ(earthquake)|PREP(in)+POBJ(Mexico),True,True
"Irish man Brian OCallaghan-Westropp who went missing during the worst wildfires to hit Greece in more than a decade has died, his family has confirmed.",injured_or_dead_people,PREP+PROPN,VICTIM_STATE,PREP(during)+POBJ(wildfires)|NER_LOC:Greece|PREP(in)+POBJ(decade)|ROOT_VERB:confirmed,True,True
#HurricaneDorian2019 Adding the hashtag. Please donate to help Wings of Rescue get animals out of harms way. Thanks. #TheResistance,rescue_volunteering_or_donation_effort,,ACTION_VERB,ROOT_VERB:Adding|ROOT_VERB:donate,False,True
"If U want 2go under the radar, deal w any type of chemicals, A state that DOESNOT have MANDATORY FIRE ALARMS IN BUILDINGS, HAVE BIZ IN TEXAS",other_relevant_information,PREP+PROPN,,PREP(under)+POBJ(radar)|ROOT_VERB:deal|PREP(of)+POBJ(chemicals)|NER_LOC:BIZ|NER_LOC:TEXAS,True,False
"Almost forgot: Happy New #WaterYear! 2017 is now in the books. From Matthew to Maria, a year to remember for tropical storm-related flooding",not_humanitarian,PREP+PROPN,URGENCY_ADVERB,NER_LOC:Maria|PREP(for)+POBJ(flooding),True,True
"The most extreme damage was from Sugarloaf Key to Marathon. The massive surge caused significant damage there, along with the winds. #Irma",infrastructure_and_utility_damage,PREP+PROPN,,ROOT_VERB:caused,True,False
RT @EricHolthaus: Two one-thousand-year floods -- in two years -- in the same town in Maryland.,other_relevant_information,PREP+PROPN|PROPN+LOC_NOUN|LOC_NOUN,,PREP(in)+POBJ(years)|PREP(in)+POBJ(town)|PREP(in)+POBJ(Maryland)|NER_LOC:Maryland,True,False
RT @IBTimes: This interactive map shows the damage Puerto Rico suffered during Hurricane Maria,infrastructure_and_utility_damage,,,NER_LOC:Puerto|NER_LOC:Rico|PREP(during)+POBJ(Maria),False,False
I added a video to a @YouTube playlist  Jamie Foxx &amp; Taron Egerton discuss California fires at Robin Hood,not_humanitarian,PREP+PROPN,,ROOT_VERB:added|PREP(to)+POBJ(Foxx)|NER_LOC:California|PREP(at)+POBJ(Hood),True,False
Help us support those impacted by Hurricanes Irma and Harvey Here’s how to donate:,rescue_volunteering_or_donation_effort,,ACTION_VERB,ROOT_VERB:Help,False,True
Fort McMurray teen rides horse out from wildfire evacuation: When the flames approached and Jada Polem had to,displaced_people_and_evacuations,PREP+PROPN,,NER_LOC:Fort|NER_LOC:McMurray|PREP(from)+POBJ(evacuation)|ROOT_VERB:had,True,False
Learning to live w/ water: Mississippi River mayors agree to use wetlands/ parks to reduce flood damage.  #MRCTI,other_relevant_information,LOC_NOUN|PROPN+LOC_NOUN,,NER_LOC:Mississippi|NER_LOC:River|ROOT_VERB:agree,True,False
Hurricane Irma: UK overseas territories not eligible for foreign aid,other_relevant_information,,,NER_LOC:UK,False,False
RT @ukbizz: Hurricane Irma kills eight on Saint Martin as it pounds Caribbean  #UK #UKBiz,injured_or_dead_people,,,ROOT_VERB:kills|PREP(on)+POBJ(Martin)|NER_LOC:UK,False,False
this man used this 14 foot aluminum boat to rescue people out of their homes when they were flooded at least 5 feet during hurricane Irma he’s preparing to do the same thing for Dorian.,rescue_volunteering_or_donation_effort,PREP+PROPN,ACTION_VERB,ROOT_VERB:used|PREP(during)+POBJ(Irma)|PREP(for)+POBJ(Dorian),True,True
Ice hockey match raises funds for the victims of wildfire in Canada,rescue_volunteering_or_donation_effort,PREP+PROPN,,ROOT_VERB:raises|PREP(for)+POBJ(victims)|PREP(of)+POBJ(wildfire)|PREP(in)+POBJ(Canada)|NER_LOC:Canada,True,False
RT @Vision2020Info: Several organisations are helping out with rebuilding after Kerala Floods. Great service,rescue_volunteering_or_donation_effort,,,ROOT_VERB:helping|PREP(with)+POBJ(rebuilding)|PREP(after)+POBJ(Floods),False,False
"Kerala has 26.56% muslim population The real sacrifice would have been instead of sacrificing animal, donating money used for buying animal to rebuild life of Muslims affected by flood in Kerala",rescue_volunteering_or_donation_effort,PREP+PROPN,,NER_LOC:Kerala|ROOT_VERB:has|PREP(of)+POBJ(Muslims)|PREP(in)+POBJ(Kerala)|NER_LOC:Kerala,True,False
"#earthquake Update: Death Toll rises to 19 as per Unconfirmed reports from local sources in AJK. One casualty also reported from Jehlum, Punjab.",injured_or_dead_people,PREP+PROPN,,ROOT_VERB:rises|PREP(to)+POBJ(19)|PREP(from)+POBJ(sources)|PREP(in)+POBJ(AJK)|ROOT_VERB:reported,True,False
Sobering thought seeing the damage in Wellington how lucky it was midnight Wouldve been fatalities if this was during business hours. #eqnz,infrastructure_and_utility_damage,PREP+PROPN,,PREP(in)+POBJ(Wellington)|NER_LOC:Wellington,True,False
Help after Irma-- Have serious damage to your home or property &amp; need FEMA assistance? How you can speak to a rep face to face.@wjxt4,infrastructure_and_utility_damage,,ACTION_VERB,PREP(after)+POBJ(Irma--)|PREP(to)+POBJ(home)|ROOT_VERB:need|ROOT_VERB:speak|PREP(to)+POBJ(face),False,True
Hyderabad: The power utilities of Telangana State on Tuesday sent electricity supply material worth Rs 2.5 crore to flood-hit Kerala to help the State in restoring power in the worst flood-hit areas. Energy Minister P Jagadish Reddy on Tuesday flagged off a convoy of 17 trucks,rescue_volunteering_or_donation_effort,PREP+PROPN,ACTION_VERB,PREP(of)+POBJ(State)|PREP(on)+POBJ(Tuesday)|ROOT_VERB:sent|NER_LOC:Kerala|PREP(in)+POBJ(areas),True,True
Now #dorian is one of the strongest hurricanes in modern history. This is getting real for #SC and Edisto Beach. A reminder of damage here from Hurricane Matthew- as a Cat 1 -non-direct hit. #HurricaneDorian2019 Be prepared! Please don’t leave pets behind!,caution_and_advice,PREP+PROPN|PROPN+LOC_NOUN|LOC_NOUN,URGENCY_ADVERB,PREP(in)+POBJ(history)|ROOT_VERB:getting|PREP(for)+POBJ(Beach)|NER_LOC:Edisto|NER_LOC:Beach,True,True
"Wow, this whole time I thought Katrina affected hundreds of thousands of people but I guess it was just one clothing store",other_relevant_information,,,ROOT_VERB:thought|PREP(of)+POBJ(people)|ROOT_VERB:guess,False,False
For Florida residents evacuating and who cant afford lodging. 👇🏻 #HurricaneIrma,displaced_people_and_evacuations,,,NER_LOC:Florida|ROOT_VERB:evacuating|ROOT_VERB:🏻,False,False
"Bronze-medallist Seema Punia to donate #AsianGames2018 pocket money for #KeralaFloods2018 victims, asks others to do same",rescue_volunteering_or_donation_effort,,ACTION_VERB,ROOT_VERB:donate|PREP(for)+POBJ(victims),False,True
Supplies to be sent to Puerto Rican victims of Hurricane Maria #NewBritain,rescue_volunteering_or_donation_effort,,,ROOT_VERB:sent|PREP(of)+POBJ(NewBritain),False,False
Tourists were stranded in Hurricane Irma after a rescue ship belonging to the Marriott hotel chain didnt allow non-hotel guests to board,rescue_volunteering_or_donation_effort,PREP+PROPN,VICTIM_STATE|ACTION_VERB,ROOT_VERB:stranded|PREP(in)+POBJ(Irma)|PREP(to)+POBJ(chain)|NER_LOC:Marriott,True,True
Praying for everyone affected by the New Zealand earthquakes. God be with you all. #eqnz #Prayers,sympathy_and_support,,,ROOT_VERB:Praying|PREP(for)+POBJ(everyone)|NER_LOC:New|NER_LOC:Zealand|ROOT_VERB:be,False,False
East Meck HS is one of the schools opening as an emergency shelter for Hurricane Florence evacuees. Well have team coverage on the storms impact ahead at 5 a.m. on @wsoctv !,displaced_people_and_evacuations,,DISTRESS_SIGNAL,PREP(as)+POBJ(shelter)|PREP(for)+POBJ(evacuees)|ROOT_VERB:have|PREP(on)+POBJ(impact)|PREP(at)+POBJ(a.m.),False,True
"The result of 185 mph winds, flooding rain and storm surge. Terrifying. The Bahamas are going to need the help of individuals, companies, NGO’s and Nations. This is not us and them. America becomes stronger and more united when our nation helps those in need.",caution_and_advice,PREP+PROPN,ACTION_VERB,PREP(of)+POBJ(winds)|NER_LOC:Bahamas|ROOT_VERB:going|PREP(of)+POBJ(individuals)|NER_LOC:America,True,True
"⚡️#Moments: #Tennessee #TruckDriver rescued 64 #shelter #animals on #SchoolBus during #HurricaneFlorence Last week #TonyAlsup #rescued 53 #dogs 11 #cats from #SouthCarolina #shelters expected to be affected by #Hurricane #Florence, drove then to #Alabama",rescue_volunteering_or_donation_effort,,,ROOT_VERB:rescued|PREP(on)+POBJ(SchoolBus)|PREP(during)+POBJ(HurricaneFlorence)|PREP(from)+POBJ(shelters)|PREP(to)+POBJ(Alabama),False,False
New Earthquake Shakes Mexico City as Death Toll Climbs to 305  #news,injured_or_dead_people,LOC_NOUN|PROPN+LOC_NOUN,,ROOT_VERB:Shakes|NER_LOC:Mexico|NER_LOC:City,True,False
Joined by @bhensonweather of @wunderground to discuss weather conditions surrounding the Fort McMurray wildfire #ymmfire #FortMacFire,other_relevant_information,,,ROOT_VERB:Joined|NER_LOC:Fort|NER_LOC:McMurray,False,False
Donate to help bring relief to victims of Irma &amp; Harvey Hurricanes. #irma #harvey #hurricanerelief,rescue_volunteering_or_donation_effort,,ACTION_VERB,ROOT_VERB:Donate|PREP(of)+POBJ(Irma),False,True
"One plane with Hurricane Maria evacuees lands in Shreveport, more to come",displaced_people_and_evacuations,PREP+PROPN,,PREP(with)+POBJ(evacuees)|ROOT_VERB:lands|PREP(in)+POBJ(Shreveport)|NER_LOC:Shreveport,True,False
"DONATE NOW: There is a rush to get supplies to areas hit hardest by #HurricaneFlorence, that includes blood. About 170 blood drives were cancelled due to the storm. Find out how you can help ➡️",rescue_volunteering_or_donation_effort,,URGENCY_ADVERB|ACTION_VERB,ROOT_VERB:is|PREP(to)+POBJ(areas)|ROOT_VERB:cancelled|ROOT_VERB:Find,False,True
@CoralSpringsFL Will the city be providing flood barriers or sandbags to protect our homes against flooding?,other_relevant_information,LOC_NOUN|PROPN+LOC_NOUN,,ROOT_VERB:providing|PREP(against)+POBJ(flooding),True,False
Damage Repair Resulting From #HurricaneHarvey Projected At $160 Billion  by @MaryScottNabers @myspi,other_relevant_information,,,PREP(From)+POBJ(HurricaneHarvey)|ROOT_VERB:Projected|PREP(At)+POBJ(Billion),False,False
"Right, Ivanka, why didnt you get daddy to help the people in disaster areas instead of ranting about NFL? Too bad youre not helping.",not_humanitarian,PREP+PROPN,ACTION_VERB,PREP(in)+POBJ(areas)|PREP(about)+POBJ(NFL)|ROOT_VERB:helping,True,True
RT @FOXNashville: NASA has released footage of Hurricane Dorian as it moved over the Atlantic Ocean on Sunday.  http,other_relevant_information,,,ROOT_VERB:released|PREP(of)+POBJ(Dorian)|PREP(over)+POBJ(Ocean)|NER_LOC:the|NER_LOC:Atlantic,False,False
Scarce fuel and electricity. Erratic food delivery. Destroyed schools. A Caribbean island starts over after Irma.,infrastructure_and_utility_damage,,,NER_LOC:Caribbean|ROOT_VERB:starts,False,False
There was obviously supposed to be an evacuation in the #Bahamas. #HurricaneDorian2019 #HurricaneDorian,displaced_people_and_evacuations,PREP+PROPN,,ROOT_VERB:supposed|PREP(in)+POBJ(Bahamas)|ROOT_VERB:HurricaneDorian2019,True,False
I have been to the Bahamas dozens of times. The people there are the absolute loveliest. Theyve welcomed the whole world to find respite on their shores. Say a prayer for them tonight. The damage that Hurricane Dorian has caused is heartbreaking. #PrayForTheBahamas,sympathy_and_support,,,NER_LOC:Bahamas|PREP(of)+POBJ(times)|ROOT_VERB:welcomed|PREP(on)+POBJ(shores)|ROOT_VERB:Say,False,False
RT @mtfarnsworth: Americans in Puerto Rico are without power and without supplies.,other_relevant_information,PREP+PROPN,,NER_LOC:Puerto|NER_LOC:Rico,True,False
#earthquake. 22 people lost life including an army soldier while 160 people got injured. Three communication bridges near Jatlan damaged. Road Jatlan-Mangla settled at multiple locations rendering it unusable. No damage to Mangla Dam reported. #ISPR #Pakistan #Mirpur #Kashmir,injured_or_dead_people,PREP+PROPN|LOC_NOUN,VICTIM_STATE,ROOT_VERB:lost|PREP(including)+POBJ(soldier)|PREP(near)+POBJ(Jatlan)|NER_LOC:Jatlan|ROOT_VERB:damaged,True,True
"RT @VeraMBergen: At least 71 people have died, more than 1,000 others are missing, and more than 12,200 structures have burned down",injured_or_dead_people,PREP+PROPN,VICTIM_STATE,ROOT_VERB:missing,True,True
Good advice from Rick Wilson #Floridians #HurricaneDorian,caution_and_advice,PREP+PROPN,,PREP(from)+POBJ(Wilson),True,False
We all want to help those who have suffered in a disaster. Heres how to do it best:  #HurricaneIrma,rescue_volunteering_or_donation_effort,PREP+PROPN,ACTION_VERB,ROOT_VERB:want|PREP(in)+POBJ(disaster),True,True
"Where to Donate for Hurricanes Harvey, Irma &amp; Maria /Earthquake Relief - StudentWebCafe  via @studentwebcafe",rescue_volunteering_or_donation_effort,,ACTION_VERB,ROOT_VERB:Donate|PREP(for)+POBJ(Harvey)|PREP(via)+POBJ(@studentwebcafe),False,True
Excellent use of the @abcnews before-after sliders to show the extent of the damage caused in Paradise by the recent #CampFire in California. Fine work by @cristentilley and @tim_leslie,infrastructure_and_utility_damage,PREP+PROPN,,PREP(of)+POBJ(@abcnews)|PREP(of)+POBJ(damage)|PREP(in)+POBJ(Paradise)|NER_LOC:Paradise|NER_LOC:California,True,False
"Home repair supplies after Irma. 🏠 (@ The @HomeDepot in North Miami Beach, FL)",other_relevant_information,PREP+PROPN|PROPN+LOC_NOUN|LOC_NOUN,,PREP(after)+POBJ(Irma)|NER_LOC:Irma|PREP(in)+POBJ(Beach)|NER_LOC:North|NER_LOC:Miami,True,False
Seeing the sun burst through the flooding is a very welcome sign. #Harvey #KHOU11 @khou,other_relevant_information,,,PREP(through)+POBJ(flooding),False,False
"People say to pray for Haiti/Jamaica because of Hurricane Matthew, but they get hit every year so all this praying aint even working. #js",sympathy_and_support,,,ROOT_VERB:say|PREP(for)+POBJ(Jamaica)|NER_LOC:Haiti|NER_LOC:Jamaica|PREP(because)+POBJ(Matthew),False,False
Roads along Peringalkuthu dam gets damaged  #KeralaFloods2018,infrastructure_and_utility_damage,,,PREP(along)+POBJ(dam)|ROOT_VERB:damaged,False,False
Our teams are now on the ground in Greece where wildfires have killed at least 60 people. Follow @marklowen @jreybbc @GavinLeeBBC @KallergisK @kkoukoumakas @julianmig for latest,injured_or_dead_people,PREP+PROPN,URGENCY_ADVERB,NER_LOC:Greece|ROOT_VERB:Follow|PREP(for)+POBJ(latest),True,True
There is no night so long that it prevents the sun from rising. #earthquake #terremoto #ItalyEarthquake #PrayForItaly,sympathy_and_support,PREP+PROPN,,ROOT_VERB:is,True,False
MFR is responding to help those flooded by #HurricaneHarvey. Help support search and rescue + recovery efforts:,rescue_volunteering_or_donation_effort,,ACTION_VERB,ROOT_VERB:responding|ROOT_VERB:Help,False,True
"RT nytimes: Even in a state hardened to the ravages of wildfires, the infernos that raged at both ends of California on Friday were overpowering.",other_relevant_information,PREP+PROPN,,ROOT_VERB:nytimes|PREP(in)+POBJ(state)|PREP(to)+POBJ(ravages)|PREP(of)+POBJ(wildfires)|PREP(at)+POBJ(ends),True,False
"RT @EnriqueSoto8: Dear friends, I started a fundraiser to help patients with cancer affected by Mexicos earthquake, anything helps! :",rescue_volunteering_or_donation_effort,,ACTION_VERB,PREP(with)+POBJ(cancer)|ROOT_VERB:helps,False,True
"@AlanSims3 @JuddLegum i volunteered to create survival kits for people affected by the mexico earthquake and trust me, that’s nothing, not even close to enough",rescue_volunteering_or_donation_effort,,,ROOT_VERB:volunteered|PREP(for)+POBJ(people)|NER_LOC:mexico,False,False
"Hurricane Maria has devastated Puerto Rico ἟5἟7. To help, please make a donation to Hispanic Federation:  Thank you.",rescue_volunteering_or_donation_effort,,ACTION_VERB,ROOT_VERB:devastated|PREP(to)+POBJ(Federation)|ROOT_VERB:Thank,False,True
"@GodsPitCrew, who we partnered with heavily after Hurricane Harvey, is on site in Maryland to provide much-needed relief and supplies! Continue to pray for the communities impacted by this recent flooding. #HandOfHope #GiveHope #ShareChristLovePeople",rescue_volunteering_or_donation_effort,PREP+PROPN,,PREP(after)+POBJ(Harvey)|PREP(in)+POBJ(Maryland)|NER_LOC:Maryland|ROOT_VERB:Continue|PREP(for)+POBJ(communities),True,False
Incredible photos of the damage caused by this mornings 7.5 earthquake,infrastructure_and_utility_damage,,,PREP(of)+POBJ(damage),False,False
"#DSTRDamage I, #infrastructure - dams, bridges &amp; roads Destr",other_relevant_information,,,,False,False
RT @PDChina: Update: Italian Premier Matteo Renzi says death toll from #ItalyEarthquake rises to 120.,injured_or_dead_people,,,ROOT_VERB:says|PREP(from)+POBJ(ItalyEarthquake)|PREP(to)+POBJ(120),False,False
RT @EnigmaticUma: We r donating free service in hospital n Defence .. i mean our family .. i m lil sick dr advised rest n healthy food http,rescue_volunteering_or_donation_effort,PREP+PROPN,,ROOT_VERB:donating|PREP(in)+POBJ(Defence)|ROOT_VERB:mean|ROOT_VERB:m,True,False
"From everyone at Silver Lining Catering , please sta safe. We wish everyone a safe time during Hurricane Dorian. Please lend a helping hand to anyone in need. If you can lend extra water, food, and supplies please do. In horrific times like this, we will always stand strong!",rescue_volunteering_or_donation_effort,PREP+PROPN,ACTION_VERB,PREP(From)+POBJ(everyone)|NER_LOC:Silver|NER_LOC:Lining|NER_LOC:Catering|ROOT_VERB:sta,True,True
This is video of the destructive power of #HurricaneDorian. It leaves you speechless. We need to come up with a plan to reconstruct these islands. #HurricaneDorian #damage #AbacoIsland #Epic,infrastructure_and_utility_damage,,ACTION_VERB,PREP(of)+POBJ(power)|PREP(of)+POBJ(HurricaneDorian)|ROOT_VERB:leaves|ROOT_VERB:need|PREP(with)+POBJ(plan),False,True
"#Medicare recipients still displaced by Hurrican #Irma, check out these tips on getting healthcare.",displaced_people_and_evacuations,,,ROOT_VERB:check,False,False
Minute by minute: Texas cities start assessing Hurricane #Harvey damage:  Complete coverage on Channel 2 at 6 a.m.,infrastructure_and_utility_damage,,,NER_LOC:Texas|ROOT_VERB:start|PREP(on)+POBJ(Channel)|PREP(at)+POBJ(6),False,False
".@HEB may be limiting purchases of water, but theres no limit on @rentschbrewery beer! #HurricaneHarvey",not_humanitarian,,,ROOT_VERB:limiting|PREP(of)+POBJ(water)|PREP(on)+POBJ(beer),False,False
Virginia based relief group heads to Puerto Rico in aftermath of Hurricane Maria -,rescue_volunteering_or_donation_effort,PREP+PROPN,,NER_LOC:Virginia|PREP(to)+POBJ(Rico)|NER_LOC:Puerto|NER_LOC:Rico|PREP(in)+POBJ(aftermath),True,False
"Hurricane Dorian is now a Category 5 and the Millions of People are being affected. Please consider donating to the Red Cross @ ; Also please stand in prayer for law enforcement, fire department and everyone assisting during this time.",rescue_volunteering_or_donation_effort,PREP+PROPN,URGENCY_ADVERB,ROOT_VERB:consider|PREP(to)+POBJ(Cross)|PREP(in)+POBJ(prayer)|PREP(for)+POBJ(enforcement)|PREP(during)+POBJ(time),True,True
Thousands of prisoners evacuated as flood waters rise during Harvey,displaced_people_and_evacuations,,,PREP(of)+POBJ(prisoners)|PREP(during)+POBJ(Harvey)|NER_LOC:Harvey,False,False
My little support for the victims of flood in Kerala. Kindly mark your support for Kerala. #KeralaFloodRelief #KeralaFloods #Kerala #KeralaReliefFund #KeralaFloodRescue,rescue_volunteering_or_donation_effort,PREP+PROPN,,PREP(for)+POBJ(victims)|PREP(of)+POBJ(flood)|PREP(in)+POBJ(Kerala)|NER_LOC:Kerala|ROOT_VERB:mark,True,False
These amazing folks drove down from Kentucky w/ a truck loaded full of supplies for those impacted by #hurricaneirma #HurricaneIrmaRecovery,rescue_volunteering_or_donation_effort,PREP+PROPN,,ROOT_VERB:drove|PREP(from)+POBJ(w/)|NER_LOC:Kentucky|PREP(for)+POBJ(those),True,False
"RT @ERICSORENSEN: NWS Doppler radar in Puerto Rico, destroyed when Hurricane Maria came ashore. (On right: NWS Quad Cities Doppler.) :",infrastructure_and_utility_damage,PREP+PROPN,,PREP(in)+POBJ(Rico)|NER_LOC:Puerto|NER_LOC:Rico,True,False
Whom u r fooling Mr. @ShashiTharoor ? Reality is Kerala floods came as blessing4 u. One more chance 2travel by first class &amp; stay at 7star hotels at d cost of tax payers who r 5 feet under the water. Enjoy extravagant dinners with those who have already promised help y phone.,not_humanitarian,PREP+PROPN,ACTION_VERB,ROOT_VERB:fooling|NER_LOC:Kerala|PREP(as)+POBJ(chance)|PREP(by)+POBJ(class)|PREP(at)+POBJ(hotels),True,True
some pictures of our broken roads! What a mess :-/,infrastructure_and_utility_damage,,,PREP(of)+POBJ(roads),False,False
"RT @MavaEnoka: In terrible news, the baby seal nursery near Kaikoura is gone. Completely destroyed. ὡ4 #eqnz",infrastructure_and_utility_damage,PREP+PROPN,,PREP(In)+POBJ(news)|PREP(near)+POBJ(Kaikoura)|NER_LOC:Kaikoura|ROOT_VERB:gone|ROOT_VERB:destroyed,True,False
#NorwegianSky deploying to St. Thomas to assist in humanitarian efforts coordinated by local gov. Full #Irma update:,rescue_volunteering_or_donation_effort,PREP+PROPN,ACTION_VERB,PREP(to)+POBJ(Thomas)|NER_LOC:St.|NER_LOC:Thomas|PREP(in)+POBJ(efforts),True,True
Rainy days cant stop you from getting your favorite local diner food! Beachdiner_ppb is on Doordash! Check it out! #eatatbeachdiner #eatlocal #shoplocal #eat #fresh #delivery #deals,not_humanitarian,PREP+PROPN,,ROOT_VERB:stop|ROOT_VERB:Check|ROOT_VERB:eat,True,False
"Now hailing in Arrowtown! A bad week for NZ with #eqnz, floods, gale force windsa bit unfair when it wasnt us who voted Trump!",other_relevant_information,PREP+PROPN,URGENCY_ADVERB,ROOT_VERB:hailing|PREP(in)+POBJ(Arrowtown)|NER_LOC:Arrowtown|PREP(for)+POBJ(NZ)|PREP(with)+POBJ(eqnz),True,True
"RT @MsJackie109: Atlanta Motor Speedway has opened their facilities to all Hurricane Dorian evacuees, ὄFὄFὄFἼ1",rescue_volunteering_or_donation_effort,,,ROOT_VERB:opened|PREP(to)+POBJ(evacuees),False,False
Were encouraging our Houston hosts to open their homes to those affected by #HurricaneHarvey.,other_relevant_information,,,ROOT_VERB:encouraging|NER_LOC:Houston|PREP(to)+POBJ(those),False,False
TO ALL COLLEGE STUDENTS: If #HurricaneFlorence is bad in the days following the storm Emergency Food Stamps will be available. You DO NOT already have to be receiving Food Stamps to be eligible. RT to help a student #fsu #uncp #uncw #nccu #ncat #uncg #ecu #wssu,other_relevant_information,PREP+PROPN,DISTRESS_SIGNAL|ACTION_VERB,ROOT_VERB:have,True,True
Incredible rapid intensification! Shows how self organization works. Once convection spun up into closed bands the inner storm is insulated from stabilizing dry air. Need to look at deeper layers of water because surface anoms only ~+1.. suspect deep warmth driving this beast,other_relevant_information,PREP+PROPN,ACTION_VERB,ROOT_VERB:Shows|ROOT_VERB:spun|PREP(into)+POBJ(bands)|ROOT_VERB:Need|PREP(at)+POBJ(layers),True,True
"Were happy to support crypto donations for a good cause by @NeedsList4Good, in collaboration with @MakerDAO &amp; #ProjectBiFrost. Donate crypto today using the Donate with #Dai plugin, powered by Request! #HurricaneFlorence #tech4good #crypto4good",rescue_volunteering_or_donation_effort,PREP+PROPN,ACTION_VERB,PREP(for)+POBJ(cause)|PREP(by)+POBJ(@NeedsList4Good)|NER_LOC:@NeedsList4Good|PREP(with)+POBJ(@MakerDAO)|ROOT_VERB:Donate,True,True
"Video shows the Chevron Phillips plant in Baytown, Texas underwater in the midst of historic #Harvey flooding.",infrastructure_and_utility_damage,PREP+PROPN,,ROOT_VERB:shows|PREP(in)+POBJ(Baytown)|NER_LOC:Baytown|NER_LOC:Texas|PREP(in)+POBJ(midst),True,False
Mike McCarthy says he and Aaron Rodgers have been in communication about the California fires since they’ve happened.,other_relevant_information,PREP+PROPN,,ROOT_VERB:says|PREP(about)+POBJ(fires)|NER_LOC:California,True,False
"You are an inspiration to manyAt such an young age you have got such good thoughts, which are literally vanished in many#LittleChamp #KeralaFloodRelief",sympathy_and_support,PREP+PROPN,,PREP(to)+POBJ(manyAt)|PREP(in)+POBJ(KeralaFloodRelief)|NER_LOC:many#LittleChamp,True,False
"19 dead, more than 300 wounded as powerful #earthquake hits .. but some people are still making tabdeelii as high..shame on that smiling face ..ὡ0",injured_or_dead_people,,,PREP(as)+POBJ(hits)|PREP(as)+POBJ(shame)|PREP(on)+POBJ(face),False,False
The death toll from Cyclone Idai is now at least 761 people across Southern Africa. - 446 killed in Mozambique - 259 dead in Zimbabwe - 56 killed in Malawi Mozambique officials now worry that diseases like cholera will emerge from camps where 228k displaced people are staying.,injured_or_dead_people,PREP+PROPN,URGENCY_ADVERB,PREP(from)+POBJ(Idai)|PREP(across)+POBJ(Africa)|NER_LOC:Southern|NER_LOC:Africa|PREP(in)+POBJ(dead),True,True
What do you make of Trump donating 1 million to Harvey relief efforts? Retweet and tweet me your opinions. #MAGA #Trump #HurricaneHarvey,rescue_volunteering_or_donation_effort,,,ROOT_VERB:make|PREP(to)+POBJ(efforts)|NER_LOC:Harvey|ROOT_VERB:Retweet,False,False
"Real life superheroes: #Israel is consistently amongst the first responders around the world in the face of tragedy. Following the devastating floods in #India, Israel is providing support. First truck carrying products &amp; supplies for the people of #Kerala. #KeralaFloodRelief",rescue_volunteering_or_donation_effort,PREP+PROPN,,NER_LOC:Israel|PREP(around)+POBJ(world)|PREP(in)+POBJ(face)|PREP(of)+POBJ(tragedy)|PREP(Following)+POBJ(floods),True,False
"Asia and Australia Edition: California Fires, D.I.Y. Drugs, Alibaba: Your Monday Briefing  - NYT",other_relevant_information,,,NER_LOC:Asia|NER_LOC:Australia,False,False
One of the precarious parts of the road to Skyline in Chimanimani that response teams have to negotiate to get the much need aid to affected children and their families. #CycloneIdai photo: Save the Children,other_relevant_information,PREP+PROPN|LOC_NOUN,ACTION_VERB,PREP(of)+POBJ(road)|PREP(to)+POBJ(Skyline)|NER_LOC:Chimanimani|PREP(to)+POBJ(children),True,True
"This is the crucial turn I need Dorian to make, and I need it done somewhere over water. Otherwise this buggers gonna dropkick us in Charleston with a running start.",not_humanitarian,PREP+PROPN,ACTION_VERB,PREP(over)+POBJ(water)|ROOT_VERB:gon|PREP(in)+POBJ(Charleston)|NER_LOC:Charleston|PREP(with)+POBJ(start),True,True
Anxious residents begin returning to the battered Florida Keys after Irma   CNN,not_humanitarian,,,ROOT_VERB:begin|PREP(to)+POBJ(Keys),False,False
Wildfire evacuation lifted,displaced_people_and_evacuations,,,ROOT_VERB:lifted,False,False
a place of worship should always be a place for shelter for those in need. god would open his doors if he truly lived there.. js 🤷🏽‍♀️,rescue_volunteering_or_donation_effort,PREP+PROPN,ACTION_VERB,PREP(of)+POBJ(worship)|PREP(for)+POBJ(shelter)|PREP(for)+POBJ(those)|ROOT_VERB:open,True,True
Storm Surge flooding from #Irma (top: Austin Bond) 3 feet lower than with #Matthew (bottom: Victoria Barlow). #scwx,other_relevant_information,,,PREP(from)+POBJ(Irma),False,False
"Albert J. Ellis Airport which has been open for emergency flights will now resume limited commercial flights starting Tuesday. Please check with your airlines website for your flights status. @flyOAJ, @Delta and @AmericanAir appreciate your patience as we recover from #Florence",rescue_volunteering_or_donation_effort,,DISTRESS_SIGNAL|URGENCY_ADVERB,ROOT_VERB:resume|ROOT_VERB:check|PREP(with)+POBJ(website)|PREP(for)+POBJ(status)|NER_LOC:@Delta,False,True
@HockeyRobThough Day of relief in SFla-avoided the twin disasters of Dorian and losing Tunsil!,not_humanitarian,PREP+PROPN,,ROOT_VERB:avoided|PREP(of)+POBJ(Dorian),True,False
"Managing flood damage: Once its safe to re-enter your home, prioritize these 5 projects #HarveyFlood",infrastructure_and_utility_damage,,,ROOT_VERB:prioritize,False,False
RT @lbcbreaking: New Zealand government has issued a Tsunami alert for the entire east coast following an earthquake.,caution_and_advice,LOC_NOUN|PROPN+LOC_NOUN,,NER_LOC:New|NER_LOC:Zealand|ROOT_VERB:issued|NER_LOC:Tsunami|PREP(for)+POBJ(coast),True,False
"In adlux conv centre food n water is available.but no1 approached till nw .plz pass it to all rescue camps near by Adlux Convention Center Angamaly, Cable Junction, Ernakulam,National Highway 47, Karukutty, 683576 04842612527  #KeralaFloods",rescue_volunteering_or_donation_effort,PREP+PROPN|LOC_NOUN,ACTION_VERB,ROOT_VERB:approached|PREP(till)+POBJ(nw)|ROOT_VERB:pass|PREP(to)+POBJ(camps)|NER_LOC:Ernakulam,True,True
That was a massive earthquake. Apparently Mirpur AJK and Srinagar IOK felt it as well as Islamabad. Good to remind ourselves that nature is indifferent to human boundaries. May Almighty Allah keep everyone save and sound. Ameen #earthquake,sympathy_and_support,,ACTION_VERB,ROOT_VERB:felt|NER_LOC:Islamabad|ROOT_VERB:keep,False,True
RT @EntDC: .@SrBachchan donates Rs 51 lakhs and his personal belongings to #KeralaFloodReliefFund,rescue_volunteering_or_donation_effort,,,ROOT_VERB:donates|PREP(to)+POBJ(KeralaFloodReliefFund),False,False
RT @1000Days: There will be no food in #PuertoRico - #HurricaneMaria wipes out 80% of the crop value in the country,other_relevant_information,PREP+PROPN,,PREP(of)+POBJ(value)|PREP(in)+POBJ(country),True,False
"HURRICANE DORIAN SUPPORT: Hi-Line is available 24/7/365 for Emergency, Storm, or Rush Support. Contact Hi-Line at 800-323-6606 - all calls and VM messages will be responded to by our after-hours support team. #HiLine #HurricaneDorian #Support",caution_and_advice,,DISTRESS_SIGNAL,PREP(for)+POBJ(Emergency)|ROOT_VERB:responded,False,True
Dear Ashu @muglikar_ Please Help my State #KeralaFloods we need your support now to overcome the challenges and to stand on our own legs #KeralaFloodRelief,sympathy_and_support,,URGENCY_ADVERB|PLEA_PATTERN|ACTION_VERB,ROOT_VERB:Help|PREP(on)+POBJ(legs),False,True
@motel6 And I am sure that you will extend free housing to any earthquake evacuees who are in need?,displaced_people_and_evacuations,PREP+PROPN,ACTION_VERB,PREP(to)+POBJ(evacuees),True,True
"@Comey It’s Sunday morning. Instead of wishing your condolences to the victims of the shootin and Dorian, you waste time tweeting about someone who has your number and pulled the rug out from under you. You are a traitor, and history will not be kind to you.",not_humanitarian,PREP+PROPN,,PREP(to)+POBJ(victims)|PREP(of)+POBJ(shootin)|ROOT_VERB:waste|PREP(about)+POBJ(someone),True,False
"Everyone is talking about Kerala Floods, but do you know how all this happened? Read Here:  #KeralaFloods #PrayForKerala",other_relevant_information,,,ROOT_VERB:talking|PREP(about)+POBJ(Floods)|ROOT_VERB:Read,False,False
"The official death toll from Cyclone Idai, which tore through southern Africa more than a week ago, rose sharply on Saturday as authorities reported scores more deaths. According to BBC, the",injured_or_dead_people,PREP+PROPN,,PREP(from)+POBJ(Idai)|PREP(through)+POBJ(Africa)|NER_LOC:Africa|ROOT_VERB:rose|PREP(on)+POBJ(Saturday),True,False
@CNN the child welfare system in FL Keys is @whfsmonroe &amp; they need our help:,requests_or_urgent_needs,PREP+PROPN,ACTION_VERB,PREP(in)+POBJ(Keys)|ROOT_VERB:need,True,True
Relief Fund for Animals of #PuertoRico; .. #AnimalWelfare #AnimalRescue #HurricaneMaria #HurricaneIrma #Humanity,rescue_volunteering_or_donation_effort,,,,False,False
"Whether its Hurricane Harvey or Irma, UPS is providing financial and technical relief to distressed areas:",rescue_volunteering_or_donation_effort,,,ROOT_VERB:providing|PREP(to)+POBJ(areas),False,False
#Matthew Dont give Hillary any money for hurricane relief. She will steal that money too. #Haiti,not_humanitarian,,,ROOT_VERB:give|PREP(for)+POBJ(relief)|ROOT_VERB:steal|NER_LOC:Haiti,False,False
"I have no bottles of water or batteries, and my fridge is full of perishable food, I just can’t get ready ᾓ7ἿD‍♀️. I give up ὢB. Atp I’m just gon be off to see the Wizard ὄBἿD #HurricaneFlorence",not_humanitarian,,,ROOT_VERB:have|PREP(of)+POBJ(water)|ROOT_VERB:give,False,False
"While Florida is down south, people here in Northern Michigan are doing what they can to help those affected by Hurricane Dorian.",rescue_volunteering_or_donation_effort,PREP+PROPN,ACTION_VERB,NER_LOC:Florida|NER_LOC:Northern|NER_LOC:Michigan|ROOT_VERB:doing,True,True
"We are preparing for #HurricaneFlorence, we urge all residents to do the same! First thing, sign up for Cumberland Alerts at . Be sure to follow the county here on twitter &amp; at  We will be posting important prep advice &amp; updates.",caution_and_advice,PREP+PROPN,,PREP(for)+POBJ(HurricaneFlorence)|ROOT_VERB:urge|ROOT_VERB:sign|PREP(for)+POBJ(Alerts)|PREP(on)+POBJ(twitter),True,False
RT @woodywhitehurst: What an outstanding move by Mackensie,not_humanitarian,,ACTION_VERB,PREP(by)+POBJ(Mackensie),False,True
"PREPARING FOR #DORIAN: - 13,000 FPL crews ready to restore power after hurricane passes; more crews from other states coming in to assist - 2,500 National Guard members activated; 1,500 on standby - 819,000 gallons of water, 1.8 million meals ready to distribute",rescue_volunteering_or_donation_effort,PREP+PROPN,ACTION_VERB,PREP(FOR)+POBJ(DORIAN)|PREP(after)+POBJ(passes)|PREP(from)+POBJ(states)|ROOT_VERB:activated|PREP(of)+POBJ(water),True,True
Apple is collecting donations for Harvey storm relief relief through iTunes,rescue_volunteering_or_donation_effort,,,ROOT_VERB:collecting|PREP(for)+POBJ(relief)|PREP(through)+POBJ(iTunes),False,False
RT @LexiWhite27: Please share and donate if you can:   #family #HurricaneMaria #HurricaneIrma #PuertoRico #gofundme,rescue_volunteering_or_donation_effort,,ACTION_VERB,,False,True
Thunderstorms with heavy rain on MVY #Boston25Storms,caution_and_advice,,,PREP(with)+POBJ(rain)|PREP(on)+POBJ(Boston25Storms),False,False
@ShingiMunyeza Already advising ED Gvt for excuses to cover up failure. Our fuel in Zim was coming by road not pipeline which is affected by cyclone. Feruka in Mutare that links pipeline from Mozambique stopped working ages back. So dont use pipeline excuse it was already not working.,other_relevant_information,PREP+PROPN|LOC_NOUN,,ROOT_VERB:advising|PREP(for)+POBJ(excuses)|PREP(in)+POBJ(Zim)|NER_LOC:Zim|ROOT_VERB:coming,True,False
Learn more about how you can help those affected by #hurricaneirma this month at the @RedCross:,rescue_volunteering_or_donation_effort,PREP+PROPN,ACTION_VERB,ROOT_VERB:Learn|PREP(at)+POBJ(@RedCross),True,True
Before and after satellite photos show destruction left behind by Hurricane Irma,infrastructure_and_utility_damage,,,ROOT_VERB:show,False,False
#KeralaFloods case: Supreme Court orders to maintain water level at 139.99 feet in Mullaperiyar Dam till August 31.,caution_and_advice,PREP+PROPN,,PREP(at)+POBJ(feet)|PREP(in)+POBJ(Dam)|NER_LOC:Mullaperiyar|NER_LOC:Dam|PREP(till)+POBJ(August),True,False
"As of 5 pm, Hurricane Dorian still has maximum sustained winds of 150 mph. We are watching two other areas for possible development later this week: one in the eastern Atlantic and the other in the southern Gulf of Mexico. #FLwx #FloridaKeys #KeyWest",other_relevant_information,PREP+PROPN,,ROOT_VERB:has|PREP(of)+POBJ(mph)|ROOT_VERB:watching|PREP(for)+POBJ(development)|NER_LOC:Atlantic,True,False
"#LNG #naturalgas primarily used for #power so I also follow #electricity. #PuertoRico, a #US Commonwealth took HUGE hit from #Maria.",infrastructure_and_utility_damage,,,PREP(for)+POBJ(#)|ROOT_VERB:follow|ROOT_VERB:took|PREP(from)+POBJ(Maria),False,False
RT @Metallica: Please help those in need and first responders in any way you can.  -,rescue_volunteering_or_donation_effort,PREP+PROPN,PLEA_PATTERN|ACTION_VERB,PREP(in)+POBJ(way),True,True
"From FieldHaven Feline: NEW #CampFire Rescues from today - Friday, 11-23. These cats are at our emergency Camp Fire shelter in Yuba City at 44 2nd Street. Phone number here is 916-300-8166.",rescue_volunteering_or_donation_effort,PREP+PROPN|PROPN+LOC_NOUN|LOC_NOUN,DISTRESS_SIGNAL,NER_LOC:Camp|NER_LOC:Fire|PREP(in)+POBJ(City)|NER_LOC:Yuba|NER_LOC:City,True,True
Things are shitty for me right now. I also have to evacuate from Dorian like a gypsy. Hope my daughter and I will be safe from everything that could get us killed. Going to teach her on this trip how to use a knife in case we have to deal with dangerous criminals while being on,displaced_people_and_evacuations,PREP+PROPN,URGENCY_ADVERB|ACTION_VERB,ROOT_VERB:have|PREP(from)+POBJ(Dorian)|PREP(like)+POBJ(gypsy)|ROOT_VERB:Hope|ROOT_VERB:Going,True,True
Thoughts and Prayers bitches. Maybe not the ones youd appreciate,sympathy_and_support,,,,False,False
Todays sore shoulders bright too you by #HurricaneIrma in #PinellasIrma. Grateful for Deep Relief by Young Living.,other_relevant_information,,,,False,False
"Sending prayers to Haiti, Jamaica, Cuba and anyone affected by this hurricane. Its been a while since I experienced a hurricane.",sympathy_and_support,,,ROOT_VERB:Sending|NER_LOC:Haiti|NER_LOC:Jamaica|NER_LOC:Cuba,False,False
"Heartbreaking news from California The remains of 13 additional victims in the Northern California wildfire were recovered today raising the death toll to 42 people. The inferno destroyed more than 7,000 homes and buildings since Thursday.",injured_or_dead_people,PREP+PROPN,,PREP(from)+POBJ(California)|NER_LOC:California|PREP(of)+POBJ(victims)|PREP(in)+POBJ(wildfire)|NER_LOC:the,True,False
"#TheGuardian | Wildfires in #Greece, protests in #Gaza and heatwave #London",other_relevant_information,,,NER_LOC:Greece|PREP(in)+POBJ(Gaza)|NER_LOC:Gaza|NER_LOC:London,False,False
RT @KerrinJeromin: South Carolina coastline also now included for evacuations,displaced_people_and_evacuations,,URGENCY_ADVERB,NER_LOC:South|NER_LOC:Carolina|ROOT_VERB:included|PREP(for)+POBJ(evacuations),False,True
"My heart goes out to the people of Kerala battling #KeralaFloods In this hour of crisis, to stand beside the flood-affected people of Kerala#standwithkerala #KeralaDonation Challenge#DoforKerala to reach out to people #kerala #flood #KeralaFloodRelief",sympathy_and_support,PREP+PROPN,,ROOT_VERB:goes|PREP(to)+POBJ(people)|PREP(of)+POBJ(Kerala)|NER_LOC:Kerala|PREP(In)+POBJ(hour),True,False
"CA Camp fire survivor’s story. Generators, Coors and canned food. How these ‘mountain boys’ are surviving in Paradise  #CaliforniaWildfires",other_relevant_information,PREP+PROPN,,ROOT_VERB:surviving|PREP(in)+POBJ(CaliforniaWildfires)|NER_LOC:Paradise,True,False
"God bless this woman. She brought food, water, even dog food to help the hundreds of people just rescued from their homes. @NBCDFW #Harvey",rescue_volunteering_or_donation_effort,PREP+PROPN,ACTION_VERB,ROOT_VERB:bless|ROOT_VERB:brought|PREP(of)+POBJ(people)|PREP(from)+POBJ(homes),True,True
Donations to @redcrosscanada for #FortMacFire are at C$44m; Govt will match $ for $. Canadians helping each other!,rescue_volunteering_or_donation_effort,,,PREP(to)+POBJ(@redcrosscanada)|PREP(for)+POBJ(#)|ROOT_VERB:match|PREP(for)+POBJ($),False,False
"RT @javanng: @OneWTC shines green, white &amp; red to honor the victims of #ItalyEarthquake #NewYork @EverythingNYC @NYC #abc7ny",sympathy_and_support,,,ROOT_VERB:shines|PREP(of)+POBJ(NewYork),False,False
Why does it feel like the displaced Texan dogs and cats are getting more media coverage than the displaced humans? #Harvey,displaced_people_and_evacuations,,,ROOT_VERB:feel|PREP(than)+POBJ(humans),False,False
RT @Reuters: Drone captures quake destruction:  #ItalyEarthquake,infrastructure_and_utility_damage,,,ROOT_VERB:captures,False,False
RT @DeptofDefense: Videos: #DoD assets help #Caribbean region ravaged by #HurricaneMaria,other_relevant_information,,ACTION_VERB,NER_LOC:Caribbean,False,True
2 confirmed dead as crews brace for return of Santa Ana winds in Ventura County fires,injured_or_dead_people,PREP+PROPN,,ROOT_VERB:confirmed|PREP(as)+POBJ(brace)|PREP(for)+POBJ(return)|PREP(of)+POBJ(winds)|NER_LOC:Santa,True,False
RT @MetalHammer: Fred Durst and Neil Young lose their homes as wildfires rage across California,infrastructure_and_utility_damage,,,PREP(as)+POBJ(rage)|PREP(across)+POBJ(California)|NER_LOC:California,False,False
"#HurricaneFlorence is very large and incredibly dangerous. ✅Follow local evacuation orders! ✅Prepare for life-threatening, catastrophic flooding over portions of the Carolinas and Mid-Atlantic states late this week into early next week.",caution_and_advice,,,ROOT_VERB:Follow|ROOT_VERB:Prepare|PREP(for)+POBJ(flooding)|PREP(over)+POBJ(portions)|PREP(of)+POBJ(Carolinas),False,False
Trump’s $17 million chateau one of few homes left unscathed by Hurricane Irma. Estimates say that nearly 95% of the town of St. Martin,other_relevant_information,LOC_NOUN|PROPN+LOC_NOUN,,ROOT_VERB:say|PREP(of)+POBJ(town)|PREP(of)+POBJ(Martin)|NER_LOC:St.|NER_LOC:Martin,True,False
"How did pioneer women in Florida cope w/o out air conditioning, running water, etc? Wearing long heavy skirts. How is it possible :( #Irma",not_humanitarian,PREP+PROPN,,PREP(in)+POBJ(Florida)|NER_LOC:Florida|ROOT_VERB:cope|PREP(w/o)+POBJ(conditioning)|ROOT_VERB:Wearing,True,False
#PuertoRico was in dire economic straits before #HurricaneMaria hit &amp; now ongoing US-imposed restrictions are making recovery impossible,other_relevant_information,PREP+PROPN,URGENCY_ADVERB,NER_LOC:US|ROOT_VERB:making,True,True
U.S. military delivered supplies to people in Puerto Rico by chopper on 09/30/17 . This was needed over a week ago and requested days before. Why not sooner and why not more choppers? #HurricaneMaria cc: @tedlieu,rescue_volunteering_or_donation_effort,PREP+PROPN,,NER_LOC:U.S.|ROOT_VERB:delivered|PREP(to)+POBJ(people)|PREP(in)+POBJ(Rico)|NER_LOC:Puerto,True,False
Sharing my $100 donation to @tsalud to inspire others to give and help those affected by #HurricaneMaria #PuertoRicoRelief,rescue_volunteering_or_donation_effort,,ACTION_VERB,ROOT_VERB:Sharing|PREP(to)+POBJ(@tsalud),False,True
#Houston needs #Canada #softwoodlumber to rebuild from #HurricaneHarvey cc: @NAHBhome #NAFTA #SLA,other_relevant_information,,,ROOT_VERB:needs|NER_LOC:Canada|PREP(from)+POBJ(HurricaneHarvey),False,False
A special account has been opened at the Bank of Greece for the fire victims: IBAN: GR4601000230000002341195169 SWIFT / BIC: BNGRGRAA,rescue_volunteering_or_donation_effort,PREP+PROPN,,ROOT_VERB:opened|PREP(at)+POBJ(Bank)|PREP(for)+POBJ(victims),True,False
Sign up now to #volunteer for our #HurricaneFlorence response &amp; help bring relief in Jesus Name!,rescue_volunteering_or_donation_effort,PREP+PROPN,URGENCY_ADVERB|ACTION_VERB,PREP(for)+POBJ(response)|ROOT_VERB:bring|PREP(in)+POBJ(Name),True,True
[Updated] Two Killed in New Zealand Earthquake  All is well here in Auckland,injured_or_dead_people,PREP+PROPN,,PREP(in)+POBJ(Earthquake)|NER_LOC:New|NER_LOC:Zealand|NER_LOC:Auckland,True,False
"State Fire Marshal, Jonathan Jones, provides update during Governors press conference. #hurricaneirma2017",caution_and_advice,,,ROOT_VERB:provides|PREP(during)+POBJ(conference),False,False
The majority of Hurricane Rita deaths in Houston occurred in the evacuation,injured_or_dead_people,PREP+PROPN,,PREP(of)+POBJ(deaths)|PREP(in)+POBJ(Houston)|NER_LOC:Houston|ROOT_VERB:occurred|PREP(in)+POBJ(evacuation),True,False
"U.S. providing $400,000 in aid to Haiti and Jamaica for Hurricane Matthew -",other_relevant_information,PREP+PROPN,,NER_LOC:U.S.|NER_LOC:Haiti|NER_LOC:Jamaica|PREP(for)+POBJ(Matthew),True,False
The worst wildfires to hit Greece in more than a decade kill at least 74 people and force some residents to flee into the sea. Follow live updates.,injured_or_dead_people,PREP+PROPN,ACTION_VERB,NER_LOC:Greece|PREP(in)+POBJ(decade)|ROOT_VERB:kill|PREP(into)+POBJ(sea)|ROOT_VERB:Follow,True,True
"A thread listing resources and tips for those affected by wildfires in California, which, to date, have killed 79 (76 in Paradise) and counting.",injured_or_dead_people,PREP+PROPN,,PREP(for)+POBJ(those)|PREP(in)+POBJ(California)|NER_LOC:California|PREP(to)+POBJ(date)|NER_LOC:Paradise,True,False
The Prime Osborn is opening its door to people needing relief from the aftermath of #HurricaneIrma:,displaced_people_and_evacuations,PREP+PROPN,,ROOT_VERB:opening|PREP(to)+POBJ(people)|PREP(from)+POBJ(aftermath)|PREP(of)+POBJ(HurricaneIrma),True,False
RT @Rukario71: My thoughts and prayers go out to everyone in the path of Hurricane Dorian. Please be safe.,sympathy_and_support,PREP+PROPN,,PREP(to)+POBJ(everyone)|PREP(of)+POBJ(Dorian),True,False
@realDonaldTrump YOU NEED TO GO TO HAITI NOW AND BRING FOOD AND SUPPLIES FOR HURRICANE RELIEF!,requests_or_urgent_needs,,URGENCY_ADVERB|ACTION_VERB,ROOT_VERB:NEED|NER_LOC:GO|PREP(TO)+POBJ(HAITI)|PREP(FOR)+POBJ(RELIEF),False,True
"California fires, a WARNING. This video is EIGHT MONTHS OLD!",caution_and_advice,,,NER_LOC:California,False,False
Current projected track of #Dorian overlays #Matthew’s exactly reports @WJXT_Rebecca. Matthew hugged the coast and caused much damage at the beaches. Projections could still change.,infrastructure_and_utility_damage,PREP+PROPN|PROPN+LOC_NOUN|LOC_NOUN,,PREP(of)+POBJ(overlays)|ROOT_VERB:hugged|PREP(at)+POBJ(beaches)|ROOT_VERB:change,True,False
"Donations towards #CycloneIdai relief efforts continue pouring in. This morning young boys and girls from Rock of Ages, Cross kopje and Eastview schools in Mutare dropped off their old clothes, blankets and some groceries at @ManicaPostZim building.",rescue_volunteering_or_donation_effort,PREP+PROPN,,PREP(towards)+POBJ(efforts)|ROOT_VERB:continue|PREP(from)+POBJ(Rock)|NER_LOC:Mutare|ROOT_VERB:dropped,True,False
"i’m at $56/125! :) thank u to everyone who has helped me so far, i really appreciate it! please consider donating to my emergency fund; my town is directly in the path of hurricane dorian! if you can’t donate, please RT Ὁ6",rescue_volunteering_or_donation_effort,PREP+PROPN|PROPN+LOC_NOUN|LOC_NOUN,DISTRESS_SIGNAL|ACTION_VERB,ROOT_VERB:’m|PREP(at)+POBJ(56/125)|PREP(to)+POBJ(everyone)|ROOT_VERB:appreciate|PREP(to)+POBJ(fund),True,True
#backstage fun at Trenton #bluesfest yesterday ☮️ What a great #festival raising money for Children With Special Needs ❤️ @ Trenton Elks 105,requests_or_urgent_needs,PREP+PROPN,,PREP(at)+POBJ(Trenton)|NER_LOC:Trenton|PREP(for)+POBJ(Children)|PREP(With)+POBJ(Needs),True,False
"Irma Now a Tropical Storm; Wind, Flooding and Tornado Threats Spreading Into the Southeast @weatherchannel",caution_and_advice,,URGENCY_ADVERB,ROOT_VERB:Irma|PREP(Into)+POBJ(@weatherchannel),False,True
"Over 10 days since #disasters struck #lka, the death toll due to adverse #weather increased to 213; 79 missing #flood #FloodSL",injured_or_dead_people,,VICTIM_STATE,PREP(due)+POBJ(weather)|ROOT_VERB:increased|PREP(to)+POBJ(213),False,True
"LATEST from @CAL_FIRE briefing: - Death toll up to 29, matches deadliest wildfire in modern California history - 228 people missing persons remain unaccounted for - Dry and windy conditions expected to continue. Red Flag Warning in place until Monday AM.",injured_or_dead_people,PREP+PROPN,VICTIM_STATE,PREP(from)+POBJ(briefing)|PREP(in)+POBJ(history)|NER_LOC:California,True,True
#HurricanePrep for #HurricaneFlorence #ProTip 5 - Know all of those water bottles you get at events. Fill them with drinking water. Know all of those small battery packs you get from events. Charge them.,caution_and_advice,PREP+PROPN,,PREP(at)+POBJ(events)|ROOT_VERB:Fill|PREP(with)+POBJ(water)|ROOT_VERB:Know|PREP(from)+POBJ(events),True,False
Prayers for all of #HurricaneFlorence victims. The endangered #NC Corolla wild horses hopefully can ride it out but are staying on the islandGo to @WildHorseFund to see updates &amp; how to help.,sympathy_and_support,,ACTION_VERB,PREP(for)+POBJ(all)|ROOT_VERB:ride|PREP(on)+POBJ(islandGo),False,True
RT @Panhinda: A new website collecting information on #relief requirements and providers. #lka #srilanka #SLFloods2017 #FloodSL,rescue_volunteering_or_donation_effort,,,PREP(on)+POBJ(requirements),False,False
"RT @LordHDL: Reminder that millions of people, my parents included, need aid!",requests_or_urgent_needs,,ACTION_VERB,PREP(of)+POBJ(people)|ROOT_VERB:need,False,True
"First responders rescue mother, four-month-old baby from #Irma-flooded Miami home",rescue_volunteering_or_donation_effort,,ACTION_VERB,ROOT_VERB:responders|PREP(from)+POBJ(home)|NER_LOC:Miami,False,True
"Seeing the damage if hurricane Harvey in person is some heavy shit, and apparently what Ive seen isnt even the worst of it",infrastructure_and_utility_damage,PREP+PROPN,,ROOT_VERB:Seeing,True,False
"After Irma hits Barbuda, the Prime Minister says that 90% of the country has been leveled. Just devastating. Prayers to the people. 🙏",sympathy_and_support,,,ROOT_VERB:says|PREP(of)+POBJ(country)|PREP(to)+POBJ(people),False,False
Fire victims relatives sue Greek officials for negligent manslaughter  #Greece #news,not_humanitarian,,,ROOT_VERB:sue|PREP(for)+POBJ(#),False,False
Facts of the damage from the exceptional storm &amp; all the info on what our government has done &amp; is doing is available IF U WANT THE TRUTH!,infrastructure_and_utility_damage,PREP+PROPN,,PREP(of)+POBJ(damage)|PREP(from)+POBJ(storm),True,False
"Beira being a city of 0.5 million people and setup bellow the sea level, waterborne disease will always be a problem after any floods. The problem now is compounded with destruction of infraestructures",infrastructure_and_utility_damage,LOC_NOUN,URGENCY_ADVERB,NER_LOC:Beira|PREP(of)+POBJ(people)|ROOT_VERB:compounded|PREP(with)+POBJ(destruction)|PREP(of)+POBJ(infraestructures),True,True
RT @jilevin: Death toll rises to 76 in California fire as Trump visits,injured_or_dead_people,PREP+PROPN,,ROOT_VERB:rises|PREP(to)+POBJ(76)|NER_LOC:California|PREP(as)+POBJ(visits),True,False
"Please donate, $1,000 or $1.00 - everything helps to feed those in need in #SouthFlorida  #IrmaRecovery",rescue_volunteering_or_donation_effort,PREP+PROPN,ACTION_VERB,ROOT_VERB:helps|PREP(in)+POBJ(SouthFlorida),True,True
Im so happy to be raising money for this organization.,rescue_volunteering_or_donation_effort,,,ROOT_VERB:m|PREP(for)+POBJ(organization),False,False
"The deadliest storm to hit the US was a direct hit by a Cat 4 hurricane in 1900 (Galveston Texas). It killed between 8k &amp; 12k people. If you have family in harms way, demand that they leave as ordered! No one should try to ride this out. Get out now!",caution_and_advice,PREP+PROPN,URGENCY_ADVERB,NER_LOC:US|PREP(by)+POBJ(hurricane)|PREP(in)+POBJ(1900)|NER_LOC:Galveston|NER_LOC:Texas,True,True
"Houston may be getting all the attention, but severe flooding in Beaumont/Port Arthur with a #Harvey storm total approaching 35 inches",other_relevant_information,PREP+PROPN|LOC_NOUN,,NER_LOC:Houston|ROOT_VERB:getting|PREP(in)+POBJ(Arthur)|NER_LOC:Beaumont|PREP(with)+POBJ(total),True,False
Tropical Storm Watch issued for coastal areas north of Surf City including portions of the Crystal coast and Outer Banks. #MARIA,other_relevant_information,LOC_NOUN|PROPN+LOC_NOUN,,ROOT_VERB:issued|PREP(for)+POBJ(areas)|NER_LOC:Surf|NER_LOC:City|PREP(including)+POBJ(portions),True,False
#Mozambique #Norway provides humanitarian assistance to #Idai Mozambique through @WFP and deploys personnel from The Norwegian Directorate for Civil Protection @DSB_no . #ConsistentPartner ” #hmrd #CycloneIdai,rescue_volunteering_or_donation_effort,PREP+PROPN,,ROOT_VERB:provides|PREP(to)+POBJ(Mozambique)|PREP(through)+POBJ(@WFP)|PREP(from)+POBJ(Directorate),True,False
"Taking funds that would help potential victims of impending #HurricaneFlorence in order to separate children from their parents is irresponsible, hateful, and cruel. #FamiliesBelongTogether",other_relevant_information,PREP+PROPN,ACTION_VERB,PREP(in)+POBJ(order)|PREP(from)+POBJ(parents),True,True
Our thoughts are with Texas. Visit  or call 1-800-RED-CROSS for information on Hurricane Harvey relief efforts.,rescue_volunteering_or_donation_effort,,ACTION_VERB,NER_LOC:Texas|ROOT_VERB:Visit|PREP(for)+POBJ(information)|PREP(on)+POBJ(efforts),False,True
WaterStep and GE Appliances sending clean water kits to Puerto Rico for HurricaneMaria victims,rescue_volunteering_or_donation_effort,,,ROOT_VERB:sending|PREP(to)+POBJ(Rico)|NER_LOC:Puerto|NER_LOC:Rico|PREP(for)+POBJ(victims),False,False
Write Prophesy for Home Ministry of India instruct all State government to send their State disaster management units to Kerala immediately for rescue operation in catastrophic floods and they will gain valuable experience as well as in post flood rehabilitation initiatives .,rescue_volunteering_or_donation_effort,PREP+PROPN,URGENCY_ADVERB|ACTION_VERB,ROOT_VERB:instruct|NER_LOC:Kerala|PREP(for)+POBJ(operation)|PREP(in)+POBJ(floods)|PREP(in)+POBJ(initiatives),True,True
Hurricane Dorian has strengthened to a Cat 4 hurricane as it approaches the coast Today SC Regional Red Cross officials told me all their volunteers are on stand-by and ready to assist. Here’s what they’re doing to prepare:,rescue_volunteering_or_donation_effort,LOC_NOUN|PROPN+LOC_NOUN,ACTION_VERB,ROOT_VERB:strengthened|PREP(to)+POBJ(hurricane),True,True
"At 6:00 AM EDT, Smithville Center [Chenango Co, NY] EMERGENCY MNGR reports FLASH FLOOD. ROADS FLOODED.",caution_and_advice,,DISTRESS_SIGNAL,PREP(At)+POBJ(EDT)|NER_LOC:Smithville|NER_LOC:Center|ROOT_VERB:reports,False,True
@Reuters So- I’m just curious- how competent is California’s forestry management ? I mean it seems like the state is plagued with out of control fires constantly. Is forest management a California state priority? If it isn’t it sure as hell should be.,not_humanitarian,,,ROOT_VERB:@Reuters|ROOT_VERB:’m|NER_LOC:California|ROOT_VERB:seems|NER_LOC:California,False,False
Gov news conference: Jacksonville experiencing worst flooding since 1846. #Irma,other_relevant_information,,,NER_LOC:Jacksonville|PREP(since)+POBJ(1846),False,False
Most homeowners affected by #Harvey not insured for flood damage:,infrastructure_and_utility_damage,,,ROOT_VERB:insured|PREP(for)+POBJ(damage),False,False
We warned ZANU not to loot donated aid meant for the victims of #CycloneIdai but they never listened. ZANU is cruel and insensitive.,rescue_volunteering_or_donation_effort,,,ROOT_VERB:warned|PREP(for)+POBJ(victims)|PREP(of)+POBJ(CycloneIdai),False,False
"RT @CofCnews: A Church of Christ in the Caribbean, devastated by Hurricane Irma, asks for aid:",requests_or_urgent_needs,PREP+PROPN,,NER_LOC:Caribbean|ROOT_VERB:asks|PREP(for)+POBJ(aid),True,False
"Authorities report finding 13 more human remains from the #ParadiseFire, bringing the death toll to 42. This makes it the deadliest wildfire in California More on @business ὄ9",injured_or_dead_people,PREP+PROPN,,ROOT_VERB:report|PREP(from)+POBJ(ParadiseFire)|PREP(to)+POBJ(42)|ROOT_VERB:makes|PREP(in)+POBJ(California),True,False
Might be going to Haiti for a month for hurricane relief,rescue_volunteering_or_donation_effort,,,ROOT_VERB:going|PREP(to)+POBJ(Haiti)|NER_LOC:Haiti|PREP(for)+POBJ(month)|PREP(for)+POBJ(relief),False,False
Pakistan EarthQuake Damage !!! serious earth quake shake the upper areas of Pakistan Location: Jatalah (Azad Kashmir) #earthquake #Fixit,other_relevant_information,,,NER_LOC:Pakistan|ROOT_VERB:shake|PREP(of)+POBJ(Location),False,False
Arab business owner provides dinner for Hurricane Irma evacuees,displaced_people_and_evacuations,,,ROOT_VERB:provides|PREP(for)+POBJ(evacuees),False,False
"During this time of adversity and challenge, our thoughts and prayers are with the people of Kerala. #TogetherStronger #KeralaFloods",sympathy_and_support,,,PREP(of)+POBJ(adversity)|PREP(of)+POBJ(Kerala)|NER_LOC:Kerala,False,False
RT @MountDoraPolice: #MountDora police arrived in @citybeautiful to drop off supplies to #HurricaneMaria victims in #PuertoRicoReliefNOW ht,rescue_volunteering_or_donation_effort,,,ROOT_VERB:arrived|PREP(in)+POBJ(@citybeautiful)|PREP(to)+POBJ(victims)|PREP(in)+POBJ(PuertoRicoReliefNOW),False,False
"Due to Hurricane Florence affecting the area, we are cancelling the Food Truck Friday with Kona Ice. We will reschedule on a future date. #smpfa",other_relevant_information,LOC_NOUN|PROPN+LOC_NOUN,,PREP(Due)+POBJ(Florence)|NER_LOC:Hurricane|NER_LOC:Florence|ROOT_VERB:cancelling|PREP(with)+POBJ(Ice),True,False
.@SecretarySonny is in his home state 2day to survey Hurricane #Irma damage to #pecans and more,infrastructure_and_utility_damage,PREP+PROPN,,PREP(to)+POBJ(pecans),True,False
The result of having a deplorable resident,other_relevant_information,,,,False,False
RT @Stevegaston18: As Many As A Million Calves Lost In Nebraska – Beef Prices To Escalate Dramatically In Coming Months | Zero Hedge http,other_relevant_information,PREP+PROPN,,PREP(In)+POBJ(Nebraska)|NER_LOC:Nebraska|PREP(In)+POBJ(Months),True,False
"At 6:19 PM EDT, 2 NNW Southport [Brunswick Co, NC] DEPT OF HIGHWAYS reports FLASH FLOOD. NC-211/HOWE RD CLOSED DUE TO FLOODING NEAR DOSHER CUTOFF",caution_and_advice,PREP+PROPN,,PREP(At)+POBJ(EDT)|PREP(OF)+POBJ(HIGHWAYS)|ROOT_VERB:reports,True,False
#Prabhas donated 1 cr to #KeralaReliefFund .,rescue_volunteering_or_donation_effort,,,ROOT_VERB:donated|PREP(to)+POBJ(KeralaReliefFund),False,False
WHERES THE BAY? Irmas strong winds suck away Tampa Bay water,other_relevant_information,,,NER_LOC:BAY|ROOT_VERB:suck|NER_LOC:Tampa|NER_LOC:Bay,False,False
"We are kindly appealing to all members of the public to join hands with us &amp; drop off your donations for the #CycloneIDAI Disaster Relief effort at 7 Kenilworth Road, Newlands, Harare. Thank you so much to everyone who has donated so far. Together we can make a difference.",rescue_volunteering_or_donation_effort,LOC_NOUN,,ROOT_VERB:appealing|PREP(to)+POBJ(members)|PREP(of)+POBJ(public)|PREP(with)+POBJ(us)|PREP(for)+POBJ(effort),True,False
"If you work for a company that makes perishables such as atta, milk (tetrapak kind), milk powder, instant noodles etc+ hygiene things such as soaps, sanitary napkins, could you get in touch with me if you can get us this stuff at discounted rates? DM open. #KeralaFloodRelief",requests_or_urgent_needs,PREP+PROPN,,PREP(for)+POBJ(company)|PREP(as)+POBJ(atta)|PREP(as)+POBJ(soaps)|ROOT_VERB:get|PREP(in)+POBJ(touch),True,False
"Florida Blue donates $50,000 to the American Red Cross for those impacted by Hurricane Maria.",rescue_volunteering_or_donation_effort,,,ROOT_VERB:donates|PREP(to)+POBJ(Cross)|PREP(for)+POBJ(those),False,False
"Devastation from Hurricane Maria continues to cripple Puerto Rico, with fears a damaged dam on the island may break",infrastructure_and_utility_damage,PREP+PROPN,,PREP(from)+POBJ(Maria)|ROOT_VERB:continues|NER_LOC:Puerto|NER_LOC:Rico|PREP(with)+POBJ(fears),True,False
#KeralaFloods 320 HAVE DIED AND 2.2 LAC HAVE SHIFTED- KERALA FLOODS Kerala is now under the huge problem. We have to take initiative against natural disaster.,injured_or_dead_people,,URGENCY_ADVERB,ROOT_VERB:DIED|ROOT_VERB:have|PREP(against)+POBJ(disaster),False,True
dhs_jules: RT DVIDSHub: FEMA and Puerto Rico National Guard Hurricane Maria Assistance  #F,rescue_volunteering_or_donation_effort,,,,False,False
"Please read below!! Another devastating fire has hit Northern California, people need help, whatever you can give, or anyway you can help, please doὤF!!",requests_or_urgent_needs,,NEED+RESOURCE|ACTION_VERB,ROOT_VERB:read|NER_LOC:Northern|NER_LOC:California|ROOT_VERB:need,False,True
"325,000 people have already signed up for aid after #Harvey — and the financial toll for survivors is just beginning",rescue_volunteering_or_donation_effort,,,ROOT_VERB:signed|PREP(for)+POBJ(aid)|PREP(after)+POBJ(Harvey)|PREP(for)+POBJ(survivors),False,False
"Meet Carolina, the focal point for emergency relief work post #CycloneIDAI in Macate, Manica and alumnus of VSOs #VolunteersforDevelopment training. It’s a great joy to join hands with our alumni on issues of resilience to see them using their training and create lasting impact.",rescue_volunteering_or_donation_effort,PREP+PROPN,DISTRESS_SIGNAL,NER_LOC:Meet|NER_LOC:Carolina|PREP(for)+POBJ(post)|PREP(in)+POBJ(Macate)|NER_LOC:Macate,True,True
"Houstons @lakewoodch, run by @JoelOsteen, now accepting #Harvey evacuees.",displaced_people_and_evacuations,,URGENCY_ADVERB,,False,True
Fleeing with their pets in Puerto Rico. Fervently praying for our friends there. No words.  #HurricaneMaria Ὁ4,sympathy_and_support,PREP+PROPN,,ROOT_VERB:Fleeing|PREP(with)+POBJ(pets)|PREP(in)+POBJ(Rico)|NER_LOC:Puerto|NER_LOC:Rico,True,False
"@Imamofpeace This is shameful. People helped people. Why did he mention only Muslims? Below are the pics of RSS Workers, a Hindu right wing organization helping the Kerala Flood Victims.",rescue_volunteering_or_donation_effort,,,ROOT_VERB:helped|ROOT_VERB:mention|PREP(of)+POBJ(Workers),False,False
Hurricane Florence: Carolinas And #Virginia Issue Evacuation Orders : NPR,displaced_people_and_evacuations,,,,False,False
@EdKrassen @realDonaldTrump Is this the gold standard hurricane relief effort they should expect after Florence?,not_humanitarian,,,PREP(after)+POBJ(Florence),False,False
While the people in Texas fighting for their lives. The states/countries that are not affected by this storm should be Praying! #Harvey2017,sympathy_and_support,PREP+PROPN,,PREP(in)+POBJ(Texas)|NER_LOC:Texas|ROOT_VERB:fighting|PREP(for)+POBJ(lives)|ROOT_VERB:Praying,True,False
#Keralas ruling Communist Party repacks the relief materials donated from other states in new bags with CPM labels. #KeralaFloods #KeralaFloodRelief #FloodAidLie #KeralaReliefRowTwist,rescue_volunteering_or_donation_effort,PREP+PROPN,,ROOT_VERB:repacks|PREP(from)+POBJ(states)|PREP(in)+POBJ(bags)|PREP(with)+POBJ(labels),True,False
"RT @RT_com: UPDATE: At least 3 dead as #HurricaneHarvey rampages across #Texas (PHOTOS, VIDEOS)",injured_or_dead_people,PREP+PROPN,,PREP(across)+POBJ(Texas)|NER_LOC:Texas,True,False
So exactly what are tRump &amp; FEMA doing to help this situation that will only get worse if not addressed? Hes talking about raking but what about helping the people of this country? Of CA? What about actually doing your job tRump? #TheResistance,not_humanitarian,,ACTION_VERB,ROOT_VERB:doing|ROOT_VERB:talking|PREP(of)+POBJ(country),False,True
"Donations are coming in! Were up to $1,200 donated in just a few days. The Chambers Ag Committee would love nothing more than to ante up the entire $5,000 to match gifts to the Nebraska Cattlemens Disaster Relief Fund. Can you help our neighbors in need?",rescue_volunteering_or_donation_effort,PREP+PROPN,ACTION_VERB,ROOT_VERB:coming|PREP(in)+POBJ(days)|ROOT_VERB:love|PREP(to)+POBJ(Fund)|ROOT_VERB:help,True,True
"People during hurricane season be like. Them. You need water? Me. Please, thank you so much!! Them. No problem, I gotchu. Ὀ1‍♂️ #HurricaneFlorence",other_relevant_information,,NEED+RESOURCE|ACTION_VERB,PREP(during)+POBJ(season)|ROOT_VERB:need|ROOT_VERB:thank|ROOT_VERB:gotchu,False,True
Sheriff Lemma: We will have anti-crime personnel patrol area businesses and residential areas subject to evacuation orders or power outages. We are prepared for #HurricaneDorian @seminolecounty,other_relevant_information,LOC_NOUN|PROPN+LOC_NOUN,,ROOT_VERB:have,True,False
"People losing everything, lives lost, firefighters in danger, animals killed, habitats and ecosystens destroyed, and THIS is the response? @realDonaldTrump is a deplorable creature, a sociopathic, ignorant, malignant narcissist who is #UnfitToGovern.",not_humanitarian,PREP+PROPN,,ROOT_VERB:lost|PREP(in)+POBJ(danger),True,False
heres ur chance to see @Harry_styles @NiallOfficial in ATL---DONATE!! @TheAceTJShow raising $$ for flood relief &gt;&gt;,rescue_volunteering_or_donation_effort,PREP+PROPN,ACTION_VERB,PREP(in)+POBJ(ATL),True,True
@realDonaldTrump LIAR! 🤥 🤥 🤥 IT HAS BEEN MORE THAN THREE DAYS SINCE THE EARTHQUAKE AND YOU LITERALLY HAVE THE MEDIA AT YOUR FINGERTIPS. 🤥 🤥 🤥 LIAR!,not_humanitarian,PREP+PROPN,,PREP(SINCE)+POBJ(EARTHQUAKE)|PREP(AT)+POBJ(FINGERTIPS),True,False
RT @people: At Least 9 Dead in California Wildfires as Trump Threatens to Stop Federal Funding,injured_or_dead_people,PREP+PROPN,,NER_LOC:California,True,False
Jacksonville storm surge flooding from Hurricane Irma sets new record:,not_humanitarian,PREP+PROPN,,NER_LOC:Jacksonville|PREP(from)+POBJ(Irma)|ROOT_VERB:sets,True,False
"Lord please let all the children in the school in Mexicos earthquake be found and all the people under the rubble, in Jesus name .",sympathy_and_support,PREP+PROPN,,ROOT_VERB:let|PREP(in)+POBJ(school)|PREP(in)+POBJ(earthquake)|NER_LOC:Mexicos|PREP(under)+POBJ(rubble),True,False
"VIDEO: Camp Fire destroyed almost 90% of the buildings in the small town of Paradise, California. Of the few houses that survived, their owners who refused to evacuate, say they feel pretty happy to have made it.",infrastructure_and_utility_damage,PREP+PROPN|PROPN+LOC_NOUN|LOC_NOUN,ACTION_VERB,NER_LOC:Camp|NER_LOC:Fire|ROOT_VERB:destroyed|PREP(of)+POBJ(buildings)|PREP(in)+POBJ(town),True,True
Irma damage at landmark Statesboro restaurant.,infrastructure_and_utility_damage,PREP+PROPN,,PREP(at)+POBJ(restaurant),True,False
@Outback is telling employees of store #3359 they cant hold a sale to raise money for outbackers affected by #Irma @CNN @FoxNews @NBCNews,other_relevant_information,,,ROOT_VERB:telling|PREP(of)+POBJ(store)|PREP(for)+POBJ(outbackers),False,False
Our thoughts are with everyone in NZ that has recently been affected by #eqnz. Our thoughts are with all!,sympathy_and_support,PREP+PROPN,,NER_LOC:NZ,True,False
"When the floods come, we stand on the Rock. #HuricaneHarvey #Harvey2017 #devotion #prayer",other_relevant_information,,,ROOT_VERB:stand|PREP(on)+POBJ(Rock),False,False
@HillaryClinton 2 islands #Dominica MOVES ON after #HurricaneMaria CITIZENS TAKE REINS on recovery Lucky NO @uscapitol to depend on!,other_relevant_information,,,PREP(on)+POBJ(@uscapitol),False,False
"On 1 hand, the handling of #KeralaFloods by #PinarayiVijayan led govt has been exemplary..OTOH #ModiGovt response to request for aid by Kerala &amp; offers of aid to kerala have been horrible. Measly GoI offer,Terrible handling of UAE offer, with bjp IT cell&amp;modia adding to the mess",rescue_volunteering_or_donation_effort,,,PREP(of)+POBJ(KeralaFloods)|PREP(by)+POBJ(govt)|PREP(for)+POBJ(aid)|PREP(by)+POBJ(Kerala)|PREP(of)+POBJ(aid),False,False
Reporter says you can smell the mold and mildew in the air #Harvey #Texas Mold Kills,injured_or_dead_people,PREP+PROPN,,ROOT_VERB:says|PREP(in)+POBJ(air),True,False
RT @sang1983: Actor Vijay donates Rs.70 lakh towards #KeralaFloodRelief funds @THChennai @TheHinduCinema #actorvijay,rescue_volunteering_or_donation_effort,,,PREP(towards)+POBJ(funds),False,False
Volunteers collect aid for #hurricane-ravaged #Puerto Rico where power remains out 3 days after #Marias landfall,rescue_volunteering_or_donation_effort,,,ROOT_VERB:collect|PREP(for)+POBJ(Rico)|PREP(after)+POBJ(landfall),False,False
".@WaltDisneyCo announces $1 million donation, Day of Giving to Harvey victims",rescue_volunteering_or_donation_effort,,,ROOT_VERB:announces|PREP(to)+POBJ(victims)|NER_LOC:Harvey,False,False
"Thirty of Amrita Vidyalayam schools in the state have become #KeralaFloodRelief camps. They are providing shelter, food, clothing, toiletries and medical care. #KeralaFloods #Amma #Amritanandamayi",requests_or_urgent_needs,PREP+PROPN,,PREP(in)+POBJ(state)|ROOT_VERB:become|ROOT_VERB:providing,True,False
"Flagged off relief material worth Rs. 55 lakhs with the support of International Vaish Federation for #KeralaFlood victims. It includes #SolarPowered Home Light Kit - LED bulbs, Fan, Mobile Charger and Radio. @PMOIndia, @CMOKerala, @vaish_ivf",rescue_volunteering_or_donation_effort,,,ROOT_VERB:Flagged|PREP(with)+POBJ(support)|PREP(of)+POBJ(Federation)|PREP(for)+POBJ(victims)|ROOT_VERB:includes,False,False
"With the remnants of Hurricane Florence continuing to deluge the southeastern U.S., a small army of drones is being deployed to identify and fix damage caused by flooding.  #DronesforGood #DroneInnovation #UAS",infrastructure_and_utility_damage,,,PREP(of)+POBJ(Florence)|NER_LOC:U.S.|PREP(of)+POBJ(drones)|ROOT_VERB:deployed,False,False
"Hurricane Dorian is now tied for the fourth-strongest winds in the Atlantic since at least 1950. Life-threatening hazards, including a possible storm surge 18 to 23 feet above normal tide levels with higher destructive waves, are continue for the Bahamas for several hours.",other_relevant_information,PREP+PROPN,URGENCY_ADVERB,ROOT_VERB:tied|PREP(for)+POBJ(winds)|PREP(in)+POBJ(Atlantic)|NER_LOC:Atlantic|PREP(since)+POBJ(1950),True,True
.@LaurenBlanch12 on Irma’s impact on the Florida Keys: @FEMA estimates about a quarter of the homes there have been absolutely destroyed.”,infrastructure_and_utility_damage,,,PREP(on)+POBJ(impact)|PREP(on)+POBJ(Keys)|ROOT_VERB:estimates|PREP(of)+POBJ(homes),False,False
Help for #Kerala please ὤFὤFὤF,sympathy_and_support,,ACTION_VERB,ROOT_VERB:Help|PREP(for)+POBJ(Kerala)|NER_LOC:ὤFὤFὤF,False,True
A quarter of the homes in the Keys destroyed and more than half damaged by #Irma,infrastructure_and_utility_damage,PREP+PROPN,,PREP(of)+POBJ(homes)|PREP(in)+POBJ(Keys)|ROOT_VERB:destroyed,True,False
RT @AVFOTeam: #ThalapathyVijay has donated 70 lakhs towards the relief fund in #Kerala. #KeralaFloodRelief #KeralaFloods,rescue_volunteering_or_donation_effort,PREP+PROPN,,ROOT_VERB:donated|PREP(towards)+POBJ(fund)|PREP(in)+POBJ(Kerala),True,False
"RT @kaupapa: GNS says likely to be one 5+ aftershock every day for month. Avoid any buildings that do not feel safe, Welli folk #eqnz",caution_and_advice,,,ROOT_VERB:says|PREP(for)+POBJ(month)|ROOT_VERB:Avoid,False,False
"That house has never been seriously damaged.” -Mar-a-Lago’s historian BUT Trump got $17 MILLION in damages”. If #Maralago gets hit, Trump isn’t going to settle for a few rolls of paper towels. So I’d rather #HurricaneDorian stay away from it.",not_humanitarian,PREP+PROPN,,ROOT_VERB:damaged|ROOT_VERB:got|ROOT_VERB:going|PREP(for)+POBJ(rolls)|PREP(of)+POBJ(towels),True,False
@Fuctupmind @tony_sanky 70 people died in Hurricane Harvey 16 have died in Hurricane Maria. Houston I think we have a problem in veracity with the Mayor!,injured_or_dead_people,PREP+PROPN,,ROOT_VERB:died|PREP(in)+POBJ(Harvey)|PREP(in)+POBJ(Maria)|NER_LOC:Houston|ROOT_VERB:think,True,False
Pls DONATE to #Barbuda recovery. The island was leveled by #Irma. @WaittInstitute/@WaittFdn matching all donations.,rescue_volunteering_or_donation_effort,,ACTION_VERB,ROOT_VERB:DONATE|PREP(to)+POBJ(recovery)|ROOT_VERB:leveled|ROOT_VERB:matching,False,True
"FOX34, Telemundo Lubbock ring bells for Hurricane Harvey relief @SalArmyLubbock @BreedloveFoods",rescue_volunteering_or_donation_effort,,,PREP(for)+POBJ(@BreedloveFoods),False,False
#HINews #808News Hawaii Red Cross will be deploying five volunteers to Georgia for the impending landfall of Hurricane Dorian.,rescue_volunteering_or_donation_effort,,,ROOT_VERB:deploying|PREP(to)+POBJ(Georgia)|NER_LOC:Georgia|PREP(for)+POBJ(landfall)|PREP(of)+POBJ(Dorian),False,False
"@realDonaldTrump Care to comment on fires on National Forest lands located in California? Those are on you, Bubba.",not_humanitarian,PREP+PROPN,,ROOT_VERB:@realDonaldTrump|PREP(on)+POBJ(fires)|PREP(on)+POBJ(lands)|PREP(in)+POBJ(California)|NER_LOC:California,True,False
"The theory that is out right now seems incredible, but might be closer to the truth than not. There is a path for a planned system to connect N. and Southern Ca. that appears to cover the path of the fires! Could it be a way to take these properties w/o benefit to owners?",not_humanitarian,,URGENCY_ADVERB,ROOT_VERB:seems|ROOT_VERB:is|ROOT_VERB:appears|PREP(of)+POBJ(fires)|PREP(w/o)+POBJ(benefit),False,True
"@revprince @tinucherian @mohandastg There is no logical argument you can make to claim that modi is not responsible for donations from foreign countries. + the flood was a man made disaster. The church, sonia,kerala cm are directly responsible. Dark days ahead for those of you who are on social media spewing crap.",other_relevant_information,PREP+PROPN,,ROOT_VERB:is|PREP(from)+POBJ(countries),True,False
Bluru company restores light in over 500 flood ravaged homes in Kerala in 5 days. @geetikamantri writes. Its been just amazing how people from all over pitched in.,rescue_volunteering_or_donation_effort,PREP+PROPN,,ROOT_VERB:restores|PREP(in)+POBJ(homes)|PREP(in)+POBJ(Kerala)|NER_LOC:Kerala|PREP(in)+POBJ(days),True,False
RT @selfstyledsiren: I just donated to two charities on NY Times list of ones doing relief work for Hurricane Maria. Please join me. :,rescue_volunteering_or_donation_effort,,,ROOT_VERB:donated|PREP(to)+POBJ(charities)|PREP(on)+POBJ(list)|PREP(of)+POBJ(ones)|PREP(for)+POBJ(Maria),False,False
Out-of-state crews have started to arrive to help us prepare for #HurricaneDorian. We’re thankful to have the support of our fellow public power utilities in times of need! #PublicPower,rescue_volunteering_or_donation_effort,PREP+PROPN,ACTION_VERB,ROOT_VERB:started|PREP(for)+POBJ(HurricaneDorian)|ROOT_VERB:’re|PREP(of)+POBJ(utilities)|PREP(in)+POBJ(times),True,True
"If someone wants to donate money, so we can form a non-stop 24 hours team for psychological support of people affected by the fires in Greece, you can do it here: Paypal: psycholysiskatoikon@gmail.com #Πυρκαγια #PrayForGreece #fire #fires #Greece #tragedy 100% valid ὤFἿB",rescue_volunteering_or_donation_effort,PREP+PROPN,ACTION_VERB,PREP(for)+POBJ(support)|PREP(of)+POBJ(people)|PREP(in)+POBJ(Greece)|NER_LOC:Greece|ROOT_VERB:do,True,True
Thank you to @Alief_Nutrition for serving the #harvey evacuees! #HoustonProud #AliefProud,displaced_people_and_evacuations,,,ROOT_VERB:Thank|PREP(to)+POBJ(@Alief_Nutrition),False,False
"BREAKING: El Paso prepares to host 1,500 evacuees from the Houston area due to extreme flooding caused by Harvey.",displaced_people_and_evacuations,PREP+PROPN|PROPN+LOC_NOUN|LOC_NOUN,,NER_LOC:El|NER_LOC:Paso|ROOT_VERB:prepares|PREP(from)+POBJ(area)|NER_LOC:Houston,True,False
THESE PEOPLE NEED HELP! #AMERICANREDCROSS #FEMAPuertoRico PRs island of #Vieques was left devastated by Hurricane Maria.,requests_or_urgent_needs,,NEED+RESOURCE|ACTION_VERB,ROOT_VERB:NEED|NER_LOC:FEMAPuertoRico|PREP(of)+POBJ(Vieques)|ROOT_VERB:left,False,True
Donations to @nnedv will be sent to #HurricaneHarvey-affected areas for domestic violence programs.,rescue_volunteering_or_donation_effort,,,PREP(to)+POBJ(@nnedv)|ROOT_VERB:sent|PREP(to)+POBJ(areas)|PREP(for)+POBJ(programs),False,False
EU Ambassador ἞A἟A Antonio Sanchez-Benedito visited #Mozambique this week to see @WFP’s response efforts in the aftermath of #CycloneIdai. A recent #EU contribution has enabled WFP-led @logcluster to reach isolated communities with food airlifts! ὊA,other_relevant_information,PREP+PROPN,,ROOT_VERB:visited|PREP(in)+POBJ(aftermath)|PREP(of)+POBJ(CycloneIdai)|ROOT_VERB:enabled|PREP(with)+POBJ(airlifts),True,False
"Floods in Maryland oh my,lets hope everyone and all the animals are safe,objects can be replaced,people and animals cannot.",sympathy_and_support,PREP+PROPN,,PREP(in)+POBJ(Maryland)|NER_LOC:Maryland,True,False
Never enough thanks to the #CajunNavy for your volunteer spirit and coming to the aid of your fellow Americans in time of need ! #Harvey,rescue_volunteering_or_donation_effort,PREP+PROPN,ACTION_VERB,PREP(to)+POBJ(CajunNavy)|PREP(to)+POBJ(aid)|PREP(of)+POBJ(Americans)|PREP(in)+POBJ(time)|PREP(of)+POBJ(need),True,True
RT @fmchurchusa: Pray for Puerto Rico and Help It Recover From Hurricane Maria,sympathy_and_support,PREP+PROPN,ACTION_VERB,ROOT_VERB:Pray|NER_LOC:Puerto|NER_LOC:Rico|PREP(From)+POBJ(Maria),True,True
"Firefighters begin block-by-block search of 37,000 #Houston homes flooded by #Harvey  via @bi_contributors",rescue_volunteering_or_donation_effort,,,ROOT_VERB:begin|PREP(by)+POBJ(block)|PREP(of)+POBJ(homes)|PREP(via)+POBJ(@bi_contributors),False,False
"If Dorian continues on that track, Orlando and Jacksonville may see heavy rain, gusty winds and significant flooding. Dorian would then move north to coastal Georgia and South Carolina, where rain, storm surge and flooding is a threat",caution_and_advice,,ACTION_VERB,PREP(on)+POBJ(track)|NER_LOC:Orlando|NER_LOC:Jacksonville|ROOT_VERB:see|ROOT_VERB:move,False,True
#Costco Please update us on what you are doing to help Hurricane Maria survivors in Puerto Rico. @Costco,sympathy_and_support,PREP+PROPN,ACTION_VERB,ROOT_VERB:update|PREP(in)+POBJ(Rico)|NER_LOC:Puerto|NER_LOC:Rico,True,True
Know someone with flood damage? Pls share this guide for overcoming toxic mold with them,infrastructure_and_utility_damage,,,ROOT_VERB:Know|ROOT_VERB:share|PREP(with)+POBJ(them),False,False
"Rain, wind lashes quake-hit areas  #eqnz",infrastructure_and_utility_damage,,,ROOT_VERB:lashes,False,False
I just made a contribution to @PIH to help post-hurricane in Haiti. Please consider making one too. Haiti was already in such terrible shape,rescue_volunteering_or_donation_effort,PREP+PROPN,ACTION_VERB,ROOT_VERB:made|PREP(to)+POBJ(@PIH)|PREP(in)+POBJ(Haiti)|NER_LOC:Haiti|ROOT_VERB:consider,True,True
Hurricane Florence Public Advisory Number 49,caution_and_advice,,,,False,False
"@elonmusk perhaps @boringcompany could also be an asset for evacuations. Expedience is crucial in these situations, right? Full bore ahead for future evacuations.",displaced_people_and_evacuations,PREP+PROPN,,PREP(for)+POBJ(evacuations),True,False
. @KimKalunian catches up with Westerly native on Irma relief mission with US Coast Guard,other_relevant_information,LOC_NOUN|PROPN+LOC_NOUN,,PREP(with)+POBJ(native)|NER_LOC:Westerly|NER_LOC:Irma|PREP(with)+POBJ(Guard),True,False
#KeralafloodRelief Here is a list of items required with relief camp details / volunteer network etc which is being constantly updated. Plz spare 5 mins and contribute to this list with any info you might be privy to..RT &amp; spread the word @PMOIndia,rescue_volunteering_or_donation_effort,,,PREP(of)+POBJ(items)|PREP(with)+POBJ(network)|ROOT_VERB:spare|PREP(to)+POBJ(list)|PREP(with)+POBJ(info),False,False
"Your bike can be salvaged! If youve been affected by the recent hurricanes, follow our rules to restore your bike!",other_relevant_information,,,ROOT_VERB:salvaged|ROOT_VERB:follow,False,False
Hurricane Mathew Relief for Haiti,rescue_volunteering_or_donation_effort,,,NER_LOC:Haiti,False,False
[Notice-PUB] Yuan Ching Rd / Yung Kuang Rd: Water level falls below 90%. High Flood Risk Eased. #SG_Alerts (10:12),caution_and_advice,,,ROOT_VERB:falls|PREP(below)+POBJ(%),False,False
"Trump Fumes Over Puerto Rico Toll As Death Count Rises For Hurricane Florence As Tropical Storm Florence thrashed through the East Coast on Friday,  #USRC",injured_or_dead_people,LOC_NOUN|PROPN+LOC_NOUN,,PREP(For)+POBJ(Florence)|PREP(through)+POBJ(Coast)|NER_LOC:the|NER_LOC:East|NER_LOC:Coast,True,False
The death toll from Hurricane #Irma in the Caribbean and Southeast U.S. has risen to 52:,injured_or_dead_people,PREP+PROPN,,PREP(from)+POBJ(Irma)|NER_LOC:Caribbean|ROOT_VERB:risen|PREP(to)+POBJ(52),True,False
@MarvelousAish @realDonaldTrump They flood our hospitals schools and food banks. ER is so expensive in part because of illegal aliens,other_relevant_information,PREP+PROPN,,ROOT_VERB:@realDonaldTrump,True,False
"After covering Vogue Mexico, Kim Kardashian is asking her followers to donate towards earthquake relief efforts:",rescue_volunteering_or_donation_effort,PREP+PROPN,ACTION_VERB,NER_LOC:Vogue|NER_LOC:Mexico|ROOT_VERB:asking|PREP(towards)+POBJ(efforts),True,True
"My thoughts and prayers for the people in the Bahamas, in the path of #HurricaneDorian please be safe ἞7἟8ὤFἿC",sympathy_and_support,PREP+PROPN,,PREP(for)+POBJ(people)|PREP(in)+POBJ(Bahamas)|NER_LOC:Bahamas|PREP(in)+POBJ(path)|PREP(of)+POBJ(HurricaneDorian),True,False
Florida races to check nursing homes after 8 residents found dead in Irma’s wake,injured_or_dead_people,PREP+PROPN,,NER_LOC:Florida|PREP(in)+POBJ(wake)|NER_LOC:Irma,True,False
Ashley Homestore is helping Camp Fire victims get new beds! 100% of your donation will be used to provide Camp Fire victims with new queen mattress sets for the Salvation Army to distribute.,rescue_volunteering_or_donation_effort,,,ROOT_VERB:helping|NER_LOC:Camp|NER_LOC:Fire|PREP(of)+POBJ(donation)|ROOT_VERB:used,False,False
Today marks 110th anniversary of 1906 earthquake in San Francisco,not_humanitarian,PREP+PROPN,,ROOT_VERB:marks|PREP(of)+POBJ(earthquake)|PREP(in)+POBJ(Francisco)|NER_LOC:San|NER_LOC:Francisco,True,False
U.S. Bishops to take up special collection in support of Hurricane Harvey victims,rescue_volunteering_or_donation_effort,PREP+PROPN,,NER_LOC:U.S.|ROOT_VERB:take|PREP(in)+POBJ(support)|PREP(of)+POBJ(victims)|NER_LOC:Hurricane,True,False
Four reported dead as Hurricane Irma devastates Caribbean islands,injured_or_dead_people,,,ROOT_VERB:reported|NER_LOC:Caribbean,False,False
"@EWErickson May not be good timing, but I can tell you I remember when we managed the forests and undergrowth in California. Weve always had the Santa Ana winds and the winds always fan fires, as a result we used to have fire roads graded in, brush cleared far away from homes, 1/2",other_relevant_information,PREP+PROPN,,PREP(in)+POBJ(California)|NER_LOC:California|ROOT_VERB:had|NER_LOC:Santa|NER_LOC:Ana,True,False
There are many still in need in Puerto Rico after the damage from Hurricane Maria. Be a #ForceforGood today and,requests_or_urgent_needs,PREP+PROPN,ACTION_VERB,ROOT_VERB:are|PREP(in)+POBJ(Rico)|NER_LOC:Puerto|NER_LOC:Rico|PREP(after)+POBJ(damage),True,True
RT @prayingmedic: Please pray. ὤF Live coverage of Hurricane Dorian,sympathy_and_support,,,ROOT_VERB:pray|PREP(of)+POBJ(Dorian),False,False
"Keeping all those affected by #Irma in our thoughts, especially one of our own families, the Harkins 💙💙",other_relevant_information,PREP+PROPN,,PREP(in)+POBJ(thoughts),True,False
Boom for car dealers? Does auto comprehensive cover flood damage? &amp; ruined not driveable or ruined ugly &amp; smelly?,not_humanitarian,,,PREP(for)+POBJ(dealers),False,False
#CycloneIdai has left a path of destruction for hundreds of thousands of people in need across Southern Africa. @UNReliefChief allocates US$20M from @UNCERF to ramp up the humanitarian response in ἟2἟F ἟2἟C ἟F἟C But much more is needed &gt;&gt;  #InvestInHumanity,rescue_volunteering_or_donation_effort,PREP+PROPN,ACTION_VERB,ROOT_VERB:left|PREP(of)+POBJ(destruction)|PREP(for)+POBJ(thousands)|PREP(of)+POBJ(people)|PREP(in)+POBJ(need),True,True
Harvey Live Updates: Houston Grapples With Floods as Trump Visits Texas,other_relevant_information,,,PREP(as)+POBJ(Texas)|NER_LOC:Texas,False,False
"Many in the Carolinas are still dealing with the aftermath of Hurricane Florence, and need your help. Beginning at 5:30 AM, call 309-698-3742 to donate to our Emergency Relief Phone-A-Thon. It runs until 10:30 PM tonight, and is in partnership with the American Red Cross.",rescue_volunteering_or_donation_effort,PREP+PROPN,DISTRESS_SIGNAL|ACTION_VERB,NER_LOC:Carolinas|ROOT_VERB:dealing|PREP(with)+POBJ(aftermath)|PREP(of)+POBJ(Florence)|NER_LOC:Hurricane,True,True
WTF!! UGK Archives Destroyed By Hurricane Harvey In Houston | DocHicksTv (Link in bio to this,infrastructure_and_utility_damage,PREP+PROPN,,PREP(In)+POBJ(Houston)|NER_LOC:Houston|ROOT_VERB:Link|PREP(in)+POBJ(bio)|PREP(to)+POBJ(this),True,False
"White House officials say at least 100,000 homes affected by #HurricaneHarvey. #wral",infrastructure_and_utility_damage,PREP+PROPN,,ROOT_VERB:say,True,False
An important safety message from @NWS - We encourage all Georgians to stay off the roads if possible,caution_and_advice,,,PREP(from)+POBJ(@NWS)|ROOT_VERB:encourage|PREP(off)+POBJ(roads),False,False
Keeping the Bahamas in my thoughts today. #HurricaneDorian,other_relevant_information,PREP+PROPN,,ROOT_VERB:Keeping|NER_LOC:Bahamas|PREP(in)+POBJ(thoughts),True,False
"As Hurricane Dorian bears down on the U.S., its a reminder that we all need to be prepared for disasters. Were meeting with regional emergency management officials next week to strengthen our local partnerships. #MCDHereForYou @Ohio_EMA",other_relevant_information,,DISTRESS_SIGNAL|ACTION_VERB,PREP(on)+POBJ(U.S.)|NER_LOC:U.S.|PREP(for)+POBJ(disasters)|ROOT_VERB:meeting|PREP(with)+POBJ(officials),False,True
We are activating the Camp Fire Evacuation Relief Fund to support those organizations that are providing food and shelter to our neighbors who were forced out of their homes. Follow the link below to learn how to give.,rescue_volunteering_or_donation_effort,,,ROOT_VERB:activating|NER_LOC:the|NER_LOC:Camp|NER_LOC:Fire|NER_LOC:Evacuation,False,False
RT @JustMuhammad: Let’s support our sister with the relief effort in #MexicoEarthquake Jamilah Muhammad send donations to Jamis.Muhammad.ru,rescue_volunteering_or_donation_effort,,ACTION_VERB,ROOT_VERB:Let|PREP(with)+POBJ(effort)|PREP(in)+POBJ(#),False,True
RT @Slate: Devil winds” fuel deadly California wildfires as death toll reaches 25.,injured_or_dead_people,,,NER_LOC:California,False,False
We are partnering with Southern Baptist Disaster Relief and @FEMA to respond to #HurricaneFlorence and other storms. Join us in praying for the communities in the path of the storm.,rescue_volunteering_or_donation_effort,PREP+PROPN,,ROOT_VERB:partnering|PREP(with)+POBJ(Relief)|PREP(to)+POBJ(HurricaneFlorence)|ROOT_VERB:Join|PREP(for)+POBJ(communities),True,False
Our thoughts are with the brave people of Kerala during this Onam festival. Please donate liberally for Kerala in keeping with the spirit of Onam. - @ArvindKejriwal #KeralaFloods #Donate4Kerala #Onam,sympathy_and_support,PREP+PROPN,ACTION_VERB,PREP(of)+POBJ(Kerala)|NER_LOC:Kerala|NER_LOC:Onam|ROOT_VERB:donate|PREP(for)+POBJ(Kerala),True,True
"Can you also please lift paywall on articles about the other major disaster–&gt;Trump&lt;- Help people get informedand away from Breitbart, Fox",not_humanitarian,PREP+PROPN,ACTION_VERB,ROOT_VERB:lift|PREP(on)+POBJ(articles)|PREP(about)+POBJ(disaster–&gt;Trump&lt;-)|NER_LOC:Breitbart,True,True
"Huge emergency evacuation underway in Puerto Rico over fears a dam hit by #Hurricane #Maria could fail. 70,000 people asked to leave homes.",displaced_people_and_evacuations,PREP+PROPN,DISTRESS_SIGNAL,NER_LOC:Puerto|NER_LOC:Rico|PREP(over)+POBJ(fears)|ROOT_VERB:asked,True,True
RT @PressTV: DRONE FOOTAGE: This is what a 7.8 magnitude earthquake can do to a bridge #EcuadorEarthquake,infrastructure_and_utility_damage,LOC_NOUN,,PREP(to)+POBJ(bridge),True,False
Latest on California wildfires: - At least 66 people are dead - More than 600 others are missing - More than 140 people have been sickened by norovirus in shelters - Schools across the San Francisco Bay Area will be closed Friday due to poor air quality,injured_or_dead_people,PREP+PROPN|PROPN+LOC_NOUN|LOC_NOUN,VICTIM_STATE,NER_LOC:California|PREP(in)+POBJ(shelters)|NER_LOC:the|NER_LOC:San|NER_LOC:Francisco,True,True
#Kerala needs your help right now. Please consider donating to @goonj for the relief work they are doing -  #KeralaFloods #WeStandWithKerala Pictures by @shalinilobo93,rescue_volunteering_or_donation_effort,,URGENCY_ADVERB|ACTION_VERB,ROOT_VERB:needs|ROOT_VERB:consider|PREP(to)+POBJ(@goonj)|PREP(for)+POBJ(work)|PREP(by)+POBJ(@shalinilobo93),False,True
@NebraskaRedZone I live in California now but i was raised in Nebraska and still have family there so Im happy to help,rescue_volunteering_or_donation_effort,PREP+PROPN,URGENCY_ADVERB|ACTION_VERB,ROOT_VERB:live|PREP(in)+POBJ(California)|NER_LOC:California|ROOT_VERB:raised|PREP(in)+POBJ(Nebraska),True,True
Its extremely difficult time for the people of Mirpur who have been affecting with the worst earthquake ever. We support and pray for their recovery and well beings. #Mirpur #Earthquake #Pakistan #Prayers and #support!,sympathy_and_support,,,PREP(for)+POBJ(people)|PREP(of)+POBJ(Mirpur)|NER_LOC:Mirpur|PREP(with)+POBJ(earthquake)|ROOT_VERB:support,False,False
"ἲAAll of #florida is under a state of emergency as #hurricanedorian gathers strength and aims to slam the state as soon as Monday. The most likely scenario is a track near the Florida Peninsula late in the weekend,",requests_or_urgent_needs,PREP+PROPN,DISTRESS_SIGNAL,NER_LOC:florida|PREP(of)+POBJ(emergency)|PREP(near)+POBJ(Peninsula)|NER_LOC:Florida|NER_LOC:Peninsula,True,True
"Hurricane Harvey Is a Tragedy, not a Rhetorical Tool",not_humanitarian,,,,False,False
"My thoughts are with everyone suffering from wildfire evacuations, from Fort McMurray across Canada",sympathy_and_support,PREP+PROPN,,PREP(from)+POBJ(evacuations)|NER_LOC:Fort|NER_LOC:McMurray|NER_LOC:Canada,True,False
RT @WTOC11: North #Georgia campground welcoming #HurricaneFlorence evacuees &gt;&gt;,displaced_people_and_evacuations,,,NER_LOC:Georgia,False,False
Hurricane Harvey really did more damage to my house then what it looks. Like literally it looks worse everyday.,infrastructure_and_utility_damage,,,ROOT_VERB:did|PREP(to)+POBJ(house)|ROOT_VERB:looks,False,False
"3/3 PARS team shall establish communication base and for restoration, shall supply House hold things like umbrellas, stoves &amp; other daily need items to help life returns to normalcy, aid is based on donations from PARS members National emergency calling frequency is still active",rescue_volunteering_or_donation_effort,PREP+PROPN,DISTRESS_SIGNAL|ACTION_VERB,PREP(like)+POBJ(umbrellas)|PREP(to)+POBJ(normalcy)|ROOT_VERB:based|PREP(on)+POBJ(donations)|PREP(from)+POBJ(members),True,True
"I have to say that #hurricanemaria most be the best mission for soldiers because they dont have to kill anyone, just provide food &amp; water",other_relevant_information,,,ROOT_VERB:have|PREP(for)+POBJ(soldiers),False,False
To ALL the residents in the Bahamas; to their families &amp; to ALL that are being affected; our Hearts are with you NOW! Sending prayers &amp; healing energies to ALL involved &amp; praying that they receive ALL the help &amp; the resources they need ὤFὤFὤF,sympathy_and_support,PREP+PROPN,URGENCY_ADVERB|ACTION_VERB,PREP(in)+POBJ(Bahamas)|NER_LOC:Bahamas|ROOT_VERB:praying,True,True
"Hurricane Maria’s destruction sets Puerto Rico back decades, officials say",other_relevant_information,,,NER_LOC:Puerto|NER_LOC:Rico|ROOT_VERB:say,False,False
"5 am Saturday Advisory on #Dorian.the trend of a turn north farther east continues. Very few computer models indicate that the center would cross the FL coast. With that said, E. Coast areas could still experience hurricane conditions. W. coast impacts becoming more unlikely.",caution_and_advice,LOC_NOUN|PROPN+LOC_NOUN,,PREP(of)+POBJ(turn)|ROOT_VERB:continues|ROOT_VERB:indicate|NER_LOC:E.|NER_LOC:Coast,True,False
* Australia hands over flood aid to Sri Lanka navy  #news,rescue_volunteering_or_donation_effort,,,NER_LOC:Australia|ROOT_VERB:hands|PREP(to)+POBJ(navy),False,False
Donations for Mati’s fire victims fill this local gym. Hundreds of people from across the region have donated food and clothes to those in need. The supplies are sorted then distributed to victims left homeless by the fires. #Greecefires #Mati,rescue_volunteering_or_donation_effort,PREP+PROPN,ACTION_VERB,PREP(for)+POBJ(victims)|ROOT_VERB:fill|PREP(of)+POBJ(people)|ROOT_VERB:donated|PREP(to)+POBJ(those),True,True
This is an island. Surrounded by water. Big water. Ocean water.” -#DTARD ᾒ6‍♂️ᾒ6ἿB‍♂️ᾒ6ἿD‍♂️ᾒ6ἿE‍♂️ᾒ6ἿF‍♂️,not_humanitarian,,,ROOT_VERB:Surrounded|ROOT_VERB:ᾒ6‍,False,False
"@friendsofrss Is it true, if one see T V news not a single recorded or live of any RSS workers helping Kerala flood people.",rescue_volunteering_or_donation_effort,,,PREP(of)+POBJ(workers)|NER_LOC:Kerala,False,False
"Blessed to work for such a beautiful company, hurricane Harvey did no damage to these kiddos💗 #MagentaStrong #TMobile #TeamWork",infrastructure_and_utility_damage,,,PREP(for)+POBJ(company)|NER_LOC:Harvey|ROOT_VERB:did|PREP(to)+POBJ(kiddos),False,False
"Newsweek: California Fires Map: Camp Fire Update, Air Quality, Containment, Death Toll Latest.  via @GoogleNews",other_relevant_information,,,NER_LOC:California|NER_LOC:Camp|NER_LOC:Fire|NER_LOC:Update|PREP(via)+POBJ(@GoogleNews),False,False
Never expected CEO of a media startup to bring in ideology at the time of #KeralaFloodRelief. It is not the hour to play politics when people need to be rescued and the state needs help. People whom I thought to be open minded and moderate are more bigoted.,not_humanitarian,PREP+PROPN,ACTION_VERB,ROOT_VERB:expected|PREP(of)+POBJ(startup)|PREP(at)+POBJ(time)|PREP(of)+POBJ(KeralaFloodRelief),True,True
They need help and 10 days to get to them isnt enough!,requests_or_urgent_needs,,NEED+RESOURCE|ACTION_VERB,ROOT_VERB:need|PREP(to)+POBJ(them),False,True
I accept your challenge @KevinHart4real and challenge everyone to donate! #HurricaneHarvey Donate here -&gt;,rescue_volunteering_or_donation_effort,,ACTION_VERB,ROOT_VERB:accept,False,True
RT @jessicalevco: Hats off to @Carolinas for creating an up-to-the-minute resource page about #Florence for #patients &amp; #staff: .,other_relevant_information,,,PREP(for)+POBJ(#),False,False
Thank you didi @poonam_mahajan ji for donating salary to the flood relief fund. You are an inspiration for the youths. #KeralaFloods,rescue_volunteering_or_donation_effort,,,ROOT_VERB:Thank|PREP(to)+POBJ(fund)|PREP(for)+POBJ(youths),False,False
Better get food water lots of water bottles ready and generators medical equipment personnel in place if that monster hits. Ive seen homestead back in the early 90s it was bad and piles of trash and tore up homes and bad insurance companies that stiffed folks.,caution_and_advice,PREP+PROPN,,ROOT_VERB:get|PREP(of)+POBJ(bottles)|PREP(in)+POBJ(place)|ROOT_VERB:seen|PREP(of)+POBJ(trash),True,False
"Flood in Kerala :about 900,000. people were in relief camps.Around 300 people are dead.People are now facing the after effects of the flood.Please pray for us.",injured_or_dead_people,PREP+PROPN,URGENCY_ADVERB,PREP(in)+POBJ(Kerala)|NER_LOC:Kerala|ROOT_VERB:facing|PREP(of)+POBJ(flood)|ROOT_VERB:pray,True,True
"RT @AP: BREAKING: Police say body found in Patapsco River is Eddison Hermond, who was reported missing in Maryland flash floods.",injured_or_dead_people,PREP+PROPN|PROPN+LOC_NOUN|LOC_NOUN,VICTIM_STATE,ROOT_VERB:say|PREP(in)+POBJ(River)|NER_LOC:Patapsco|NER_LOC:River|PREP(in)+POBJ(floods),True,True
The @SamaritansPurse DC-3 and DC-8 planes have been in Mozambique unloading critical relief supplies for the suffering people who were displaced by Cyclone #Idai. Would you pray for those affected by this tragedy? We will be making a second trip to Mozambique this week.,rescue_volunteering_or_donation_effort,PREP+PROPN,,NER_LOC:Mozambique|PREP(for)+POBJ(people)|ROOT_VERB:pray|PREP(for)+POBJ(those)|ROOT_VERB:making,True,False
Enter our #charityraffle to help #Mexico in the wake of the recent earthquake devastation. We’re at 70% of our goal so far! #mypni #bctech,rescue_volunteering_or_donation_effort,PREP+PROPN,ACTION_VERB,ROOT_VERB:Enter|NER_LOC:Mexico|PREP(in)+POBJ(wake)|PREP(of)+POBJ(devastation)|ROOT_VERB:’re,True,True
RT @1D_Updates_EU: Thoughts and prayers are going out to everyone effected in Ecuador ὢA #PrayForEcuador,sympathy_and_support,PREP+PROPN,,ROOT_VERB:going|PREP(to)+POBJ(everyone)|PREP(in)+POBJ(Ecuador)|NER_LOC:Ecuador,True,False
Hurricane Warning now issued for parts of eastern Florida. Dorian continues to hit the NW Bahamas as a Cat. 5. Air Force Recon. plane measured a wind of 184mph just prior to landfall in the Bahamas. This hurricane will come very close to east FL on Tuesday,caution_and_advice,PREP+PROPN,URGENCY_ADVERB,PREP(for)+POBJ(parts)|PREP(of)+POBJ(Florida)|NER_LOC:Florida|ROOT_VERB:continues|NER_LOC:the,True,True
#Americares gave 1000 doses of insulin to Bayamon Health Center Many waiting days for more insulin #Hurricanemaria #LinkInBio 2help #MariaPR,rescue_volunteering_or_donation_effort,,,ROOT_VERB:gave|PREP(of)+POBJ(insulin)|PREP(for)+POBJ(Hurricanemaria),False,False
"RT @MSNBC: At least 120 people killed, scores injured in devastating #ItalyEarthquake:",injured_or_dead_people,PREP+PROPN,VICTIM_STATE,PREP(in)+POBJ(ItalyEarthquake),True,True
"Thank you Pet Supplies Plus - Valparasio, Indiana for your donation to the Hurricane Harvey donation drive💕",rescue_volunteering_or_donation_effort,,,ROOT_VERB:Thank|NER_LOC:Indiana|PREP(for)+POBJ(donation)|PREP(to)+POBJ(drive)|NER_LOC:Hurricane,False,False
I can’t able to paying donation for Kerala Floods via @Paytm app kindly fix the issue asap Cc @vijayshekhar @Paytmcare @PaytmBank #KeralaFlood #KeralaReliefFund #KeralaFloods2018,rescue_volunteering_or_donation_effort,,URGENCY_ADVERB,PREP(for)+POBJ(Floods)|PREP(via)+POBJ(app),False,True
They have been saying a while now its climate change you moron people dead animals killed homes lost and this is all you can say i hope you get kicked out next time and America gets the president they deserve,not_humanitarian,,URGENCY_ADVERB,ROOT_VERB:saying|NER_LOC:America,False,True
These are the places my heart leads me to. GPS isnt needed. #ClevelandOhio #Believeland #Skyline #CityPhotography #Skyscrapers #Buildings #Architecture #Bridges #Clevelander #Blessed,not_humanitarian,,,ROOT_VERB:needed|ROOT_VERB:Blessed,False,False
RT @MartinSchulz: Look fwd to debate EU agenda for the months ahead @PES_PSE leaders meeting in #Paris. Our thoughts will be with victims,sympathy_and_support,,,ROOT_VERB:Look|PREP(for)+POBJ(months)|PREP(in)+POBJ(Paris)|NER_LOC:Paris,False,False
for donations from outside Italy. Can you RT please? Thank you. @KseniaSolo @sashaalexander #ItalyEarthquake,rescue_volunteering_or_donation_effort,PREP+PROPN,,NER_LOC:Italy|ROOT_VERB:Thank,True,False
@sharondubois_ hello  in mexico there are many people who have suffered for the earthquake. We pray for mexico.ὠ7,sympathy_and_support,PREP+PROPN,,NER_LOC:mexico|ROOT_VERB:are|PREP(for)+POBJ(earthquake)|ROOT_VERB:pray,True,False
"People of Kerala are going through toughest times. They have lost lives and damage to their homes and property is unthinkable. My appeal to everybody to please donate money, clothes anything that helps in their times of crisis ὤF #KeralaReliefFund",rescue_volunteering_or_donation_effort,PREP+PROPN,ACTION_VERB,PREP(of)+POBJ(Kerala)|NER_LOC:Kerala|ROOT_VERB:going|PREP(through)+POBJ(times)|ROOT_VERB:lost,True,True
Tropical Storm Warning issued for coast of North Carolina as Maria moves northward  via @WTKR3,caution_and_advice,LOC_NOUN|PROPN+LOC_NOUN,,PREP(for)+POBJ(coast)|PREP(of)+POBJ(Carolina)|NER_LOC:North|NER_LOC:Carolina|PREP(via)+POBJ(@WTKR3),True,False
Pray for my city #victoria and state #texas #HelpforHouston #HurricaneHarvey #Texas #flooding #helptexas,sympathy_and_support,LOC_NOUN|PROPN+LOC_NOUN,,ROOT_VERB:Pray|PREP(for)+POBJ(city),True,False
"#HumanityFirst volunteers from #Wayanad distributing food items to the needy in presence of Mr. T M Kasim, Circle Inspector of Police and Medical officers. #KeralaFloods",rescue_volunteering_or_donation_effort,PREP+PROPN,,PREP(from)+POBJ(Wayanad)|PREP(to)+POBJ(needy)|PREP(of)+POBJ(Kasim),True,False
Death toll reportedly reaches 3 as Harvey stalls over Houston  via @HoustonChron,injured_or_dead_people,,,ROOT_VERB:reaches|NER_LOC:Harvey|PREP(over)+POBJ(Houston)|NER_LOC:Houston|PREP(via)+POBJ(@HoustonChron),False,False
the halloween party was supposed to be tonight but irma’s turning up wanting an invitation like,other_relevant_information,,,ROOT_VERB:supposed,False,False
#PakistanArmy rescue teams reached #AJK . #earthquake,rescue_volunteering_or_donation_effort,,ACTION_VERB,ROOT_VERB:reached,False,True
#Harvey’s sustained winds are 50 mph; flash flood watches remain in effect from southeast TX to western FL and across parts of TN valley.,other_relevant_information,PREP+PROPN,,ROOT_VERB:remain|PREP(in)+POBJ(effect)|PREP(from)+POBJ(TX)|PREP(to)+POBJ(FL)|PREP(of)+POBJ(valley),True,False
"@CNN need help 8001 Honeywood Trail #92 Crystal Creek Apt Port Arthur, TX 77640. Who else can she call? #HurricaneHarvey",requests_or_urgent_needs,LOC_NOUN,NEED+RESOURCE|ACTION_VERB,ROOT_VERB:need|NER_LOC:Crystal|NER_LOC:Creek|NER_LOC:Apt|NER_LOC:Port,True,True
RT @Europarl_EN: Earthquake in Italy: @EP_President Martin Schulz offers sympathy to the victims #terremoto #PrayForItaly,sympathy_and_support,PREP+PROPN,,NER_LOC:Italy|ROOT_VERB:offers|PREP(to)+POBJ(victims),True,False
"One of the largest rescue operations, 40 helicopters, 31 aircraft, 182 teams for rescue, 18 Medical Teams of Defence forces, 58 teams of NDRF, 7 companies of CAPFs were pressed into service along with over 500 boats #KeralaFloods",rescue_volunteering_or_donation_effort,,ACTION_VERB,PREP(for)+POBJ(rescue)|PREP(of)+POBJ(NDRF)|PREP(of)+POBJ(CAPFs)|ROOT_VERB:pressed|PREP(into)+POBJ(service),False,True
Such a world class organization.,not_humanitarian,,,,False,False
Harvey Death Toll Rises Again; 8th Victim Confirmed @weatherchannel  #HurricaneHarvey #houstonflood,injured_or_dead_people,,,ROOT_VERB:houstonflood,False,False
"J.J. Watt, Mayor Turner and Aldine ISD volunteers team up to provide relief to flood victims -  #Aldine",rescue_volunteering_or_donation_effort,,,ROOT_VERB:team,False,False
Ya Allah save everyoneὤFἿB #earthquake #Lahore #Islamabad #Mirpur #Kashmir #Pakistan,sympathy_and_support,,ACTION_VERB,ROOT_VERB:save|NER_LOC:Pakistan,False,True
🚨ALERT! The media is trying to downplay #Mexicos #earthquake. THE DESTRUCTION IS MASSIVE! Deaths are in the dozens. SHARE! #Temblor,injured_or_dead_people,PREP+PROPN,,ROOT_VERB:trying,True,False
Earthquake in Pakistan. Stay safe people. May Allah protect us all. AMEEN. #earthquake,sympathy_and_support,PREP+PROPN,,PREP(in)+POBJ(Pakistan)|NER_LOC:Pakistan|ROOT_VERB:Stay|ROOT_VERB:protect,True,False
"AT&amp;T Pledges $350,000 to Aid Communities Impacted by Hurricane Harvey",rescue_volunteering_or_donation_effort,,,,False,False
"Good News: Most Beautiful Place, HdG Shines Blue, Duckling Rescue",rescue_volunteering_or_donation_effort,,ACTION_VERB,,False,True
FEMA estimates 25 percent of homes in Florida Keys are destroyed #FloridaKeys @fema #PrayForFlorida,infrastructure_and_utility_damage,PREP+PROPN,,ROOT_VERB:estimates|PREP(of)+POBJ(homes)|PREP(in)+POBJ(Keys)|NER_LOC:Florida|NER_LOC:Keys,True,False
The proceeds of this remix by @Beyonce will be donated to Puerto Rico and Mexico relief efforts. #SOSPuertoRico #Maria #HurricaneMaria ἟5἟7,rescue_volunteering_or_donation_effort,,,PREP(of)+POBJ(remix)|PREP(by)+POBJ(@Beyonce)|ROOT_VERB:donated|PREP(to)+POBJ(Rico)|NER_LOC:Puerto,False,False
".@realDonaldTrump, you hawked a book for @SheriffClarke before tweeting a/b those impacted by #HurricaneHarvey. Youre truly disgraceful.",not_humanitarian,,,ROOT_VERB:hawked|PREP(for)+POBJ(@SheriffClarke)|ROOT_VERB:re,False,False
"The California fires have claimed over 77 lives, with hundreds more missing, and are the deadliest in our nations history. The people of California need our support. Donate here:",injured_or_dead_people,PREP+PROPN,VICTIM_STATE|ACTION_VERB,NER_LOC:California|ROOT_VERB:claimed|PREP(of)+POBJ(California)|NER_LOC:California|ROOT_VERB:need,True,True
My prayers for those who suffered due to #earthquake.,sympathy_and_support,,,PREP(for)+POBJ(those),False,False
Water rescues underway as Hurricane Florence pounds the Carolinas,rescue_volunteering_or_donation_effort,,,ROOT_VERB:rescues|NER_LOC:Hurricane|NER_LOC:Florence|NER_LOC:Carolinas,False,False
"HAITIS RELIEF EFFORT. In the wake of Hurricane Matthew, these Marines with @24thMEU are deploying to Haiti, today",rescue_volunteering_or_donation_effort,PREP+PROPN,,PREP(In)+POBJ(wake)|PREP(of)+POBJ(Matthew)|ROOT_VERB:deploying|PREP(to)+POBJ(Haiti)|NER_LOC:Haiti,True,False
"The official death toll from Cyclone Idai, continues to rise sharply. On Sunday, March 24, Mozambique authorities said 446 people are now confirmed dead and the figure is likely to rise further as more affected areas become accessible.",injured_or_dead_people,PREP+PROPN,URGENCY_ADVERB,PREP(from)+POBJ(Idai)|ROOT_VERB:continues|PREP(On)+POBJ(Sunday)|ROOT_VERB:said,True,True
@bostonpizza provides hot meals and assistance in Fort McMurray wildfire relief efforts #BBA #Toronto #Food #News,rescue_volunteering_or_donation_effort,PREP+PROPN,,ROOT_VERB:provides|PREP(in)+POBJ(efforts)|NER_LOC:Fort|NER_LOC:McMurray,True,False
"The Government Engineering College, Barton Hill, has almost all its 2,500 students assembling emergency power banks, @prajanma finds out more  #KeralaFloodRelief #KeralaReliefFund #KeralaFlood",sympathy_and_support,,DISTRESS_SIGNAL,ROOT_VERB:finds,False,True
RT @socalicc: To those who dont know or uneducated about Trumps obvious delay in send help to Puerto Rico,other_relevant_information,PREP+PROPN,ACTION_VERB,PREP(in)+POBJ(help)|PREP(to)+POBJ(Rico)|NER_LOC:Puerto|NER_LOC:Rico,True,True
I received this as a picture from the recent floods in Kerala. I suppose the macro can be imagined from this micro .. #KeralaFloods,not_humanitarian,PREP+PROPN,,ROOT_VERB:received|PREP(as)+POBJ(picture)|PREP(from)+POBJ(floods)|PREP(in)+POBJ(Kerala)|NER_LOC:Kerala,True,False
Alberta Premier Rachel Notley on wildfire: I know the people of Fort McMurray want to be back in their homes as soon as possible but retu,other_relevant_information,PREP+PROPN,,NER_LOC:Alberta|ROOT_VERB:know|PREP(of)+POBJ(McMurray)|NER_LOC:Fort|NER_LOC:McMurray,True,False
#HurricaneIrma left minimal damage to the theme parks and attractions in Orlando. Read more:,infrastructure_and_utility_damage,PREP+PROPN,,ROOT_VERB:left|PREP(to)+POBJ(parks)|PREP(in)+POBJ(Orlando)|NER_LOC:Orlando|ROOT_VERB:Read,True,False
The Wake County Emergency Operations Center (bunker) had been a flurry of activity the last few days. Its been heartening to hear a lot go the calls are for volunteers or donations. We,rescue_volunteering_or_donation_effort,,DISTRESS_SIGNAL,PREP(of)+POBJ(activity)|ROOT_VERB:heartening,False,True
RT @awaited_hope: Heard about #EarthQuake happened in Pakistan &amp; Indian Controlled Kashmir. Praying for everyones Safety.ὤFὤF,sympathy_and_support,PREP+PROPN,,PREP(in)+POBJ(Pakistan)|ROOT_VERB:Praying|PREP(for)+POBJ(everyones),True,False
Hurricane Dorian nears Category 3 status as forecasters warn Florida of hazardous conditions ahead,caution_and_advice,,,ROOT_VERB:nears|PREP(as)+POBJ(forecasters)|NER_LOC:Florida|PREP(of)+POBJ(conditions),False,False
"Much of the news about the flooding has focused its impact on farmers. But the climate-changed fueled weather has also hit Native American communities hard, with four tribal nations in Nebraska declaring a state of emergency.” #PoorPeoplesCampaign",other_relevant_information,PREP+PROPN,DISTRESS_SIGNAL,PREP(about)+POBJ(flooding)|ROOT_VERB:focused|PREP(on)+POBJ(farmers)|ROOT_VERB:hit|PREP(in)+POBJ(Nebraska),True,True
"Goup of @Khalsa_Aid is offering food,medications and drinking water in flood-hit locations in#SriLanka great initiative taken by them.#Sikh",rescue_volunteering_or_donation_effort,PREP+PROPN,,PREP(of)+POBJ(@Khalsa_Aid)|ROOT_VERB:offering|PREP(in)+POBJ(locations),True,False
"#HURRICANE Florence Tracker, Live Updates Friday: Major Damage, 300,000 Without Power, 10 Foot Storm Surges, People Await Resc  #GPWX",infrastructure_and_utility_damage,,,NER_LOC:Await|NER_LOC:Resc,False,False
"If youre in Greece, even as a tourist, you can help those affected by the fires. Food and blood are much needed. Heres a guide the Greek Public Broadcaster has put together #greekfires #greece #Πυρκαγια #volunteer",requests_or_urgent_needs,PREP+PROPN,ACTION_VERB,PREP(in)+POBJ(Greece)|NER_LOC:Greece|PREP(as)+POBJ(tourist)|ROOT_VERB:help|ROOT_VERB:needed,True,True
LIVE: Call of the Week - Refiners set to benefit from #Harveys destruction. @SeanaNSmith explains,infrastructure_and_utility_damage,,ACTION_VERB,PREP(of)+POBJ(Refiners)|PREP(from)+POBJ(destruction)|ROOT_VERB:explains,False,True
"I simply do not believe that emergency aid is banned from certain countries following a catastrophe like that Development aid, yes, now, no.",other_relevant_information,PREP+PROPN,DISTRESS_SIGNAL|URGENCY_ADVERB,ROOT_VERB:believe|PREP(from)+POBJ(countries)|PREP(following)+POBJ(catastrophe)|PREP(like)+POBJ(aid),True,True
"@SaveTheChimps in FL dealing w/ aftermath of #HurricaneIrma, and need fleece or cotton blankets. Pls share/donate.",rescue_volunteering_or_donation_effort,PREP+PROPN,ACTION_VERB,ROOT_VERB:@SaveTheChimps|PREP(in)+POBJ(FL)|PREP(of)+POBJ(HurricaneIrma),True,True
"The worst damage I was able to find looking at #Harvey aerial imagery is on Key Allegro, Rockport, TX. Most homes w/ damage. Some destroyed.",infrastructure_and_utility_damage,,,PREP(at)+POBJ(imagery)|ROOT_VERB:destroyed,False,False
***New Episode*** Wildlife refuge looking for foster homes as Dorain bears down.,requests_or_urgent_needs,,,ROOT_VERB:looking|PREP(for)+POBJ(homes),False,False
RT @the_ecologist: Hurricane Maria destroyed Puerto Ricos electricity system. Now renewables investors plan to re-make it,infrastructure_and_utility_damage,,URGENCY_ADVERB,ROOT_VERB:destroyed|NER_LOC:Puerto|NER_LOC:Ricos|ROOT_VERB:renewables,False,True
Two Sioux City American Red Cross Volunteers are on their way down South to assist those being affected by Hurricane Dorian. @RedCross #HurricaneDorian,rescue_volunteering_or_donation_effort,LOC_NOUN|PROPN+LOC_NOUN,ACTION_VERB,NER_LOC:South,True,True
RT @ShadowsK9: #HurricaneFlorence #Alert #Pet-friendly Shelters in #NC #Dogs #Cats,other_relevant_information,,,,False,False
Interesting comparison between California and Finland fire/forrest management. They dont rake but they remove dead trees. They use aerial support to spot fires early. They have a network of forrest roads to make access easy.,other_relevant_information,,,PREP(between)+POBJ(management)|NER_LOC:California|NER_LOC:Finland|ROOT_VERB:rake|ROOT_VERB:use,False,False
Please watch this video to see the devastation Irma wreaked on Black Creek In Florida. Very little coverage &amp; the damage is catastrophic!👇🏻,infrastructure_and_utility_damage,PREP+PROPN,,ROOT_VERB:watch|PREP(on)+POBJ(Creek)|NER_LOC:Black|NER_LOC:Creek|PREP(In)+POBJ(Florida),True,False
Not only took from FEMA disaster relief but he did it at the hight of hurricane season. Its important for this fool to imprison more minorities and children no matter the suffering caused to the imprisoned or victims of a disaster like Puerto Rico,not_humanitarian,PREP+PROPN,,ROOT_VERB:took|PREP(from)+POBJ(relief)|PREP(at)+POBJ(hight)|PREP(of)+POBJ(season)|PREP(to)+POBJ(imprisoned),True,False
"ANOTHER NEW LOW--&gt;As fires ravage California, Donald Trump threatens to cut off funds",not_humanitarian,,,NER_LOC:California|ROOT_VERB:threatens,False,False
"RT @globalnews: Fort McMurray resident relives wildfire evacuation, talks about firefighter boyfriends experience battling blazes /",displaced_people_and_evacuations,,,NER_LOC:Fort|NER_LOC:McMurray|PREP(about)+POBJ(experience),False,False
More on the evacuations because of the #CampFire. True heroes in the three centers in #Paradise.,displaced_people_and_evacuations,PREP+PROPN,,PREP(in)+POBJ(centers)|PREP(in)+POBJ(Paradise)|NER_LOC:Paradise,True,False
"Please donate to those affected by the massive earthquake in Central Mexico, anything helps!! #FuerzaMéxico ❤️",rescue_volunteering_or_donation_effort,PREP+PROPN,ACTION_VERB,PREP(to)+POBJ(those)|PREP(in)+POBJ(Mexico)|NER_LOC:Central|NER_LOC:Mexico|ROOT_VERB:helps,True,True
Anyone else see the irony of how all the stores are out of water but this bitch is about to flood us?,not_humanitarian,,,ROOT_VERB:see,False,False
"The death toll from the Camp Fire in Northern California has increased to 71 while more than 1000 people are unaccounted for. Our hearts go to those who lost their loved ones, and let us pray for those who are still missing. #CaliforniaFire",injured_or_dead_people,PREP+PROPN,VICTIM_STATE,PREP(from)+POBJ(Fire)|NER_LOC:the|NER_LOC:Camp|NER_LOC:Fire|NER_LOC:Northern,True,True
"If youre in SoCal, still time to call the crew @ABC7 &amp; donate! Theyre there until 7pm! 1-877-KABC7-LA #Disney #DayOfGiving #Harvey MTFBWY!",rescue_volunteering_or_donation_effort,PREP+PROPN,ACTION_VERB,PREP(in)+POBJ(SoCal)|NER_LOC:SoCal|ROOT_VERB:donate|ROOT_VERB:re|PREP(until)+POBJ(pm),True,True
Cape Fear River water levels are rising. This is under the Business 95 bridge near the Fayetteville Police Training Center. #ReadyFay #ReadyNC #Florence,other_relevant_information,PREP+PROPN|PROPN+LOC_NOUN|LOC_NOUN,,ROOT_VERB:rising|PREP(near)+POBJ(Center),True,False
DTN Saudi Arabia: Hurricane Matthew: Eleven dead as UN warns of worst humanitarian crisis in Haiti since 201,injured_or_dead_people,PREP+PROPN,,NER_LOC:Saudi|NER_LOC:Arabia|PREP(of)+POBJ(crisis)|PREP(in)+POBJ(Haiti)|NER_LOC:Haiti,True,False
#FlashbackFriday Weve updated our #HurricaneHarvey post to reflect #HurricaneMaria #HurricaneIrma Relief! #smallbiz,rescue_volunteering_or_donation_effort,,,ROOT_VERB:updated,False,False
"NDRF teams have rescued 194 persons&amp;12 livestock&amp;evacuated 10,467 persons &amp;provided pre-hospital treatment to 159 persons.15 teams operational in Thrissur,13 in Pathanamthitta,11 in Alappuzha,5 in Ernakulam, 4 in Idukki,3 in Malappuram &amp; 2 each in Wayanad&amp;Kozhikode. #KeralaFloods",rescue_volunteering_or_donation_effort,PREP+PROPN,,"ROOT_VERB:rescued|PREP(to)+POBJ(teams)|PREP(in)+POBJ(Pathanamthitta,11)|PREP(in)+POBJ(Alappuzha,5)|NER_LOC:Alappuzha,5",True,False
"Category 5 Hurricane Dorian is now churning through the Bahamas. Winds are up to 185mph. The east coast of Florida north of Miami is now under Hurricane Watches and Warnings. Storm surge of several feet, flooding rain, and catastrophic damaging wind forecast to start late Monday.",caution_and_advice,LOC_NOUN|PROPN+LOC_NOUN,URGENCY_ADVERB,ROOT_VERB:churning|PREP(through)+POBJ(Bahamas)|NER_LOC:Bahamas|PREP(of)+POBJ(Florida)|NER_LOC:Florida,True,True
"The Modi Government needs to make a clear statement why it is refusing foreign funds for Kerala flood relief, in an unprecedented declared calamity of loss of life and livelihoods",other_relevant_information,PREP+PROPN,,ROOT_VERB:needs|PREP(for)+POBJ(relief)|NER_LOC:Kerala|PREP(in)+POBJ(calamity)|PREP(of)+POBJ(loss),True,False
"Where to Get Free Meals, Water in South Florida  via @nbc6",other_relevant_information,PREP+PROPN,,ROOT_VERB:Get|NER_LOC:Florida|PREP(via)+POBJ(@nbc6),True,False
We Gives Some Kitchen accessories @amjith183 &amp; @kS_fan_page143 &amp; @NazarNazi2 &amp; #manoj To mr. John k pole (kayamkulam flood relief care co ordinator) According to the information by our @KeerthyOfficial #keerthysuresh #KeralaFloodRelief #KeralaFloods,rescue_volunteering_or_donation_effort,,,ROOT_VERB:Gives|ROOT_VERB:manoj|PREP(To)+POBJ(pole)|ROOT_VERB:According|PREP(to)+POBJ(information),False,False
Praying for my Patna nem,sympathy_and_support,,,ROOT_VERB:Praying|PREP(for)+POBJ(nem),False,False
#DSTRServiceInterruption Puerto Rico was badly damaged by Hu,infrastructure_and_utility_damage,,,ROOT_VERB:damaged,False,False
"NJ rescue groups deploy to Virginia, Carolinas for Hurricane Florence",rescue_volunteering_or_donation_effort,,ACTION_VERB,ROOT_VERB:deploy|PREP(to)+POBJ(Virginia)|NER_LOC:Virginia|NER_LOC:Carolinas,False,True
RT @NARAL: Periods don’t stop for hurricanes. Donate to @I_Support_Girls to help women &amp; girls impacted by #Harvey and #Irma: /,rescue_volunteering_or_donation_effort,,ACTION_VERB,ROOT_VERB:stop|PREP(for)+POBJ(hurricanes)|ROOT_VERB:Donate,False,True
"Donated 10k to Kerala CM Relief Fund. We can rant on Twitter, or we can pitch in to help our countrymen. #KeralaFloodRelief",rescue_volunteering_or_donation_effort,PREP+PROPN,ACTION_VERB,ROOT_VERB:Donated|PREP(to)+POBJ(Fund)|ROOT_VERB:rant|PREP(on)+POBJ(Twitter),True,True
Live Stream of Tsunami from Japan #eqnz,other_relevant_information,PREP+PROPN,,NER_LOC:Tsunami|NER_LOC:Japan,True,False
@PTIofficial @ImranKhanPTI Hoping that PTI will devise a comprehensive environmental policy.,sympathy_and_support,,,ROOT_VERB:Hoping,False,False
Salute to KHALSA AID. Who is serving people in Kerala #khalsaaid #khalsaaidindia #kerala #keralafloods #charity #organization #vinesinspector #vinesinspector_official #parassharma,sympathy_and_support,PREP+PROPN,,PREP(to)+POBJ(AID)|PREP(in)+POBJ(Kerala)|NER_LOC:Kerala|ROOT_VERB:khalsaaid,True,False
Extreme fire danger: Stiff winds make fighting California fires a tough task,caution_and_advice,,,ROOT_VERB:make|NER_LOC:California,False,False
RT @AfWrldNwPrj: 8 tons of aid arrive from #Palestine making their way to #Dominica in response to hurricane | #PayAttention,rescue_volunteering_or_donation_effort,PREP+PROPN,,PREP(of)+POBJ(aid)|PREP(from)+POBJ(Palestine)|PREP(to)+POBJ(Dominica)|PREP(in)+POBJ(response)|PREP(to)+POBJ(hurricane),True,False
Low temps for tonight. See the flooding rains on radar:  #wx #harvey #lows #temps #cold,caution_and_advice,,,PREP(for)+POBJ(tonight)|ROOT_VERB:See|PREP(on)+POBJ(radar),False,False
"After he sees all the damage in Houston, Trump will probably pardon Hurricane Harvey.",infrastructure_and_utility_damage,PREP+PROPN,,PREP(in)+POBJ(Houston)|NER_LOC:Houston|ROOT_VERB:pardon,True,False
90 or 95% of bulildings destroyed on Caribbean islands in #Irma’s pathterrifying.,infrastructure_and_utility_damage,,,PREP(of)+POBJ(bulildings)|PREP(on)+POBJ(islands)|NER_LOC:Caribbean|PREP(in)+POBJ(Irma),False,False
.@USNationalGuard Chief arrived in the aftermath of #HurricaneMaria to assess damage &amp; determine additional resources needed. #ReliefEfforts,infrastructure_and_utility_damage,PREP+PROPN,,ROOT_VERB:arrived|PREP(in)+POBJ(aftermath)|PREP(of)+POBJ(HurricaneMaria),True,False
"RT @kkbelle: 100-year-old &amp; daughter-in-law rescued fro historic homestead rubble, but son didnt make it #eqnz  #e",rescue_volunteering_or_donation_effort,,,,False,False
10 MILLION (not a typo) under Flash Flood Warning Rain falling @ 6+inches per hour Pray 4 Texas &amp; all in #Harvey path #houstonflood ὤF,caution_and_advice,,,ROOT_VERB:falling|PREP(per)+POBJ(hour),False,False
Our Jayde Webster distributing supplys to the locals who have had their homes wrecked by hurricane Irma. We have,other_relevant_information,,,ROOT_VERB:distributing|PREP(to)+POBJ(locals)|ROOT_VERB:have,False,False
Can anyone post the link to donate money for #KeralaFloodRelief???,rescue_volunteering_or_donation_effort,,ACTION_VERB,ROOT_VERB:post|PREP(for)+POBJ(#),False,True
RT @Barlowed_Silvia: My thoughts and prayers go all my Italian friends on Twitter and the Italian nation. #PrayforItaly Italy earthquake: h,sympathy_and_support,,,ROOT_VERB:go|PREP(on)+POBJ(Twitter),False,False
RT @Ali_answers: #PakistanNavy providing relief goods to the #flood hit areas of #colombo during a #rescue operation #srilanka ἟5἟0἟1἟0,rescue_volunteering_or_donation_effort,,ACTION_VERB,PREP(to)+POBJ(areas)|PREP(of)+POBJ(colombo)|PREP(during)+POBJ(operation)|ROOT_VERB:἟5἟0἟1἟0,False,True
"LISTEN: @BillHemmer spoke with Mayor of Wilmington, NC @MayorBillSaffo about evacuations ahead of Hurricane Florence #nine2noon",displaced_people_and_evacuations,,,ROOT_VERB:spoke|PREP(with)+POBJ(Mayor)|NER_LOC:Wilmington|NER_LOC:NC|PREP(about)+POBJ(evacuations),False,False
"At least 23 people killed by the most destructive wildfire in California history, according to CBS",injured_or_dead_people,PREP+PROPN,,PREP(in)+POBJ(history)|NER_LOC:California|PREP(to)+POBJ(CBS),True,False
MAP is grateful to partner with @unmc to help people devastated by recent flooding. Thank you for this opportunity to serve the people of Nebraska.,rescue_volunteering_or_donation_effort,,ACTION_VERB,PREP(with)+POBJ(@unmc)|ROOT_VERB:Thank|PREP(for)+POBJ(opportunity)|PREP(of)+POBJ(Nebraska)|NER_LOC:Nebraska,False,True
RT @ChrisKlemens: Please watch and share ♥️ DONATE:,rescue_volunteering_or_donation_effort,,ACTION_VERB,ROOT_VERB:@ChrisKlemens,False,True
Lets get real. Gas prices spike beuz 1. oil supply from gulf shut down. 2. Refineries turn it into gasoline shut down offline storm damage,infrastructure_and_utility_damage,PREP+PROPN,,ROOT_VERB:get|PREP(from)+POBJ(gulf)|NER_LOC:gulf|ROOT_VERB:shut|ROOT_VERB:turn,True,False
Hurricane Irma has devastated British territories – so why such little aid? The tax haven under the bed..,other_relevant_information,,,ROOT_VERB:devastated|PREP(under)+POBJ(bed),False,False
A Missouri women named Heather Bell is headed to California to help people recover from the wildfires. She’s stopping along the way and asking people to donate goods as she makes her way to California. @KOMUnews,rescue_volunteering_or_donation_effort,PREP+PROPN,ACTION_VERB,NER_LOC:Missouri|ROOT_VERB:headed|PREP(to)+POBJ(California)|NER_LOC:California|PREP(from)+POBJ(wildfires),True,True
"Water ✅, Food ✅, Full Tank of Gas ✅, Flashlights ✅, Cash Money ✅. All The Smoke for Dorian ✅ #Orlando #HurricaneDorian",not_humanitarian,,,,False,False
Amazing piece on the #FortMacFire by Rex Murphy. Please donate to the Red Cross to help those in need.,rescue_volunteering_or_donation_effort,PREP+PROPN,ACTION_VERB,PREP(on)+POBJ(FortMacFire)|PREP(by)+POBJ(Murphy)|ROOT_VERB:donate|PREP(to)+POBJ(Cross),True,True
Our thoughts &amp; prayers go out to those affected by #HurricaneHarvey Help schools impacted with one of these ideas:,sympathy_and_support,,ACTION_VERB,ROOT_VERB:go|PREP(to)+POBJ(those)|PREP(with)+POBJ(one),False,True
@real_farmacist Send a @RakeForce of 5000 to California. Stop the @Caravan of fires ὒ5 #Now,rescue_volunteering_or_donation_effort,,URGENCY_ADVERB|ACTION_VERB,ROOT_VERB:Send|PREP(of)+POBJ(5000)|PREP(to)+POBJ(California)|NER_LOC:California|ROOT_VERB:Stop,False,True
"@marsialynn86 @DeplorableMe55 @rmjordan2 @_Makada_ @POTUS @PressSec @realDonaldTrump Ugh ! He was in Florida with flood victims! You know, the ones that have lost EVERYTHING!",other_relevant_information,PREP+PROPN,,NER_LOC:Florida,True,False
"Using data from @TheTerminal I took a look at which drug companies have plants that could be affected by #HurricaneFlorence (there are 10 major companies, including Pfizer and Merck)",infrastructure_and_utility_damage,PREP+PROPN,,PREP(from)+POBJ(@TheTerminal)|PREP(at)+POBJ(which)|ROOT_VERB:are|PREP(including)+POBJ(Pfizer),True,False
RT @thecomeback: Hurricane Maria causes massive damage to Puerto Rico’s Hiram Bithorn Stadium,infrastructure_and_utility_damage,,,ROOT_VERB:causes|PREP(to)+POBJ(Stadium)|NER_LOC:Puerto|NER_LOC:Rico|NER_LOC:’s,False,False
#UnitedWay Would you like to know who your #donations help? #IrmaRecovery family in need of help. Please consider.,rescue_volunteering_or_donation_effort,PREP+PROPN,ACTION_VERB,ROOT_VERB:like|PREP(in)+POBJ(need)|PREP(of)+POBJ(help)|ROOT_VERB:consider,True,True
Mutual aid: Ohio Task Force 1 activate for Hurricane #Dorian,rescue_volunteering_or_donation_effort,,,PREP(for)+POBJ(Dorian),False,False
#HurricaneDorian #earthquake #tsunami #Tornado #Christ warns Can you bring about the Great Trouble that Allah is bringing upon America today? Can you bring it about and can the White man stop it? NO! You cannot,other_relevant_information,,,ROOT_VERB:warns|PREP(upon)+POBJ(America)|NER_LOC:America|ROOT_VERB:bring,False,False
Does our country need his permission in time of life/death crisis for another country to offer humanitarian aid?,not_humanitarian,PREP+PROPN,ACTION_VERB,ROOT_VERB:need|PREP(in)+POBJ(time)|PREP(of)+POBJ(crisis),True,True
First flight to #SaintMartin after #Irma for evacuation #avgeek @klm,displaced_people_and_evacuations,,,PREP(to)+POBJ(SaintMartin)|PREP(after)+POBJ(Irma)|PREP(for)+POBJ(evacuation),False,False
Death toll is investigating in Mirpur after deadly earthquake.28 people are reported dead hundreds seriously injured l. #earthquake,injured_or_dead_people,PREP+PROPN,VICTIM_STATE,ROOT_VERB:investigating|PREP(in)+POBJ(Mirpur)|NER_LOC:Mirpur,True,True
"Everyone is so worried about kylie and the football shit but Puerto Rico is destroyed from hurricane Maria, worried about the wrong shit..",infrastructure_and_utility_damage,PREP+PROPN,,NER_LOC:Puerto|NER_LOC:Rico|PREP(from)+POBJ(Maria)|PREP(about)+POBJ(shit),True,False
"You can be the difference, help with your donation, just choose the Mexico Earthquake option #FuerzaMexico #Sismo",rescue_volunteering_or_donation_effort,,ACTION_VERB,PREP(with)+POBJ(donation),False,True
Please pray for #Haiti during #HurricaneMatthew,sympathy_and_support,,,ROOT_VERB:pray|PREP(for)+POBJ(Haiti)|NER_LOC:Haiti|PREP(during)+POBJ(HurricaneMatthew),False,False
"BREAKING: Dutch officials: Irma damaged or destroyed 70 percent of St. Maarten homes, leaving island vulnerable to Joses approach.",infrastructure_and_utility_damage,,,PREP(of)+POBJ(homes)|NER_LOC:St.|NER_LOC:Maarten,False,False
"Dominica To Donate $200,000 To U.S. Virgin Islands For Hurricane Irma Recovery  #USVI #VirginIslands",rescue_volunteering_or_donation_effort,,ACTION_VERB,ROOT_VERB:Donate|PREP(To)+POBJ(Islands)|NER_LOC:U.S.|PREP(For)+POBJ(USVI),False,True
RT @alishainthebiz: collecting donations for my family members affected by Hurricane Irma &amp; Maria ἟5἟7. Send Ὃ0 via PayPal: makeshiftalisha@gm,rescue_volunteering_or_donation_effort,,ACTION_VERB,PREP(for)+POBJ(members)|ROOT_VERB:Send|PREP(via)+POBJ(PayPal),False,True
"Every time I hear about dogs being abandoned in the flooding, my heart breaks a little more💔 I wish I could rescue them all😩 #Harvey",sympathy_and_support,PREP+PROPN,ACTION_VERB,PREP(in)+POBJ(flooding)|ROOT_VERB:wish,True,True
RT @mollyhf: #HurricaneMaria blew off pieces of the roof of this shelter in #sanjuan,infrastructure_and_utility_damage,,,ROOT_VERB:blew|PREP(of)+POBJ(roof)|PREP(of)+POBJ(shelter)|PREP(in)+POBJ(sanjuan),False,False
Amalfi Pizza Offers Pay What You Can for Hurricane Florence Evacuees,displaced_people_and_evacuations,,,ROOT_VERB:Pay|PREP(for)+POBJ(Evacuees),False,False
To stop missue of power.there should be military rule when an morethan 40percent of damage happened from disaster.,infrastructure_and_utility_damage,PREP+PROPN,,PREP(of)+POBJ(power.there)|PREP(from)+POBJ(disaster),True,False
Dorian? Who Cares? by Dennett  #Photography #Pets #PetPhotography #HurricaneDorian #Hurricane,other_relevant_information,,,,False,False
Lexus/Toyota Offers Payment Relief to Customers Affected by California Wildfires #californiawildfires,rescue_volunteering_or_donation_effort,,,ROOT_VERB:Offers|NER_LOC:California,False,False
"Relentless California wildfires leave 79 dead, nearly 1,300 others still missing  Now, look here fellow tweeters: KNOW THIS: I LOVE THIS TIE ABOVE ALL OTHER TIES THAT 45TH EARS..JUST A VERY HANDSOME TIE. CHURCHILL",injured_or_dead_people,,VICTIM_STATE|URGENCY_ADVERB,ROOT_VERB:leave|PREP(ABOVE)+POBJ(TIES),False,True
RT @TheGrayGroup: Donations for Fort McMurray relief packages can be made at 127 St Peters Rd Charlottetown.  #pei,rescue_volunteering_or_donation_effort,,,PREP(for)+POBJ(packages)|NER_LOC:Fort|NER_LOC:McMurray|PREP(at)+POBJ(Charlottetown),False,False
Good morning. Heres whats happening: - At least 56 people killed in California fires - Saudi Arabia seeks death penalty for Khashoggis killers - Stormy Daniels lawyer arrested on domestic abuse charges,injured_or_dead_people,PREP+PROPN,,PREP(in)+POBJ(fires)|NER_LOC:California|NER_LOC:Saudi|NER_LOC:Arabia|ROOT_VERB:seeks,True,False
"Feeling guilty about complaining about the poor air quality in the Bay Area, compared to what others have lost: At least 63 people dead and 631 still missing. More",injured_or_dead_people,PREP+PROPN|PROPN+LOC_NOUN|LOC_NOUN,VICTIM_STATE,ROOT_VERB:Feeling|PREP(about)+POBJ(quality)|PREP(in)+POBJ(Area)|NER_LOC:the|NER_LOC:Bay,True,True
RT @JorgeFavaloro: weatherchannel : RT AMHQ: Hurricane #Maria swept through St. Croix leaving behind a path of damage and destruction. http,infrastructure_and_utility_damage,,,PREP(through)+POBJ(Croix)|NER_LOC:St.|NER_LOC:Croix|PREP(behind)+POBJ(path)|PREP(of)+POBJ(damage),False,False
Once again the fire raze California. I want to send encourage to all the families of the people deceased and affected and also all the strength to the fire-fighting team ὏7 @UniNoticias #CaliforniaFires #WoolseyFire #CaliforniaWildfires #CampFire,sympathy_and_support,,ACTION_VERB,NER_LOC:California|ROOT_VERB:want|PREP(of)+POBJ(people)|PREP(to)+POBJ(team),False,True
American Red Cross and Hurricane Harvey: #fema #arc #redcross #dhs #nema #iaem #Harvey #smem,rescue_volunteering_or_donation_effort,,,,False,False
Whoa! take a look at where you live to see the new expected #rain totals from @NWSHonolulu for #HurricaneLane #severeweather #Hawaii #Oahu #Honolulu #Maui #Kauai #Bigisland #HawaiiIsland #floods,caution_and_advice,PREP+PROPN,,ROOT_VERB:take|PREP(from)+POBJ(@NWSHonolulu)|PREP(for)+POBJ(severeweather),True,False
How To Help The #CaliforniaWildfires people #LAFires #CaliforniaFires #CaliforniaWildfires  @LAPDChiefBeck @LACoFDPIO @SenSanders @SenatorDurbin @jeremycorbyn @JustinTrudeau @SanaSaeed @RashidaTlaib,rescue_volunteering_or_donation_effort,,ACTION_VERB,ROOT_VERB:Help,False,True
For more information on Rule 84 or any of the other Nebraska Department of Education Rules:,not_humanitarian,,,PREP(on)+POBJ(Rule),False,False
"Re: #Harvey relief: this helpful A to Z list. Pets, diapers, blood donations, food and more.",rescue_volunteering_or_donation_effort,,,PREP(to)+POBJ(list),False,False
"In Irma’s Wake, Surveying the Damage Along the Coast by Photographs and Text by LUKE SHARRETT via NYT",infrastructure_and_utility_damage,PREP+PROPN|PROPN+LOC_NOUN|LOC_NOUN,,PREP(In)+POBJ(Wake)|ROOT_VERB:Surveying|PREP(Along)+POBJ(Coast)|PREP(by)+POBJ(Photographs)|PREP(by)+POBJ(SHARRETT),True,False
Woke up to a lake outside my window. Water is completely surrounding us at this point. #HurricaneHarvey #Orangetx #Beaumont #HarveyFlood,other_relevant_information,PREP+PROPN,,ROOT_VERB:Woke|PREP(to)+POBJ(lake)|PREP(outside)+POBJ(window)|ROOT_VERB:surrounding|PREP(at)+POBJ(point),True,False
"St John &amp; St Thomas, part of USA destroyed by Irma!Trump DOES know its part of USA l, right?❤️🇺🇸❤️",infrastructure_and_utility_damage,,,PREP(of)+POBJ(USA)|NER_LOC:USA|ROOT_VERB:know|PREP(of)+POBJ(l)|PREP(❤)+POBJ(🇺),False,False
"Hurricane Maria triggers mass floods in Puerto Rico, knocks #digitalmarketing #news #today  via @Easy_Branches",other_relevant_information,PREP+PROPN,,ROOT_VERB:triggers|PREP(in)+POBJ(Rico)|NER_LOC:Puerto|NER_LOC:Rico|PREP(via)+POBJ(@Easy_Branches),True,False
Just checking in with an update on Tropical Storm Florence. we have had a lot of rain (10 inches so far) and localized flooding. The power is still on and my headache is finally,other_relevant_information,PREP+PROPN,,ROOT_VERB:checking|PREP(with)+POBJ(update)|PREP(on)+POBJ(Florence)|ROOT_VERB:had|PREP(of)+POBJ(rain),True,False
"RT @CTVToronto: Supplies from Toronto sent to Haiti after hurricane, @jmusselmanctv reports.",rescue_volunteering_or_donation_effort,PREP+PROPN,,PREP(from)+POBJ(Toronto)|NER_LOC:Toronto|NER_LOC:Haiti|PREP(after)+POBJ(hurricane)|NER_LOC:hurricane,True,False
"California Camp Fire Deadliest, Most Destructive In CA History, Death Toll Hits 42",injured_or_dead_people,PREP+PROPN,,NER_LOC:California|ROOT_VERB:Hits,True,False
"The 2017 Puerto Rico Tip-Off will be played at Coastal Carolina University (Conway, SC) due to the damage caused by Hurricane Maria.",infrastructure_and_utility_damage,PREP+PROPN,,NER_LOC:Puerto|NER_LOC:Rico|NER_LOC:Tip|NER_LOC:-|NER_LOC:Off,True,False
Make a donation to support local nonprofits in Florida that are helping the victims of Hurricane Irma:,rescue_volunteering_or_donation_effort,PREP+PROPN,,ROOT_VERB:Make|PREP(in)+POBJ(Florida)|NER_LOC:Florida|PREP(of)+POBJ(Irma),True,False
"If you missed it, Mexico withdrew tens of millions of dollars in Harvey relief because this racist worm couldnt bother to call an ally.",other_relevant_information,PREP+PROPN,ACTION_VERB,NER_LOC:Mexico|ROOT_VERB:withdrew|PREP(of)+POBJ(dollars)|PREP(in)+POBJ(relief)|NER_LOC:Harvey,True,True
"@QasimRashid @ealight461 majority of the flooding is because of the floods in Nebraska. they released their water into the dams/river ways on the reservation. it’s been a dry winter in sw South Dakota, up until the bomb cyclone.",other_relevant_information,PREP+PROPN|LOC_NOUN,,PREP(of)+POBJ(flooding)|PREP(in)+POBJ(Nebraska)|NER_LOC:Nebraska|ROOT_VERB:released|PREP(into)+POBJ(ways),True,False
Odisha Fire Service personnel have rescued over 2000 people trapped in flood hit Alappuzha and Kottayam districts of Kerala.,rescue_volunteering_or_donation_effort,PREP+PROPN,VICTIM_STATE,ROOT_VERB:rescued|PREP(in)+POBJ(flood)|PREP(of)+POBJ(Kerala)|NER_LOC:Kerala,True,True
Youth for Seva continues in its efforts to rope in more donors and volunteers to help the countless flood victims. Its time to act!!! #KeralaFloodRelief #Kerala #floods #yfs #hyderabad #Donate4Kerala,rescue_volunteering_or_donation_effort,PREP+PROPN,ACTION_VERB,PREP(for)+POBJ(Seva)|NER_LOC:Seva|ROOT_VERB:continues|PREP(in)+POBJ(efforts)|PREP(in)+POBJ(donors),True,True
Hurricane Maria to track northward off the southeast coast through midweek. Breezy conditions possible for central NC. #ncwx,other_relevant_information,LOC_NOUN|PROPN+LOC_NOUN,,ROOT_VERB:track|PREP(off)+POBJ(coast)|NER_LOC:the|NER_LOC:southeast|NER_LOC:coast,True,False
"#ArmyResponse: @USArmy #Soldiers ready to assist with #HurricaneFlorence relief |  | #ArmyReadiness, #ArmyPreparation, #TeamBragg, @USArmyNorth, @Norad_Northcom, @DeptofDefense, @18airbornecorps, #ReadyNow἟A἟8",rescue_volunteering_or_donation_effort,,ACTION_VERB,PREP(with)+POBJ(relief),False,True
Ouch.. Well that building is a write off #eqnz #wgtn cbd,other_relevant_information,,,,False,False
#Harvey latest: - Official death toll: 20 - Flooding in #Beaumont &amp; #PortArthur - 195k+ asking for FEMA assistance,injured_or_dead_people,,,PREP(in)+POBJ(#)|ROOT_VERB:asking|PREP(for)+POBJ(assistance),False,False
We meet Jimmy and Piper Steffan as they take stock of #HurricaneIrmas damage to their home for the very first time,infrastructure_and_utility_damage,,,ROOT_VERB:meet|PREP(of)+POBJ(damage)|PREP(to)+POBJ(home)|PREP(for)+POBJ(time),False,False
"Clean Drinking water, food, medicines is urgently required at over 2000 relief camps #KeralaFloodRelief #keralafloods",requests_or_urgent_needs,PREP+PROPN,URGENCY_ADVERB,ROOT_VERB:required|PREP(at)+POBJ(camps),True,True
"Guy Fieri is consistently good and decent and most of the critique about him and his taste in food is classist bullshit, don’t @ me.",not_humanitarian,PREP+PROPN,,PREP(about)+POBJ(him)|PREP(in)+POBJ(food)|PREP(@)+POBJ(me),True,False
"Snake Alert in Kerala as People Return Home in Flood Ravaged State, Hospitals Stocking Anti-Venom",caution_and_advice,PREP+PROPN,,NER_LOC:Kerala,True,False
"We are so close to the $100,000 mark! No donation is too small &amp; every little bit counts towards helping those affected by #CycloneIdai Join over 10,000 people who have donated so far - send your contribution to #EcoCash biller code 320041",rescue_volunteering_or_donation_effort,PREP+PROPN,ACTION_VERB,ROOT_VERB:send|PREP(to)+POBJ(code),True,True
RT @GioGirimonte: Grazie Calgary!἞E἟9#PrayingForItaly #PrayForItaly #PrayForItalia #Calgary #YYC @cityofcalgary @nenshi @FrancainCalgary http,sympathy_and_support,,,,False,False
Please help me recoup after Irma send $$$ or Amazon gift cards to laceeangelmodel@aol.com and you will get spoiled for your kindness #RT,sympathy_and_support,,PLEA_PATTERN|ACTION_VERB,ROOT_VERB:help|PREP(for)+POBJ(kindness),False,True
RT @Hamidwaziristan: Allah save us all #IKFightingForKashmir #earthquake,sympathy_and_support,,ACTION_VERB,,False,True
@jude_edmore @onetweeps @MiracleMissions @PacheduZW @advocatemahere @zenzele @DavidColtart @kubatana @OpenParlyZw @Wamagaisa @Mamoxn The team are working tirelessly to ensure that ALL donations reach the intended beneficiaries. So far there has been a positive working relationship between all stakeholders. Let’s come together to achieve the job at hand. #CycloneIdai,rescue_volunteering_or_donation_effort,PREP+PROPN,,ROOT_VERB:@onetweeps|ROOT_VERB:working|PREP(between)+POBJ(stakeholders)|ROOT_VERB:Let|PREP(at)+POBJ(hand),True,False
"#KeralaSOS vallamkulam road,kuttor junction 10 of my friend and family members stranded please help. Date 17aug4:00pm @dhanyarajendran @CMOKerala #Keralafloods",requests_or_urgent_needs,LOC_NOUN,VICTIM_STATE|PLEA_PATTERN|ACTION_VERB,PREP(of)+POBJ(friend)|ROOT_VERB:help|ROOT_VERB:@dhanyarajendran,True,True
"Florence, a Category 1 hurricane with winds between 74 &amp; 95 mph, have already damaged homes and caused power outages for over 288,000. #PleaseStaySafe #BePrepared",infrastructure_and_utility_damage,,,"PREP(with)+POBJ(winds)|PREP(between)+POBJ(74)|ROOT_VERB:damaged|PREP(for)+POBJ(288,000)",False,False
What can communities do better to limit wildfire damage?:,other_relevant_information,,,ROOT_VERB:do,False,False
Distribution of donations to #CycloneIdai victims should have / must be done after thorough surveys. Cases in Chipinge where people pretend to be victims are a drawback.,rescue_volunteering_or_donation_effort,PREP+PROPN,,PREP(of)+POBJ(donations)|PREP(to)+POBJ(victims)|ROOT_VERB:done|PREP(after)+POBJ(surveys)|PREP(in)+POBJ(Chipinge),True,False
"Thursday is just around the corner&amp;we will be on air @ZimbabweRadio with Thandekile Simango&amp; @RejoiceNhara hosting another edition of #CycloneIdai &amp;how non effective communication has affected women,girls&amp; vulnerable groups in these communities. Diarise! #kulendabala #panenyaya",other_relevant_information,PREP+PROPN,,PREP(with)+POBJ(Simango&amp)|PREP(of)+POBJ(CycloneIdai)|ROOT_VERB:affected|PREP(in)+POBJ(communities),True,False
"Today, VA-TF1 members prepared their protective gear and rescue equipment after arrival in #Florida last night. Management personnel prepared for future operations. This group processes information from multiple sources to help @fema support the response for #HurricaneDorian.",rescue_volunteering_or_donation_effort,PREP+PROPN,ACTION_VERB,NER_LOC:VA|ROOT_VERB:prepared|PREP(after)+POBJ(arrival)|PREP(in)+POBJ(Florida)|NER_LOC:Florida,True,True
"Power company under pressure to explain actions before California wildfire CBS/AP November 19, 2018, 9:29 AM Some victims of Californias worst-ever",other_relevant_information,,,PREP(under)+POBJ(pressure)|PREP(before)+POBJ(wildfire)|NER_LOC:California|PREP(of)+POBJ(Californias),False,False
"Hurricane Florence is coming, be safe Hampton Roads!",other_relevant_information,,,,False,False
.@CNN you wanted to cover #Harvey &amp; lady is right to be angry. This couldve been avoided. Deaths avoided. No plans from elected officials.,injured_or_dead_people,PREP+PROPN,,ROOT_VERB:avoided|ROOT_VERB:avoided|PREP(from)+POBJ(officials),True,False
"Eight more bodies were found in the deadliest wildfire in California history, bringing the death toll to 71, officials announced Friday evening. The number of people unaccounted for also increased to 1,000, according to a local sheriff’s office.",injured_or_dead_people,PREP+PROPN,,PREP(in)+POBJ(wildfire)|PREP(in)+POBJ(history)|NER_LOC:California|PREP(to)+POBJ(71)|ROOT_VERB:announced,True,False
"I called the Santa Barbara Red Cross and left a message asking for a list of Nonprofits I could raise funds for, in order to help save lives / support those whose lives have changed by these wildfires. also called Califire north and south chapter, and the California Fire Assoc.",rescue_volunteering_or_donation_effort,PREP+PROPN,ACTION_VERB,ROOT_VERB:called|PREP(for)+POBJ(list)|PREP(of)+POBJ(Nonprofits)|PREP(in)+POBJ(order)|ROOT_VERB:called,True,True
"Nz brothers and sisters, after that 7.1 earthquake and tsunami warning that followed after. Shit lets give the beach a pass today! #besafe",caution_and_advice,LOC_NOUN|PROPN+LOC_NOUN,,ROOT_VERB:give,True,False
NZcivildefence: RT MarlEmergency: #Eqnz update: All residents strongly urged to conserve water. It may take days t,caution_and_advice,,,ROOT_VERB:urged|ROOT_VERB:take,False,False
"Emma, the badly injured dog rescued by @LastChanceResQ in Southern Maryland, looks ready for work in her orange vest! She has decided Im made of treats and so follows me around, giving an occasional bark to remind me shes there - AND WAITING.",rescue_volunteering_or_donation_effort,PREP+PROPN,VICTIM_STATE,NER_LOC:Southern|NER_LOC:Maryland|ROOT_VERB:looks|PREP(in)+POBJ(vest)|ROOT_VERB:decided,True,True
Officials in Maryland are looking for a National Guard member and Air Force veteran they say was swept away in weekend floods,missing_or_found_people,PREP+PROPN,,PREP(in)+POBJ(Maryland)|NER_LOC:Maryland|ROOT_VERB:looking|PREP(for)+POBJ(member)|PREP(in)+POBJ(floods),True,False
"Five things to know about Blacksand Lodge, which has been destroyed by the wildfire  #AB",other_relevant_information,,,PREP(about)+POBJ(Lodge),False,False
Consider a donation to this Nebraska rescue inundated with displaced pets due to the severe flooding in that area.,rescue_volunteering_or_donation_effort,PREP+PROPN|PROPN+LOC_NOUN|LOC_NOUN,ACTION_VERB,ROOT_VERB:Consider|PREP(to)+POBJ(rescue)|NER_LOC:Nebraska|PREP(with)+POBJ(pets)|PREP(due)+POBJ(flooding),True,True
Evacuation resources for #florida for #irma including animal resources!  #IrmaFlorida,displaced_people_and_evacuations,,,PREP(for)+POBJ(#)|NER_LOC:florida|PREP(for)+POBJ(irma)|PREP(including)+POBJ(resources),False,False
Sheriff @RicBradshaw and other Palm Beach County officials will brief the public this afternoon about the effects of Hurricane Dorian. The briefing will be held at 2:00 P.M. at the @pbcgov Emergency Operations Center. We will be streaming LIVE.,caution_and_advice,PREP+PROPN|PROPN+LOC_NOUN|LOC_NOUN,DISTRESS_SIGNAL,NER_LOC:Palm|NER_LOC:Beach|NER_LOC:County|ROOT_VERB:brief|PREP(about)+POBJ(effects),True,True
"My thoughts this AM are thoughts of concern for the victims of Hurricane Irma. My wife, Doris, just sent a",sympathy_and_support,,,PREP(of)+POBJ(concern)|PREP(for)+POBJ(victims)|PREP(of)+POBJ(Irma)|ROOT_VERB:sent,False,False
"God, please HELP US &amp; COMFORT THESE FAMILIES.",sympathy_and_support,,PLEA_PATTERN|ACTION_VERB,ROOT_VERB:HELP,False,True
RT @daniDpVox: #PrayingForItalypraying for the victims! AIUTIAMOcomePOSSIAMO! #PrayForItaly #TerremotoItalia #Amatrice #Accumoli,sympathy_and_support,,,ROOT_VERB:PrayingForItalypraying|PREP(for)+POBJ(victims),False,False
MMA cadets may be heading out to sea to assist with Hurricane Dorian relief efforts  #CapeCod #HurricaneDorian @BTreffeisenCCT @MMAAdmissions,rescue_volunteering_or_donation_effort,,ACTION_VERB,ROOT_VERB:heading|PREP(to)+POBJ(sea)|PREP(with)+POBJ(efforts),False,True
Aerial images show before and after Hurricane Harvey damage in southeast Texas,infrastructure_and_utility_damage,PREP+PROPN,,ROOT_VERB:show|PREP(in)+POBJ(Texas)|NER_LOC:Texas,True,False
"RT ScottPresler Please dont take Hurricane Florence lightly. In 2016, Hurricane Matthew completed devastated Virginia Beach. One thing you can do to help protect yourselves is park your cars on higher ground to get them out of the flood zone. #HurricaneFlorence",caution_and_advice,LOC_NOUN|PROPN+LOC_NOUN,ACTION_VERB,ROOT_VERB:take|PREP(In)+POBJ(2016)|ROOT_VERB:completed|NER_LOC:Virginia|NER_LOC:Beach,True,True
"RIGHT SO I’VE SEEN THOUSANDS OF COMMENTS ON THE CA FIRES WELL WISHES, PRAYERS FOR SAFETY AND CONTAINMENT. BUT TELLING CA THEY ARE RESPONSIBLE FOR THE FIRES AND THREATENING TO CUT OFF FED DISASTER FUNDS? YOU OWN THAT SHIT MOTHER FUCKER RIGHT BY YOURSELF! OH AND FUCK OFF!",not_humanitarian,,,ROOT_VERB:SEEN|PREP(OF)+POBJ(COMMENTS)|PREP(ON)+POBJ(FIRES)|PREP(FOR)+POBJ(SAFETY)|ROOT_VERB:OWN,False,False
Free #RV &amp; #camper spaces for #Irma #evacuees in #Thomasville #GA #Florida #shelter #free,displaced_people_and_evacuations,,,PREP(for)+POBJ(evacuees)|PREP(in)+POBJ(Thomasville)|NER_LOC:Florida,False,False
#SM Hulk Hogan’s Latest Career Move Is To Call Hurricane Irma Victims ‘Crybabies,other_relevant_information,,ACTION_VERB,,False,True
ὓ5ὓ4 Our prayers are with our people who are struck of the hurricane Matthew. #wiseup #Haiti἞D἟9 I ὉE #Ayiti,sympathy_and_support,,,PREP(of)+POBJ(Matthew)|ROOT_VERB:wiseup,False,False
"This months trivia is dedicated to all those who have suffered due to the recent flooding in Malawi. Please bring clothes, shoes, and non perishable food items to TJs next Friday and help us make a difference. #Serviceaboveself #CycloneIdai #Rotary",requests_or_urgent_needs,PREP+PROPN,ACTION_VERB,ROOT_VERB:dedicated|PREP(to)+POBJ(those)|PREP(in)+POBJ(Malawi)|ROOT_VERB:bring|PREP(to)+POBJ(TJs),True,True
If you have to be out this early morning use caution. Getting several reports of debris on the roads.  #IrmaNC,other_relevant_information,,,ROOT_VERB:have|ROOT_VERB:Getting|PREP(of)+POBJ(debris)|PREP(on)+POBJ(roads),False,False
Sir please ensure a easy way to reissue all lost educational certificates in floods @PMOIndia @PrakashJavdekar #KeralaFloods #AllForKerala,not_humanitarian,PREP+PROPN,,ROOT_VERB:ensure|PREP(in)+POBJ(floods),True,False
"#MDFR #FLTF1 arrived back from Puerto Rico last night. Now back home, our team is getting ready to provide any disaster assistance as a result of Hurricane #Dorian.",rescue_volunteering_or_donation_effort,PREP+PROPN,URGENCY_ADVERB,ROOT_VERB:arrived|NER_LOC:Puerto|NER_LOC:Rico|ROOT_VERB:getting|PREP(as)+POBJ(result),True,True
Bun B’s Wife Says UGK Archives Destroyed By Hurricane Harvey -,infrastructure_and_utility_damage,,,ROOT_VERB:Says|PREP(By)+POBJ(Harvey),False,False
RT @gina5050: Please help and retweet. Thank you,rescue_volunteering_or_donation_effort,,PLEA_PATTERN|ACTION_VERB,ROOT_VERB:Thank,False,True
"@BDUTT @ReshmiDG Assam, Bihar and UP face flood situation worse than Kerala this year but people or CM of these states never cry for foreign aid. Ridiculous that media is discussing it for their own benefit",rescue_volunteering_or_donation_effort,,,NER_LOC:@BDUTT|NER_LOC:@ReshmiDG|NER_LOC:Assam|NER_LOC:Bihar|ROOT_VERB:face,False,False
Find official info for Albertans affected by the Fort McMurray wildfires.  #ab411 #wildfire #abfires #ymmfire,other_relevant_information,,,ROOT_VERB:Find|PREP(for)+POBJ(Albertans)|NER_LOC:Fort|NER_LOC:McMurray,False,False
#UAE says they never offered Rs 700 crore relief money to Kerala! Now will the Kerala CM @vijayanpinarayi apologize? #KeralaFloods @sakshyamindia @SakshyamManesh @JHANKU_RAM @vibhor_anand,rescue_volunteering_or_donation_effort,,URGENCY_ADVERB,ROOT_VERB:says|NER_LOC:Kerala,False,True
ὤF Thank @Apple for starting the initiative to let iDevice users donate from #AppStore and #iTunes for the Kerala flood victims. This is what separates the worlds most valuable brand from the rest! @tim_cook #KeralaReliefFund #KeralaFloods,rescue_volunteering_or_donation_effort,PREP+PROPN,ACTION_VERB,ROOT_VERB:Thank|PREP(from)+POBJ(AppStore)|PREP(for)+POBJ(victims)|NER_LOC:Kerala|PREP(from)+POBJ(rest),True,True
"Iowa Republican advertisements focus on trivia while flooding hits Iowa hard, Hurricane Matthew devastates Haiti &amp; threatens Atlantic Coast",not_humanitarian,LOC_NOUN|PROPN+LOC_NOUN,,NER_LOC:Iowa|PREP(on)+POBJ(trivia)|NER_LOC:Iowa|ROOT_VERB:devastates|NER_LOC:Atlantic,True,False
Does anyone suspect that Hurricane Matthew will reveal that the Clintons kept 90% of the Billions they collected for Haiti earthquake aid?,not_humanitarian,,,ROOT_VERB:suspect|PREP(of)+POBJ(Billions)|NER_LOC:Billions|PREP(for)+POBJ(aid)|NER_LOC:Haiti,False,False
Five in Ten 9/6/17: Mike Kerr - Flood Relief and the Gospel:  via @YouTube,other_relevant_information,PREP+PROPN,,,True,False
"RT @ApuestoEstilo_: #ItalyEarthquake help me my brother and my mom dont call me, They went on vacation to #Perugia #italy I NEED HELPὤFἿF htt",requests_or_urgent_needs,,ACTION_VERB,PREP(on)+POBJ(vacation)|PREP(to)+POBJ(Perugia)|PREP(#)+POBJ(italy)|ROOT_VERB:NEED,False,True
"Dozens of firefighters, police officers and sheriffs deputies in Northern California have lost their homes to the massive Camp Fire, officials say. But it has barely stopped them from answering the call of duty.",infrastructure_and_utility_damage,PREP+PROPN,ACTION_VERB,PREP(of)+POBJ(firefighters)|PREP(in)+POBJ(California)|NER_LOC:Northern|NER_LOC:California|PREP(to)+POBJ(Fire),True,True
#Florence will continue to move very slowly along the coast and then west. Transitioning to a tropical storm by tomorrow but life-threatening surge and flooding will persist through the weekend. Eventually moving up the Appalachians as a Depression early next week. @KSNNews,caution_and_advice,LOC_NOUN|PROPN+LOC_NOUN,ACTION_VERB,ROOT_VERB:continue|PREP(along)+POBJ(coast)|PREP(to)+POBJ(storm)|PREP(by)+POBJ(tomorrow)|ROOT_VERB:persist,True,True
Missouri Mom Donates 1000 oz. of Breast Milk to Texas Flood Victims -,rescue_volunteering_or_donation_effort,,,NER_LOC:Missouri,False,False
"Government launched website for relief fund link:  (Everyone must donate atleast their an hour income, website is run by Government of Kerala) Helpline Numbers for districts of Kerala : #KeralaFloodRelief #GetbeautyofKerala #unity #Loveforkerala἞E἟3",rescue_volunteering_or_donation_effort,,ACTION_VERB,PREP(for)+POBJ(link)|ROOT_VERB:run|PREP(of)+POBJ(Kerala)|NER_LOC:Kerala,False,True
"I know this is a sad moment for California &amp; hopefully soon they get all the help possible but I’m surprised at Trump’s orchestrated photo op, he didn’t throw Trump bottled water or provide rakes!",not_humanitarian,PREP+PROPN,ACTION_VERB,PREP(for)+POBJ(California)|PREP(at)+POBJ(op)|ROOT_VERB:throw,True,True
RT @mariamuser: #Tweetoff ..XὉCὉCX on. My thoughts and prayers are with all those whos suffering for the loss of their dears ὉCὤFἿBὡ4ὢDὤFἿB #Ita,sympathy_and_support,,,PREP(for)+POBJ(loss)|PREP(of)+POBJ(ὉCὤFἿBὡ4ὢDὤFἿB),False,False
"Maxine Waters slammed Donald Trump for California wildfires responses, says president should keep his mouth shut",other_relevant_information,,,NER_LOC:California|ROOT_VERB:says,False,False
"In August, till 16th actual rainfall was 619.5mm, normally it should have been 244.1 mm. The intensity of rainfall has decreased now there wont be extremely heavy rains anymore but heavy rains will continue for 2 days: Dr. S Devi, India Meteorological Department on #KeralaFloods",other_relevant_information,PREP+PROPN,URGENCY_ADVERB,PREP(of)+POBJ(rainfall)|ROOT_VERB:decreased|PREP(for)+POBJ(days),True,True
Praying for those affected by hurricane Harvey. Weve seen many stories of bravery People,sympathy_and_support,,,ROOT_VERB:Praying|PREP(for)+POBJ(those)|ROOT_VERB:seen|PREP(of)+POBJ(People),False,False
Death toll in California wildfires climbs to 44 - NPR #jlabnews,injured_or_dead_people,PREP+PROPN,,PREP(in)+POBJ(California)|NER_LOC:California|ROOT_VERB:wildfires|PREP(to)+POBJ(jlabnews),True,False
Teen pendarvis is suspending all campaigning efforts until after Hurricane Florence passes.,other_relevant_information,,,ROOT_VERB:suspending,False,False
"Puducherry BJP has collected the Rice packages, clothes, food items, daily needs and ect .. for #KeralaFloods soon we will send these all to kerala. @santhoshbjp @BJP4Keralam @AmitShah @maheeh @MaheishGirri",rescue_volunteering_or_donation_effort,,ACTION_VERB,ROOT_VERB:collected|PREP(for)+POBJ(KeralaFloods)|PREP(to)+POBJ(kerala)|NER_LOC:kerala,False,True
"Getting a bit tired of the quakes, then the floods, the traffic gridlock and bubs is sick and likes to sleep on me #hadbetterweeks #eqnz",not_humanitarian,,,PREP(on)+POBJ(me),False,False
"31 people are dead, and 19 rivers in North Carolina are at major flood stage, after Tropical Depression #Florence dropped feet of rain in parts of the state. Well have updates on #9news",injured_or_dead_people,PREP+PROPN,,PREP(in)+POBJ(Carolina)|NER_LOC:North|NER_LOC:Carolina|PREP(of)+POBJ(rain)|PREP(in)+POBJ(parts),True,False
The sloppiest of Joes. @ McCanns Local Meats,not_humanitarian,,,,False,False
RT @maximccan: 200+ people died in Mexico and Hurricane Maria is doing damage as we speak and yet we are worried about Ivankas use of the,injured_or_dead_people,PREP+PROPN,,NER_LOC:RT|ROOT_VERB:died|PREP(in)+POBJ(Mexico)|NER_LOC:Mexico|PREP(of)+POBJ(the),True,False
"Hurricane Irma not only destroyed homes, but also destroyed jobs. For those who lost their jobs in the Hurricane.",infrastructure_and_utility_damage,PREP+PROPN,,ROOT_VERB:destroyed|PREP(in)+POBJ(Hurricane),True,False
Over 400 aftershocks since the big one last night. Crazy! #eqnz,other_relevant_information,,,PREP(since)+POBJ(one),False,False
At Plaza del Mercado some trees held up #HurricaneMaria @PuertoRicoPUR,infrastructure_and_utility_damage,PREP+PROPN,,PREP(At)+POBJ(Mercado)|NER_LOC:Plaza|NER_LOC:del|NER_LOC:Mercado|ROOT_VERB:held,True,False
BBC News - Hurricane Irma: UK territory declares state of emergency  #HurricaneIrma #Irma #UK #StateofEmergency #PSA,caution_and_advice,,DISTRESS_SIGNAL,NER_LOC:UK|ROOT_VERB:declares|PREP(of)+POBJ(UK),False,True
"So, this guy is the former PM of Sweden. Last week Sweden has issued calls for emergency assistance via the #EUCivPro mechanism after dozens of large-scale wildfires broke out. And then this happened.. @carlbildt opinions are like assholes, everybody has one. #AthensFires #Mati",not_humanitarian,,DISTRESS_SIGNAL,PREP(of)+POBJ(Sweden)|NER_LOC:Sweden|NER_LOC:Sweden|ROOT_VERB:issued|PREP(for)+POBJ(assistance),False,True
Red Willow helps families in Alberta who lost so much in the wildfire with Toonie Tuesday on May 17th. Please help support this worthy cause,rescue_volunteering_or_donation_effort,PREP+PROPN,PLEA_PATTERN|ACTION_VERB,ROOT_VERB:helps|PREP(in)+POBJ(Alberta)|NER_LOC:Alberta|PREP(in)+POBJ(wildfire)|PREP(with)+POBJ(Toonie),True,True
Pizza Simple is best ἵ5 ἵ5 #pizza #brooklyn #nyc #lucali #carrollgardens #margheritapizza #neopolitan #napoli #delicious #brickovenpizza #restaurant #authentic #food #eat #eatlocal #fresh,not_humanitarian,,,,False,False
To say Trump hasnt sent aid is incorrect.,other_relevant_information,,,,False,False
RT @fox4wx: This is interestingparts of the KC region havent seen a tornado warning in over 10 years! JL,not_humanitarian,PREP+PROPN,,PREP(of)+POBJ(region)|NER_LOC:KC|PREP(in)+POBJ(years),True,False
"10 lakh people are still in relief camps but KJ Alphons goes on prime time TV and says people dont need food or clothes but electricians, plumbers, carpenters. Our very own Marie Antoinette. #KeralaFloodRelief",rescue_volunteering_or_donation_effort,PREP+PROPN,NEED+RESOURCE|ACTION_VERB,PREP(on)+POBJ(TV),True,True
@POTUS Check out Corryns Tweet!! The need HELP!!,requests_or_urgent_needs,,NEED+RESOURCE|ACTION_VERB,ROOT_VERB:Check,False,True
"RAW: Hurricane Harvey is causing flooding, damaging and power outages &gt;&gt;  (Video: Jim Edds/@ExtremeStorms)",infrastructure_and_utility_damage,,,,False,False
How to handle flood damage after a hurricane if youre uninsured via the @FoxNews App,caution_and_advice,,,ROOT_VERB:handle|PREP(after)+POBJ(hurricane),False,False
Attn: @BeaconHealthOpt will be providing in-person behavioral health &amp; emotional support to children affected by #HurricaneIrma,rescue_volunteering_or_donation_effort,,,ROOT_VERB:providing|PREP(in)+POBJ(person)|PREP(to)+POBJ(children),False,False
RT @FaitthB: Homes are flooding throughout Houston. Praying for everyone. #hurricaneharvey #Harveystorm2017,sympathy_and_support,,,ROOT_VERB:flooding|PREP(throughout)+POBJ(Houston)|NER_LOC:Houston|ROOT_VERB:Praying|PREP(for)+POBJ(everyone),False,False
RT @trysteh: kim and kanyes house burned down and i dont think it was because of the fires in southern california bitch,infrastructure_and_utility_damage,PREP+PROPN,,ROOT_VERB:burned|PREP(in)+POBJ(bitch)|NER_LOC:california,True,False
"#Update #KeralaFloods2018 Indian Army has made 13 temporary bridges to reconnect 38 remote areas, total of 3627 personnels have been rescued till date, including 22 foreign nationals. #OpMadad #KeralaFloodRelief @PIB_India @SpokespersonMoD @HQ_IDS_India",rescue_volunteering_or_donation_effort,,,ROOT_VERB:made|PREP(of)+POBJ(personnels)|PREP(till)+POBJ(date)|PREP(including)+POBJ(nationals),False,False
"Hero cycles will be sponsoring cycle for Anupriya, the nine years old kid who donated her four-year savings for Kerala flood relief. #KeralaReliefFund",rescue_volunteering_or_donation_effort,,,ROOT_VERB:sponsoring|PREP(for)+POBJ(Anupriya)|PREP(for)+POBJ(relief)|NER_LOC:Kerala,False,False
The floods this year has taken a huge toll on the lives and livelihoods of South India. The livelihoods of the people in Kodagu are lost and they need our help to get a shelter now. Your support will make a difference for each one  #SaveLife #KeralaFloods,rescue_volunteering_or_donation_effort,PREP+PROPN,URGENCY_ADVERB|ACTION_VERB,ROOT_VERB:taken|PREP(on)+POBJ(lives)|PREP(of)+POBJ(India)|NER_LOC:South|NER_LOC:India,True,True
"Nowadays, I do not feel the need to watch comedy films or read jokes Just watch the Indian News ὠ2ὠ2ὠ2ὠ2ὠ2ὠ2ὠ2ὠ2ὠ2ὠ2ὠ2ὠ2 #earthquake #UNGA #Kashmir #PMModi #PMImranKhan #PMIK #indiaVsPakistan",requests_or_urgent_needs,,ACTION_VERB,ROOT_VERB:feel,False,True
RT @lacyfm: Wishing safety for all-the residents of the east coast and all first responders #Florence,sympathy_and_support,LOC_NOUN|PROPN+LOC_NOUN,,PREP(for)+POBJ(residents)|PREP(of)+POBJ(coast)|NER_LOC:the|NER_LOC:east|NER_LOC:coast,True,False
We survived the night: Florida Keys residents survey early storm damage from Hurricane #Irma,infrastructure_and_utility_damage,PREP+PROPN,,ROOT_VERB:survey|PREP(from)+POBJ(Irma),True,False
RT @bayareabites: A group of restaurants have started a relief fund to help those affected by the earthquake in Mexico.,rescue_volunteering_or_donation_effort,PREP+PROPN,ACTION_VERB,PREP(of)+POBJ(restaurants)|ROOT_VERB:started|PREP(in)+POBJ(Mexico)|NER_LOC:Mexico,True,True
Mexico Earthquake: More Than 200 People Found Dead As Rescue Attempts Continue,injured_or_dead_people,,ACTION_VERB,NER_LOC:Mexico,False,True
Just donated to Hurricane Harvey relief efforts thru @Google. They match donations dollar for dollar. Go for it #PrayForHouston,rescue_volunteering_or_donation_effort,,,ROOT_VERB:donated|PREP(to)+POBJ(efforts)|NER_LOC:Hurricane|NER_LOC:Harvey|PREP(thru)+POBJ(@Google),False,False
"RT @nzherald: Two confirmed dead, homes destroyed, slips block road and rail lines after 7.5 shake.  #EQNZ",injured_or_dead_people,LOC_NOUN,,ROOT_VERB:confirmed|PREP(after)+POBJ(shake),True,False
"If Trumps Mar-a-Lago is destroyed by the hurricane, I wonder how many millions in tax-payer dollars would be saved. #Dorian2019 #HurricaneDorian",not_humanitarian,PREP+PROPN,,ROOT_VERB:wonder|PREP(in)+POBJ(dollars),True,False
More on the revised magnitude - #eqnz #nzearthquake,not_humanitarian,,,,False,False
NOAA satellites show the Before and After damage from #Harvey. Circled is damage to #Rockport Fulton Junior HS.,infrastructure_and_utility_damage,,,ROOT_VERB:show|PREP(from)+POBJ(Harvey)|PREP(to)+POBJ(HS),False,False
"My thoughts go out to the people of Mexico City affected by the Earthquake, and everyone in Puerto Rico by Hurricane Maria.",sympathy_and_support,PREP+PROPN|PROPN+LOC_NOUN|LOC_NOUN,,ROOT_VERB:go|PREP(to)+POBJ(people)|PREP(of)+POBJ(City)|NER_LOC:Mexico|NER_LOC:City,True,False
"Please pray for the people of Japan, Mexico (2nd Earthquake) and the Republic of Vanuatu (island chain east of",sympathy_and_support,,,ROOT_VERB:pray|PREP(of)+POBJ(Japan)|NER_LOC:Japan|NER_LOC:Mexico|NER_LOC:the,False,False
The @ComicBookMenAMC remind you that the #HandInHand telethon to benefit victims of Hurricanes Harvey and Irma is on all networks TONIGHT.,other_relevant_information,,,ROOT_VERB:remind|PREP(of)+POBJ(Harvey)|NER_LOC:Hurricanes|NER_LOC:Harvey|NER_LOC:Irma,False,False
Hurricane Maria evacuees are sheltering in Shreveport with more to come!,displaced_people_and_evacuations,PREP+PROPN,,ROOT_VERB:sheltering|PREP(in)+POBJ(Shreveport)|NER_LOC:Shreveport|PREP(with)+POBJ(more),True,False
"Nutty O holds a Facebook live premiere of his latest single VROOM, Talks about ZOL Wibroniks Mobile Wifi (MiFi), Sends a message of comfort to the #CycloneIdai victims and wishes Ti Gonzi a quick recovery. #ABX",sympathy_and_support,,URGENCY_ADVERB,ROOT_VERB:holds|PREP(of)+POBJ(VROOM)|PREP(of)+POBJ(comfort),False,True
"Mandatory evacuation order starts at 10 a.m. Monday for beachside in Daytona Beach. That includes homes, RVs and hotels (including ours). When sustained wind speed reaches 39 mph, all bridges crossing the Halifax River will be closed. @FCN2go @THV11 #FCNStorm #Dorian",displaced_people_and_evacuations,PREP+PROPN|PROPN+LOC_NOUN|LOC_NOUN,,ROOT_VERB:starts|PREP(at)+POBJ(a.m.)|PREP(for)+POBJ(beachside)|PREP(in)+POBJ(Beach)|NER_LOC:Daytona,True,False
Massive #earthquake alert! Hoping for lesser damages and that everyone is safe.. It’s High time we start taking our Mother Earth serious before it’s too low.. #HowDareYou,infrastructure_and_utility_damage,,,ROOT_VERB:Hoping|PREP(for)+POBJ(damages)|ROOT_VERB:’s,False,False
"Dont forget about the pets, livestock and homeless animals impacted by #HurricaneMaria . Heres how you can help:",caution_and_advice,,ACTION_VERB,ROOT_VERB:forget|PREP(about)+POBJ(pets),False,True
"Martin County Evacuation Zones Map &amp; Shelters for Hurricane Dorian  Martin County Martin County, Florida storm",displaced_people_and_evacuations,,,NER_LOC:Martin|NER_LOC:County|PREP(for)+POBJ(County)|NER_LOC:Martin|NER_LOC:County,False,False
RT @WorldVisionLK: Images captured on our way to distribute relief goods in #Ratnapura #FloodReliefLKA #FloodSL #Flood2017,rescue_volunteering_or_donation_effort,,,PREP(on)+POBJ(way)|PREP(in)+POBJ(Ratnapura),False,False
While were still recovering from the damage of #Harvey the east coast is now on the look out for #Irma,infrastructure_and_utility_damage,PREP+PROPN|PROPN+LOC_NOUN|LOC_NOUN,URGENCY_ADVERB,PREP(from)+POBJ(damage)|PREP(of)+POBJ(Harvey)|PREP(for)+POBJ(Irma),True,True
Everyone of these preventable deaths is blood on your hands. Maybe stop talking about kneeling.@realDonaldTrump,injured_or_dead_people,,,PREP(on)+POBJ(hands)|ROOT_VERB:stop|PREP(about)+POBJ(kneeling.@realDonaldTrump),False,False
God Bless all the firefighters fighting these terrible fires in California &amp; bring an swift end to the fires. God Bless those searching &amp; rescuing people &amp; animals. God Bless those who have lost loved ones &amp; homes. #CampFire #CaliforniaFire #CaliforniaFires #CaliforniaWildfires,sympathy_and_support,PREP+PROPN,,ROOT_VERB:Bless|PREP(in)+POBJ(California)|ROOT_VERB:Bless|ROOT_VERB:Bless,True,False
Please Please I ask that all my fellow Americans pray for us here in the #Carolinas! We need it. Im so worried our towns are flooding! @RealJamesWoods help me spread the word please for prayers?!?! #HurricaneFlorence,sympathy_and_support,PREP+PROPN,ACTION_VERB,ROOT_VERB:ask|ROOT_VERB:need|ROOT_VERB:m|ROOT_VERB:help|PREP(for)+POBJ(prayers),True,True
"Hello #thrissur we need more food to this camp, banana, biscuits, bread etc. Please share and coordinate with Adv Shobby 9847556550 #KeralaFloodRelief",requests_or_urgent_needs,,ACTION_VERB,ROOT_VERB:need|PREP(to)+POBJ(camp)|ROOT_VERB:share|PREP(with)+POBJ(Shobby),False,True
The @RedCross is accepting donations to help those impacted by #Harvey #n4tm,rescue_volunteering_or_donation_effort,,ACTION_VERB,ROOT_VERB:accepting,False,True
@RedCross in Vega Alta #Puerto Rico providing VOIP communications for stricken areas #HurricaneMaria,rescue_volunteering_or_donation_effort,PREP+PROPN,,NER_LOC:Vega|NER_LOC:Alta|NER_LOC:Puerto|NER_LOC:Rico|PREP(for)+POBJ(areas),True,False
"As Kerala battles floods, states come with aid Read here:  Here’s how you can help:  #KeralaFloods #KeralaFloodRelief",rescue_volunteering_or_donation_effort,,ACTION_VERB,ROOT_VERB:come|PREP(with)+POBJ(aid),False,True
Absolutely the worst situation imaginable for the Bahamas. Catastrophic damage will be expected. I too will be praying for the people of the islands. ὤFἿD #Dorian,infrastructure_and_utility_damage,,,NER_LOC:Bahamas|ROOT_VERB:expected|ROOT_VERB:praying|PREP(of)+POBJ(islands),False,False
RT @Climatic_Issues: #HurricaneFlorence evacuation zones: Where has been evacuated? Danger zones mapped,displaced_people_and_evacuations,,,ROOT_VERB:mapped,False,False
"Please donate for #Kerala. You can go to , or go to @amazonIN &amp; send supplies directly to any of the listed NGOs. I sent mine to @goonj . Im also going to send clothes, shoes, whatever I can. Im not challenging you, but I am asking you for help. ὤFἿD",rescue_volunteering_or_donation_effort,,ACTION_VERB,ROOT_VERB:donate|PREP(for)+POBJ(Kerala)|ROOT_VERB:go|PREP(to)+POBJ(@amazonIN)|ROOT_VERB:sent,False,True
"In #TampaBay, residents rescued a group of #manatees from low #water levels and #mud! Story at . #IrmaHurricane2017",rescue_volunteering_or_donation_effort,PREP+PROPN,,PREP(In)+POBJ(TampaBay)|ROOT_VERB:rescued|PREP(of)+POBJ(manatees)|PREP(from)+POBJ(levels),True,False
Amoral: without ANY morality.,other_relevant_information,,,,False,False
RT @ali_burrasque: My story from #ItalyEarthquake. Refugees reach out to victims among xenophobic tensions,rescue_volunteering_or_donation_effort,,,PREP(from)+POBJ(ItalyEarthquake)|ROOT_VERB:reach|PREP(to)+POBJ(victims)|PREP(among)+POBJ(tensions),False,False
"74 killed, 180+ injured by wildfires in Greece, authorities ask EU for help — RT World News",injured_or_dead_people,PREP+PROPN,VICTIM_STATE|ACTION_VERB,PREP(in)+POBJ(Greece)|NER_LOC:Greece|ROOT_VERB:ask|PREP(for)+POBJ(help),True,True
RT @ACurtright: #PuertoRico’s entire #electricity grid was knocked out in #Maria. Millions expected to be without power for months.,infrastructure_and_utility_damage,,,ROOT_VERB:knocked|PREP(in)+POBJ(Maria),False,False
First Lawsuit by Fire Victims Family Filed Against Greek State |   #Griechenland #PrayForGreece,other_relevant_information,,,ROOT_VERB:Filed|PREP(Against)+POBJ(State),False,False
Generous of Justin to match Red Cross to help Fort McMurray. If it was another country he would just give billions,rescue_volunteering_or_donation_effort,,ACTION_VERB,ROOT_VERB:match|NER_LOC:Fort|NER_LOC:McMurray|ROOT_VERB:give,False,True
Anheuser-Busch sends cans of water to those affected by Hurricane Harvey,rescue_volunteering_or_donation_effort,,,ROOT_VERB:sends|PREP(of)+POBJ(water),False,False
"@BecauseVal_ @SmokeScreenVids hey guys, I dont know if you know about Mexico Citys devastating earthquake but a lot of help is needed",requests_or_urgent_needs,,ACTION_VERB,ROOT_VERB:know|PREP(about)+POBJ(earthquake)|PREP(of)+POBJ(help)|ROOT_VERB:needed,False,True
@AP is reporting the death toll for the #CampFire is up to 31 now. @CAL_FIRE working hard with all the other teams Heartbreaking,injured_or_dead_people,,URGENCY_ADVERB,ROOT_VERB:reporting|PREP(for)+POBJ(CampFire)|ROOT_VERB:working|PREP(with)+POBJ(teams),False,True
Maria mad cuz yall turned her song into Wild Thoughts,other_relevant_information,,,PREP(into)+POBJ(Thoughts)|NER_LOC:Wild|NER_LOC:Thoughts,False,False
RT @SkyNewsBreak: The Queen has made a personal donation to support the work of the Italian Red Cross in the search and rescue effort after,rescue_volunteering_or_donation_effort,PREP+PROPN,ACTION_VERB,ROOT_VERB:made|PREP(of)+POBJ(Cross)|PREP(in)+POBJ(effort),True,True
"RT @emilybohatch: This isnt true. But, the Cajun Navy volunteers will be in SC soon",rescue_volunteering_or_donation_effort,PREP+PROPN,,,True,False
"10,000 kilogram rice has been send off to #Kerala who was affected by the flood #Thalapathy Vijay fans ᾑ7 Nice gesture #Thalapathyvijay - #Thalapathyfan",rescue_volunteering_or_donation_effort,,ACTION_VERB,ROOT_VERB:send|PREP(to)+POBJ(Kerala),False,True
"A Spalding man claimed his Lucky for Life lottery prize, saying hes planning to use it for his childrens college fund. Congratulations!",not_humanitarian,,,ROOT_VERB:claimed|PREP(for)+POBJ(fund),False,False
ᾑEKarma is a bitch Drumpt. Thoughts and prayers MFer! #RememberPuertoRico #TrumpIsADisgrace #BlueWave2020 ἰA,not_humanitarian,,,NER_LOC:Drumpt,False,False
Sorry For My Previous Troll On #Pakistan in the #earthquake 5 people died and 50 were injured. Hope now everyone is staying safe. WE PRAY FOR EVERYONE TO BE SAFE.,injured_or_dead_people,PREP+PROPN,VICTIM_STATE|URGENCY_ADVERB,NER_LOC:Pakistan|ROOT_VERB:staying|ROOT_VERB:PRAY,True,True
Our thoughts are with our @INAHmx colleagues and everyone in Mexico affected by yesterdays earthquake. Info on resources here:,sympathy_and_support,PREP+PROPN,,NER_LOC:Mexico|PREP(on)+POBJ(resources),True,False
"Have the California wildfires impacted Season 10 filming? Yes. Camarillo Airport, which has been used for Curb episodes in the past (and currently), is now a base camp for incident command and a staging pad for water-dropping helicopters. All filming has been pushed back.",not_humanitarian,PREP+PROPN,URGENCY_ADVERB,NER_LOC:California|ROOT_VERB:impacted|PREP(for)+POBJ(Curb)|PREP(in)+POBJ(past)|PREP(for)+POBJ(command),True,True
RT @kasie: I am ὣ0for #PuertoRico Donate here to help:,rescue_volunteering_or_donation_effort,,ACTION_VERB,,False,True
.@UNCP_Swimming is collecting donations this week for #HurricaneMaria relief efforts in Puerto Rico. Thank you for your support #BraveNation,rescue_volunteering_or_donation_effort,PREP+PROPN,,ROOT_VERB:collecting|PREP(for)+POBJ(efforts)|PREP(in)+POBJ(Rico)|NER_LOC:Puerto|NER_LOC:Rico,True,False
"Our prayers are with you, Florida residents! From all of us at AmeribaseDigital, please stay safe! #hurricaneprep #hurricanedorian2019 #hurricanedorian #staysafe #hurricane #florida",sympathy_and_support,PREP+PROPN,,NER_LOC:Florida|PREP(From)+POBJ(all)|ROOT_VERB:stay|NER_LOC:florida,True,False
RT @UnemployedEater: Hey everyone who eats food - Chef Jose Andres is trying to feed Puerto Rico. Please consider donating.,rescue_volunteering_or_donation_effort,,,NER_LOC:Puerto|NER_LOC:Rico|ROOT_VERB:consider,False,False
American Red Cross preparations ahead of Hurricane Dorian  via @YouTube,rescue_volunteering_or_donation_effort,,,NER_LOC:Hurricane|NER_LOC:Dorian|PREP(via)+POBJ(@YouTube),False,False
"Medications damaged by flood water? When in doubt, throw it out.  #HurricaneHarvey",infrastructure_and_utility_damage,PREP+PROPN,,PREP(in)+POBJ(doubt)|ROOT_VERB:throw,True,False
"Feel so blessed that Abuela overcame Hurricane Maria too, my prayers go out to Puerto Rico and hope they recover soon.",sympathy_and_support,,,NER_LOC:Abuela|ROOT_VERB:go|PREP(to)+POBJ(Rico)|NER_LOC:Puerto|NER_LOC:Rico,False,False
The fake news hurricane almost totally destroyed Barbuda. Limbaugh is as big of an idiot for that comment as ever.,infrastructure_and_utility_damage,,,ROOT_VERB:destroyed|PREP(for)+POBJ(comment),False,False
"On #Trumps #HurricaneHarvey tour, he didnt spot cheap buildings to buy. Too many have new indoor pools. #JokeTooSoon?",not_humanitarian,,,PREP(On)+POBJ(tour)|ROOT_VERB:spot|ROOT_VERB:have,False,False
Cool. This seems totally cool. EXCEPT over half of the island doesnt have drinking water!,other_relevant_information,,,ROOT_VERB:seems|PREP(of)+POBJ(island)|ROOT_VERB:have,False,False
", I read they need extended sizes up to 5x. Adult socks. Worked at hurricane shelter 12yrs ago. Diapers NB-adult. Huge need. My next stop.",requests_or_urgent_needs,PREP+PROPN,ACTION_VERB,ROOT_VERB:read|PREP(to)+POBJ(5x)|ROOT_VERB:Worked|PREP(at)+POBJ(12yrs),True,True
RT @CallahanCRS: Our prayers are with the people of #Mexico and those in path of Hurricane #Maria. We stand with them and our Caritas partn,sympathy_and_support,PREP+PROPN,,PREP(of)+POBJ(Mexico)|NER_LOC:Mexico|PREP(of)+POBJ(Maria)|ROOT_VERB:stand|PREP(with)+POBJ(them),True,False
SUPPORT VICTIMS OF HURRICANE MARIA! Buy this track  #hurricanemaria #HurricaneMariapr #hurricanemaria2017,rescue_volunteering_or_donation_effort,,,PREP(OF)+POBJ(MARIA)|ROOT_VERB:Buy,False,False
"The fires in California make me so sad, all those people who lose homes and the animals who suffer with losing their little homes too! Ὁ4",sympathy_and_support,PREP+PROPN,,PREP(in)+POBJ(California)|NER_LOC:California|ROOT_VERB:make,True,False
Barbudas residents have all been evacuated in the wake of Irma. 300 years of history and culture wiped out,displaced_people_and_evacuations,PREP+PROPN,,ROOT_VERB:evacuated|PREP(in)+POBJ(wake)|PREP(of)+POBJ(Irma)|NER_LOC:Irma|PREP(of)+POBJ(history),True,False
Save the Children supplies are being distributed to children &amp; families affected by #CycloneIdai in #Chimanimani &amp; #Chipinge districts in Zimbabwe. This is helping to bring relief to the affceted families. @ESASavechildren @SavetheChildren @savechildrenuk @SaveUKNews @263Chat,rescue_volunteering_or_donation_effort,PREP+PROPN,ACTION_VERB,ROOT_VERB:distributed|PREP(to)+POBJ(children)|PREP(in)+POBJ(#)|PREP(in)+POBJ(Zimbabwe)|NER_LOC:Zimbabwe,True,True
everyone say a quick prayer for my uncles safety. hes getting deployed out to Haiti tomorrow for search and rescue due to the hurricane,sympathy_and_support,,URGENCY_ADVERB|ACTION_VERB,ROOT_VERB:say|PREP(for)+POBJ(safety)|ROOT_VERB:deployed|PREP(to)+POBJ(Haiti)|NER_LOC:Haiti,False,True
RIP lemon liquor ὢD#eqnz #nzearthquake,not_humanitarian,,,,False,False
Very sad #news from #Greece! My #thoughts and #prayers with everyone in Greece! Such a big #tragedy! #Greecefires #PrayforGreece #AthensFires #Athens,sympathy_and_support,PREP+PROPN,,PREP(from)+POBJ(Greece)|PREP(with)+POBJ(everyone)|NER_LOC:Greece|ROOT_VERB:Greecefires,True,False
"Just like the U.S. army, I thought I would see our army doing search and rescue missions on #CycloneIdai flood victims. Help; dololo They are just good at beating and abusing opposition supporters.",rescue_volunteering_or_donation_effort,PREP+PROPN,ACTION_VERB,PREP(like)+POBJ(army)|NER_LOC:U.S.|ROOT_VERB:thought|PREP(on)+POBJ(victims)|ROOT_VERB:Help,True,True
Tamil Nadu Transport Staffs Association decides to contribute their one-day salary towards Kerala flood relief. ❤️ #KeralaReliefFund #KeralaFloods #KeralaRains #SaveKerala #KeralaFlood2018 #KeralaRainsHelp,rescue_volunteering_or_donation_effort,PREP+PROPN,,ROOT_VERB:decides|PREP(towards)+POBJ(relief)|NER_LOC:Kerala,True,False
PET RESOURCES FOR EVACUEES - Plz RT #CampFire #HillFire #WoolseyFire #ButteCounty #Ventura #LosAngeles #Malibu #ThousandOaks #HiddenHills #Calabasas #SaratogaCanyon,displaced_people_and_evacuations,,,ROOT_VERB:WoolseyFire,False,False
‘Big Undertaking’: Several States Respond to #HurricaneHarvey,other_relevant_information,,,,False,False
All the players met at half court before the game to present a check from Red Cross for hurricane Harvey. #BBN,sympathy_and_support,PREP+PROPN,,ROOT_VERB:met|PREP(at)+POBJ(court)|PREP(from)+POBJ(Cross)|PREP(for)+POBJ(Harvey),True,False
Dorian is now a CATEGORY 5 hurricane with maximum sustained winds of 160 mph. A Tropical Storm Warning has been issued for Florida’s East Coast from Deerfield Beach to Sebastian Inlet.,caution_and_advice,PREP+PROPN|PROPN+LOC_NOUN|LOC_NOUN,URGENCY_ADVERB,PREP(with)+POBJ(winds)|PREP(of)+POBJ(mph)|ROOT_VERB:issued|PREP(for)+POBJ(Coast)|NER_LOC:Florida,True,True
"2. Mr. President, @edmnangagwa Did we need to get to 30 deaths for us to do something meaningful? Someone slept on the job sir. Please let’s not get to 50 deaths. Shame on whoever was responsible for the evacuation of people! #Cycloneidai",injured_or_dead_people,,ACTION_VERB,ROOT_VERB:need|PREP(to)+POBJ(deaths)|ROOT_VERB:slept|PREP(on)+POBJ(sir)|ROOT_VERB:let,False,True
half to go back to school on monday cause of irma😭,other_relevant_information,,,ROOT_VERB:go|PREP(on)+POBJ(cause)|PREP(of)+POBJ(irma),False,False
@cenkuygur These fires have absolutely nothing to do with climate change and everything to do with enviro-statists who prevent controlled burns of the millions of dead trees across California in an effort to preserve everything but human life. #GreenPolicyDeathToll,not_humanitarian,PREP+PROPN,,ROOT_VERB:have|PREP(with)+POBJ(change)|PREP(with)+POBJ(statists)|PREP(of)+POBJ(millions)|PREP(of)+POBJ(trees),True,False
"Huge water and food requirement would be there, says Prof. Santosh Kumar, Head Policy&amp; Planning at National Institute Of Disaster Management #IndiaForKerala",requests_or_urgent_needs,PREP+PROPN,,ROOT_VERB:says|PREP(at)+POBJ(Institute),True,False
"Hopefully #HurricaneFlorence wont create any kind of emergency for you and your family, but in case it does lets be ready. Make a plan:  Build a kit:",caution_and_advice,PREP+PROPN,DISTRESS_SIGNAL,ROOT_VERB:create|PREP(of)+POBJ(emergency)|ROOT_VERB:Build,True,True
"Volunteers from the @RedCross like Tony, Joyce and Bill are busy feeding communities impacted by flooding across Nebraska and SW Iowa. As flood waters recede, Red Cross disaster workers are serving meals and distributing relief items, emergency supplies and cleanup materials.",rescue_volunteering_or_donation_effort,PREP+PROPN,DISTRESS_SIGNAL,PREP(from)+POBJ(@RedCross)|PREP(across)+POBJ(Nebraska)|NER_LOC:Nebraska|NER_LOC:SW|NER_LOC:Iowa,True,True
To all of our Florida friends please keep this handy as it includes emergency information including phone numbers! #Dorianflorida #HurricaneDorian2019 #HurricaneDorian,caution_and_advice,,DISTRESS_SIGNAL,PREP(To)+POBJ(all)|NER_LOC:Florida|ROOT_VERB:keep|PREP(including)+POBJ(numbers)|ROOT_VERB:HurricaneDorian2019,False,True
RT @earlklugh: Please stay safe - we are keeping you in our thoughts and prayers,sympathy_and_support,PREP+PROPN,,ROOT_VERB:keeping|PREP(in)+POBJ(thoughts),True,False
This crowdfunding campaign by @QuitoShapers will be a second wave of relief to victims of the #SismoEcuador! Donate:,rescue_volunteering_or_donation_effort,,ACTION_VERB,PREP(by)+POBJ(@QuitoShapers)|PREP(of)+POBJ(relief)|PREP(to)+POBJ(victims)|PREP(of)+POBJ(SismoEcuador)|ROOT_VERB:Donate,False,True
Yep. 45 is meeting with Putin while Americans die from fires caused by winds and global warming. #distraction #WoosleyFire #Malibufire #Putin,injured_or_dead_people,PREP+PROPN,,ROOT_VERB:meeting|PREP(with)+POBJ(Putin)|PREP(from)+POBJ(fires),True,False
Praying for all those who will affected by Hurricane Dorianὡ4 Speaking from experience please take all the necessary precautions and stay safe category 5 ain no jokeὤ1ὤFἿD❤️ #prayforthebahamas,sympathy_and_support,PREP+PROPN,,PREP(for)+POBJ(those)|PREP(from)+POBJ(experience)|ROOT_VERB:take,True,False
And hope everyones safe after the earthquake,sympathy_and_support,,,ROOT_VERB:everyones|PREP(after)+POBJ(earthquake),False,False
Please share! #HurricaneHarvey shelters - Tell us supply/volunteer help you need here:  #HarveyNeeds #HelpforHarvey,rescue_volunteering_or_donation_effort,,ACTION_VERB,ROOT_VERB:share|ROOT_VERB:Tell,False,True
Both hurricanes caused significant damage in the Gulf region.,infrastructure_and_utility_damage,PREP+PROPN,,ROOT_VERB:caused|PREP(in)+POBJ(region)|NER_LOC:Gulf,True,False
Kollam Nanbans on route to Pathanamthitta town with 1.5 lakh worth flood relief materials. ✌ Note:These relief materials are from our own fund. Thalapathys personal flood relief fund for us will be used in the coming days. #KeralaFloodRelief #EidMubarak,rescue_volunteering_or_donation_effort,PREP+PROPN|PROPN+LOC_NOUN|LOC_NOUN,,PREP(to)+POBJ(town)|PREP(with)+POBJ(materials)|PREP(for)+POBJ(us)|ROOT_VERB:used|PREP(in)+POBJ(days),True,False
PM Modi in Kerala to review flood situation: Top developments,other_relevant_information,PREP+PROPN,,PREP(in)+POBJ(Kerala)|NER_LOC:Kerala,True,False
RT @floodexpert: ‘We’re in the bull’s eye’: Evacuation orders multiply as #HurricaneFlorence churns toward #EastCoast,displaced_people_and_evacuations,PREP+PROPN,,PREP(in)+POBJ(eye)|PREP(toward)+POBJ(EastCoast),True,False
"Im at Costco Food Court in Glenmont, MD",not_humanitarian,PREP+PROPN,,ROOT_VERB:m|PREP(at)+POBJ(Court)|NER_LOC:Glenmont|NER_LOC:MD,True,False
"Thinking of my friends at ⁦@uncpembroke⁩ and ⁦@UNCP_Sports⁩ with #HurricaneFlorence coming their way. Matthew, two years ago, was scary enough. Flood waters stuck around for several days and power was out for almost a week.",sympathy_and_support,PREP+PROPN,VICTIM_STATE,ROOT_VERB:Thinking|PREP(of)+POBJ(friends)|PREP(at)+POBJ(⁦@uncpembroke⁩)|ROOT_VERB:stuck|PREP(for)+POBJ(days),True,True
Dorian can still be a menace and cause damage and lives even if it never touches shore. I beg you to keep watching updates bc it doesnt take much to change it again,infrastructure_and_utility_damage,,,ROOT_VERB:beg,False,False
Progress. Damage is in the billions. Lots of work still left to be done.,infrastructure_and_utility_damage,PREP+PROPN,,PREP(of)+POBJ(work)|ROOT_VERB:left,True,False
Americans are dying and thousands of homes are burning to the ground and THIS is what you have to say about it?,infrastructure_and_utility_damage,,,ROOT_VERB:dying|PREP(of)+POBJ(homes)|PREP(to)+POBJ(ground)|PREP(about)+POBJ(it),False,False
"#KeralaSOS #KeralaFloods: Watch how Naval diving team is rescuing people and providing food in Keralas flood-hit Kunnathunad Taluk, Koovappady, Mattakuzhi villages. (by @manjeetnegilive ) Get all the live updates on Kerala food",rescue_volunteering_or_donation_effort,PREP+PROPN,,ROOT_VERB:Watch|PREP(in)+POBJ(villages)|NER_LOC:Keralas|NER_LOC:Koovappady|NER_LOC:Mattakuzhi,True,False
"# Stopru Earthquake in Ecuador: a Quebecer and son among victims: She was a passionate travel, a citizen of th",injured_or_dead_people,PREP+PROPN,,NER_LOC:Ecuador|PREP(of)+POBJ(th),True,False
"Contribute to Kerala Flood Relief Fund for grant of Bail, Jharkhand High Court To read more go on",rescue_volunteering_or_donation_effort,,,ROOT_VERB:Contribute|PREP(to)+POBJ(Fund)|PREP(for)+POBJ(grant)|PREP(of)+POBJ(Bail),False,False
@NBguy101 @Drjenny6Drjenny @cnni @rihanna @realDonaldTrump And they are helping with massive shipments of Aid and the US Military,rescue_volunteering_or_donation_effort,,,PREP(with)+POBJ(shipments)|PREP(of)+POBJ(Aid),False,False
"Hurricane Dorian: Florida Gov. DeSantis says FHP escorting fuel trucks, state contacting nursing homes  via @Florida_Today",other_relevant_information,,,NER_LOC:Florida|ROOT_VERB:says|PREP(via)+POBJ(@Florida_Today),False,False
Area schools could see new students from Puerto Rico affected by Hurricane Maria  via @WWLP22News,other_relevant_information,PREP+PROPN|LOC_NOUN,,ROOT_VERB:see|PREP(from)+POBJ(Rico)|NER_LOC:Puerto|NER_LOC:Rico|PREP(via)+POBJ(@WWLP22News),True,False
Nah catch me buying all that Kroger water. ᾗ0ᾗ5 #iykyk,not_humanitarian,,,ROOT_VERB:catch,False,False
#HappeningNow More families on the NC coast are preparing for evacuations as #hurricaneflorence gets closer. Nags Head evacuations begin at 7am today. #HurricaneReady #HurricanePrep  @WLOS_13,displaced_people_and_evacuations,LOC_NOUN|PROPN+LOC_NOUN,,PREP(on)+POBJ(coast)|NER_LOC:NC|ROOT_VERB:preparing|PREP(for)+POBJ(evacuations)|ROOT_VERB:begin,True,False
RT @EU_in_Sri_Lanka: EU provides LKR 51 million in humanitarian funding to support victims of #FloodSL  @ECHO_Asia,rescue_volunteering_or_donation_effort,PREP+PROPN,,ROOT_VERB:provides|PREP(of)+POBJ(@ECHO_Asia)|NER_LOC:@ECHO_Asia,True,False
The worst part about #Dorian that climate change deniers will have to acknowledge: this will soon be the norm not the exception for future hurricanes where the water is as warm as it is. 180 mph sustained winds. Science bless anybody in her path. #Dorian2019 #HurricaneDorian2019,other_relevant_information,PREP+PROPN,,PREP(about)+POBJ(Dorian)|PREP(for)+POBJ(hurricanes)|ROOT_VERB:sustained|ROOT_VERB:bless|PREP(in)+POBJ(path),True,False
#ASCE members have been assessing and tagging structures in Northern California damaged by the Camp Fire. ASCEs Region 9 disaster preparedness chair shares a recent update. #naturaldisasters #naturalhazards #resilience #wildfires,infrastructure_and_utility_damage,PREP+PROPN,,ROOT_VERB:assessing|PREP(in)+POBJ(California)|NER_LOC:Northern|NER_LOC:California|NER_LOC:the,True,False
"RT @worldvisioncan: .@WorldVisionMx is working to assess damage, aid in rescue efforts &amp; build quick relief projects #MexicoEarthquake http",rescue_volunteering_or_donation_effort,PREP+PROPN,URGENCY_ADVERB|ACTION_VERB,ROOT_VERB:working|PREP(in)+POBJ(efforts),True,True
"PIM Latest News: Nearly 2 million, mostly in Florida, without power in Irmas wake",infrastructure_and_utility_damage,PREP+PROPN,,NER_LOC:Florida|PREP(in)+POBJ(Irmas)|ROOT_VERB:wake,True,False
"Flood Emergencies in Port Arthur &amp; Beaumont, TX due to Harvey Flooding rain of 26+ since last night.",caution_and_advice,PREP+PROPN|LOC_NOUN,,NER_LOC:Beaumont|PREP(of)+POBJ(26),True,False
Civil defence has issued this tsunami threat level map. #EQNZ,caution_and_advice,,,ROOT_VERB:issued,False,False
Asian Games : Seema Punia to donate 1 lakh rupees for Kerala flood relief,rescue_volunteering_or_donation_effort,,ACTION_VERB,PREP(for)+POBJ(relief)|NER_LOC:Kerala,False,True
"1,400 residents of 2-island nation #AntiguaBarbuda has seen its entire infrastructure destroyed by #HurricaineIrma",infrastructure_and_utility_damage,,,PREP(of)+POBJ(nation)|ROOT_VERB:seen,False,False
After Hurricane Irma: review shows minorities lead curfew arrests,other_relevant_information,,,PREP(After)+POBJ(Irma)|ROOT_VERB:shows,False,False
OECS declares #agriculture no longer exists in #Dominica in the wake of #Maria. #Climatechange is a threat to food security in so many ways!,infrastructure_and_utility_damage,PREP+PROPN,,ROOT_VERB:declares|PREP(#)+POBJ(agriculture)|PREP(in)+POBJ(Dominica)|PREP(in)+POBJ(wake)|PREP(of)+POBJ(Maria),True,False
"Remember that no matter how complicated the equation may get, never loose hope. #TripplePlay of hope dedicated to the victims of #CycloneIdai with @hazvisakarombe #TheDrive My life is in your hands @kirkfranklin Lion of Judah by @SekgobelaLebo Excess love by @MMercychinwo",other_relevant_information,PREP+PROPN,,ROOT_VERB:Remember|ROOT_VERB:TripplePlay|PREP(of)+POBJ(hope)|PREP(to)+POBJ(victims)|PREP(of)+POBJ(CycloneIdai),True,False
Came across one on FB and it sounded super sketch to me. A guest is soliciting cash donations to just hand him a check? 🤔 Impossible to vet.,rescue_volunteering_or_donation_effort,,,ROOT_VERB:Came|PREP(across)+POBJ(one)|PREP(on)+POBJ(FB)|ROOT_VERB:sounded|ROOT_VERB:soliciting,False,False
On this #RakshaBandhan one of my sister sent Rakhi from Vizag then I wont give Any gift to Her But is Donating to Kerala #KeralaFloods All Brothers Please do same thing Donate for #KeralaFloodRelief @KTRTRS @PawanKalyan @RaoKavitha @trsharish @actor_nithiin @urstrulyMahesh,rescue_volunteering_or_donation_effort,PREP+PROPN,ACTION_VERB,PREP(On)+POBJ(RakshaBandhan)|PREP(from)+POBJ(Vizag)|ROOT_VERB:give|NER_LOC:Donating|PREP(to)+POBJ(Kerala),True,True
"@realDonaldTrump @sundarpichai @Google Hey that’s great! Now, about the floods in Iowa and Nebraska",not_humanitarian,PREP+PROPN,URGENCY_ADVERB,ROOT_VERB:’s|PREP(in)+POBJ(Iowa)|NER_LOC:Iowa|NER_LOC:Nebraska,True,True
"Our thoughts go out to those affected by the cyclone in Southern Africa, across Mozambique, Zimbabwe and Malawi. We have some fantastic followers from these countries and we pray that everyone stays safe at this time. We are all Billy Goats and we stand by you. ὤFὁ0",sympathy_and_support,PREP+PROPN,,ROOT_VERB:go|PREP(to)+POBJ(those)|PREP(in)+POBJ(Africa)|NER_LOC:Southern|NER_LOC:Africa,True,False
"As a storm chaser if you are chasing #HurricaneFlorence, I would bring enough supplies, food, water for more than a week of survival. Nothing more dangerous than a stalling TC. Bring your resources from outside of the impact zone. Residents/evacuees/EM will need all they can get",caution_and_advice,PREP+PROPN|PROPN+LOC_NOUN|LOC_NOUN,ACTION_VERB,PREP(As)+POBJ(chaser)|ROOT_VERB:bring|PREP(for)+POBJ(week)|PREP(of)+POBJ(survival)|ROOT_VERB:Bring,True,True
RT @PresidentRuvi: sending condolences to President #Mattarella following #ItalyEarthquake. Our thoughts are with you and the people of Ita,sympathy_and_support,,,PREP(following)+POBJ(ItalyEarthquake)|PREP(of)+POBJ(Ita),False,False
Mexicos 19S Earthquake: The Rescue Efforts At The Chimalpopoca Factory  via @YouTube,rescue_volunteering_or_donation_effort,PREP+PROPN,ACTION_VERB,,True,True
Were partnering with @smithsonian and @MorrillHallUNL to present a workshop at the Nebraska History Museum this Friday at 10am on preserving treasured possessions after recent devastating flooding. More information ὄ7,other_relevant_information,PREP+PROPN,,ROOT_VERB:partnering|PREP(with)+POBJ(@smithsonian)|PREP(at)+POBJ(Museum)|PREP(at)+POBJ(10)|PREP(after)+POBJ(flooding),True,False
Florida Nun wields chainsaw to assist in Irma cleanup.,other_relevant_information,PREP+PROPN,ACTION_VERB,NER_LOC:Florida|ROOT_VERB:wields|PREP(in)+POBJ(cleanup)|NER_LOC:Irma,True,True
RT @JChavez002: The help is on its way to #MexicoEarthquake victims and you can continue to help!,rescue_volunteering_or_donation_effort,,ACTION_VERB,PREP(to)+POBJ(victims),False,True
RT @TichRay: My thoughts and prayers are with you #Chimanimani and the rest of Manicaland. #CycloneIdai,sympathy_and_support,,,PREP(of)+POBJ(Manicaland),False,False
Thank you @publix for donating to our Kendall Districts mission to deliver essential supplies to our elderly residents after #HurricaneIrma,rescue_volunteering_or_donation_effort,,,ROOT_VERB:Thank|PREP(to)+POBJ(mission)|PREP(to)+POBJ(residents)|PREP(after)+POBJ(HurricaneIrma),False,False
Open Missing People Search Database from Mati and Rafina areas  #Greecefires #PrayForGreece #PrayForAthens,missing_or_found_people,PREP+PROPN,VICTIM_STATE,NER_LOC:Mati,True,True
"Today is the day of national mourning in Italy for the earthquake victims, Ὁ4ὤF #luttonazionale #TerremotoItalia #PrayForItaly",sympathy_and_support,PREP+PROPN,,PREP(of)+POBJ(mourning)|PREP(in)+POBJ(Italy)|NER_LOC:Italy|PREP(for)+POBJ(victims),True,False
#RIP to the retired teacher from Clear Creek high school. Death Toll at 6. #Harvey #OneIsTooMuch #HoustonStrong,injured_or_dead_people,PREP+PROPN,,PREP(from)+POBJ(school)|NER_LOC:Clear|NER_LOC:Creek,True,False
EU announces additional 7 mln Euros for victims of cyclone Idai in Mozambique,rescue_volunteering_or_donation_effort,PREP+PROPN,,ROOT_VERB:announces|PREP(for)+POBJ(victims)|PREP(of)+POBJ(Idai)|NER_LOC:Mozambique,True,False
"RT @DrBashir2017: No electricty, no cell phone coverage, no drinking waterἙ8 Make a difference today! #HelpPuertoRico Ὁ9ὉCὉA",requests_or_urgent_needs,,,ROOT_VERB:Make,False,False
Virginia governor orders mandatory evacuation of low-lying areas ahead of Hurricane Florence,displaced_people_and_evacuations,,,NER_LOC:Virginia|PREP(of)+POBJ(areas)|NER_LOC:Hurricane|NER_LOC:Florence,False,False
Thank you President @BillClinton for visiting @MiamiDadeCounty &amp; lifting the spirits of our residents who sought shelter from #HurricaneIrma,sympathy_and_support,,,ROOT_VERB:Thank|PREP(of)+POBJ(residents)|PREP(from)+POBJ(HurricaneIrma),False,False
"RT KVDailyExpress: Donations of money, blood and volunteer time can help the Red Cross respond to Hurricance Florence:",rescue_volunteering_or_donation_effort,,ACTION_VERB,PREP(of)+POBJ(money)|PREP(to)+POBJ(Florence),False,True
"California Camp Fire update— missing persons reaches 630, while the death toll reaches 63",missing_or_found_people,,VICTIM_STATE,ROOT_VERB:reaches,False,True
"#Update 19 killed, 300+ injured in Mirpur, AJK. Some areas are out of reach due to massive infrastructure damage #earthquake",injured_or_dead_people,PREP+PROPN,VICTIM_STATE,PREP(in)+POBJ(Mirpur)|NER_LOC:Mirpur,True,True
"1,000s of shipping containers full of food, water, medicines were sitting unused at Puerto Ricos Port of San Juan",other_relevant_information,PREP+PROPN|LOC_NOUN,,PREP(of)+POBJ(containers)|ROOT_VERB:sitting|PREP(at)+POBJ(Port)|NER_LOC:Puerto|NER_LOC:Ricos,True,False
Liberia: Mudslide Causes Damage At China Union: AllAfrica  #environment,infrastructure_and_utility_damage,PREP+PROPN,,NER_LOC:Liberia|PREP(At)+POBJ(Union),True,False
#COAS give order to reach immediately in effected areas of #Earthquake in AJK. Our troops with medical teams dispatch now.,rescue_volunteering_or_donation_effort,PREP+PROPN,URGENCY_ADVERB,ROOT_VERB:give|PREP(in)+POBJ(areas)|PREP(of)+POBJ(Earthquake)|PREP(in)+POBJ(AJK)|PREP(with)+POBJ(teams),True,True
RT @frontline327: #retweet4good to donate $1 to the victims of the CA Camp fire,rescue_volunteering_or_donation_effort,,ACTION_VERB,PREP(to)+POBJ(victims)|PREP(of)+POBJ(fire),False,True
"At 7:15 AM EDT, 2 W Seagate [New Hanover Co, NC] PUBLIC reports HURRICANE. TREE FELL ONTO AND THROUGH THE ROOF OF A HOME IN WILMINGTON, NC AT NANTUCKET POINTE. SIGNIFICANT DAMAGE TO THE HOME. VIDEO PROVIDED VIA TWITTER.",infrastructure_and_utility_damage,PREP+PROPN,,PREP(At)+POBJ(EDT)|ROOT_VERB:reports|ROOT_VERB:FELL|PREP(OF)+POBJ(HOME)|PREP(IN)+POBJ(WILMINGTON),True,False
"Contact for any assistance for food , dresses , medical items to any part of kerala in the following numbers #KerlaFlood #KeralaFloodRelief #KeralaSOS",rescue_volunteering_or_donation_effort,PREP+PROPN,,PREP(for)+POBJ(assistance)|PREP(for)+POBJ(food)|PREP(to)+POBJ(part)|PREP(of)+POBJ(kerala)|NER_LOC:kerala,True,False
ᾑ4Well actually you are standing in a ditch or a low lying area to give the flooding reporting a more drastic feeling and acquire MORE ratings and ad revenue for CNN! Of course there was deep flooding in the low areaslook at your camera manhe looks somewhat dry!,not_humanitarian,PREP+PROPN|PROPN+LOC_NOUN|LOC_NOUN,,ROOT_VERB:standing|PREP(in)+POBJ(ditch)|ROOT_VERB:was|PREP(in)+POBJ(areaslook)|PREP(at)+POBJ(manhe),True,False
"cnnbrk : A hospital in Butte County, California, was damaged after patients quickly evacuated due to the raging Camp Fire. Follow live updates:   (via Twitter )",infrastructure_and_utility_damage,PREP+PROPN,,PREP(in)+POBJ(County)|NER_LOC:Butte|NER_LOC:County|NER_LOC:California|ROOT_VERB:damaged,True,False
"Tsunami warning for East coast. Stay off water, off coast# earthquake #Auckland",caution_and_advice,LOC_NOUN|PROPN+LOC_NOUN,,NER_LOC:Tsunami|ROOT_VERB:warning|PREP(for)+POBJ(coast)|NER_LOC:East|NER_LOC:coast,True,False
We As A Team Want To Dedicate This Win To The Flood Victims In Kerala Man Of The Match Indian Captain Virat Kohli ✌ὤF἞E἟3 #ENGvIND #INDvENG,sympathy_and_support,PREP+PROPN,,ROOT_VERB:Want|PREP(To)+POBJ(Victims)|PREP(In)+POBJ(Man)|NER_LOC:Kerala,True,False
Photos: Icebergs left in wake of Nebraska flooding  via @owhnews,other_relevant_information,PREP+PROPN,,PREP(in)+POBJ(wake)|PREP(of)+POBJ(flooding)|NER_LOC:Nebraska|PREP(via)+POBJ(@owhnews),True,False
RT @KatieWGME: Mandatory evacuations have been ordered for coastal Virginia as Hurricane Florence approaches @wgme,displaced_people_and_evacuations,,,ROOT_VERB:ordered|PREP(for)+POBJ(Virginia)|NER_LOC:Virginia,False,False
"Donate Now to Help Those Affected By #HurricaneMatthew in Haiti When Hurricane Matthew hit Haiti last night, it",rescue_volunteering_or_donation_effort,PREP+PROPN,URGENCY_ADVERB|ACTION_VERB,ROOT_VERB:Donate|PREP(By)+POBJ(HurricaneMatthew)|NER_LOC:Haiti|NER_LOC:Haiti,True,True
"You can find out overall situation in Azad Kashmir in terms of damage &amp; injuries but u cannot find anything abt prevailing situation,damage &amp; injuries in beseiged #Kashmir due to lockdown/clampdown by Delhi. No mobile services no internet but only Indian lies working #earthquake",infrastructure_and_utility_damage,PREP+PROPN,,ROOT_VERB:find|PREP(in)+POBJ(Kashmir)|NER_LOC:Azad|NER_LOC:Kashmir|PREP(in)+POBJ(terms),True,False
"CBS News: Ellicott City floods: Maryland officials assess destruction, search for missing man in 1,000-year flood.  via @GoogleNews",missing_or_found_people,LOC_NOUN|PROPN+LOC_NOUN,VICTIM_STATE,NER_LOC:Ellicott|NER_LOC:City|NER_LOC:Maryland|PREP(for)+POBJ(man)|PREP(in)+POBJ(flood),True,True
"The damage which inflicted in Jatlaan, AJ&amp;K after the disastrous #earthquake in Capital &amp; Northern #Pakistan . COAS directed the army for immediate rescue operation in #azadkashmir .",rescue_volunteering_or_donation_effort,PREP+PROPN,ACTION_VERB,PREP(in)+POBJ(Jatlaan)|NER_LOC:Jatlaan|PREP(after)+POBJ(earthquake)|PREP(in)+POBJ(Capital)|NER_LOC:Pakistan,True,True
"They arent getting the focus, but the islands need help.",requests_or_urgent_needs,,NEED+RESOURCE|ACTION_VERB,ROOT_VERB:getting,False,True
#HurricaneHarvey could reshape how and where Americans build their homes  #economy #homebuilding #personalfinance,other_relevant_information,,,ROOT_VERB:reshape,False,False
"HGX issues Tornado Warning for Brazoria, Fort Bend [TX] till 5:15 AM CDT",caution_and_advice,,,NER_LOC:Brazoria,False,False
"Hurricane Florence draws closer as evacuations, preparations continue | WTOP #DC #WDC #WashingtonDC",displaced_people_and_evacuations,,,PREP(as)+POBJ(evacuations)|ROOT_VERB:continue,False,False
"Be never tired of reciting Surah Zilzal because everyone who recites it in his optional prayers will never be involved in an earthquake &amp; he will not die by it, nor should he be hurt by lightning or any worldly pests until he dies” Recite &amp; forward. Stay safe every1 #earthquake",sympathy_and_support,PREP+PROPN,,PREP(in)+POBJ(prayers)|PREP(in)+POBJ(earthquake)|ROOT_VERB:die|PREP(by)+POBJ(it)|ROOT_VERB:Stay,True,False
If one wants to live in a tropical paradise. One should expect to have a delay in the delivery of supplies. The ports are destroyed.,infrastructure_and_utility_damage,PREP+PROPN,,ROOT_VERB:wants|PREP(in)+POBJ(paradise)|ROOT_VERB:expect|PREP(in)+POBJ(delivery)|PREP(of)+POBJ(supplies),True,False
"Prepare your companion animals for #HurricaneDorian: 1. Create a pet evac kit w food, water, bowls, leashes/harness, pet tags/vacc history, first aid kit, toys, etc 2. Have your pet microchipped 3. Secure pet-friendly accommodations before the storm #HurricaneDorian2019",caution_and_advice,,,PREP(for)+POBJ(HurricaneDorian)|ROOT_VERB:Create|ROOT_VERB:microchipped|ROOT_VERB:Secure|PREP(before)+POBJ(storm),False,False
"Chico, CA - Newly Released Video Shows Dramatic California Wildfire Rescue",rescue_volunteering_or_donation_effort,,ACTION_VERB,NER_LOC:Chico|ROOT_VERB:Shows,False,True
Seems as if Maria is not going to damage anyone else! Lets hope that we dont get anymore scares this #HurricaneSeason,infrastructure_and_utility_damage,,,ROOT_VERB:Seems,False,False
Mandatory Evacuation Map slightly modified around 521 @ Rosharon.#harvey #brazoriacounty,displaced_people_and_evacuations,,,ROOT_VERB:modified|PREP(around)+POBJ(521),False,False
RAF Aeromedical Rescue Team Sqn work w/ @RoyalNavy &amp; @kon_marine medics on vital #hurricanemaria #dominica medical ops. Truly inspirational.,rescue_volunteering_or_donation_effort,,ACTION_VERB,PREP(on)+POBJ(ops),False,True
Want to donate for #KeralaFloodRelief and #KodaguFloodRelief? Head over to TNMs Bengaluru office where we will be accepting Back Home Kits for the next three days. Details below.,rescue_volunteering_or_donation_effort,,ACTION_VERB,ROOT_VERB:Want|PREP(for)+POBJ(KeralaFloodRelief)|ROOT_VERB:Head|PREP(to)+POBJ(office)|PREP(for)+POBJ(days),False,True
Local volunteers can learn about the #Community #Emergency Response Team (CERT) program by watching the videos at  #Hurricane #JITDT #Tornado #Florence #School #Club #Clubs #CivicClub #SocialClub #Rotary #Shriners #AmericanLegion #VFW #Veterians #Veterian,rescue_volunteering_or_donation_effort,,DISTRESS_SIGNAL,ROOT_VERB:learn|PREP(about)+POBJ(program)|PREP(at)+POBJ(#),False,True
Yathey still have plenty of paper towels to throw at you and hell those detention camps can double as refugee centerstho if youre brown or black you never go home again,not_humanitarian,PREP+PROPN,,ROOT_VERB:have|PREP(of)+POBJ(towels)|PREP(at)+POBJ(you)|PREP(as)+POBJ(refugee)|ROOT_VERB:go,True,False
RT @WatchOutForIce: The death toll from the California wildfires just grew by a large amount,injured_or_dead_people,PREP+PROPN,,PREP(from)+POBJ(wildfires)|NER_LOC:California|ROOT_VERB:grew|PREP(by)+POBJ(amount),True,False
"RT @Starseed52: Exclusive: Island of Vieques Virtually Destroyed by Hurricane Maria. #PuertoRico #SanJuan #Vieques 10,000 Natives",infrastructure_and_utility_damage,,,ROOT_VERB:Vieques,False,False
RT @DavidPapp: NASA Is Providing Mexico With Aerial Data Of The Earthquake Site To Aid In Recovery,rescue_volunteering_or_donation_effort,PREP+PROPN,,ROOT_VERB:Providing|PREP(With)+POBJ(Data)|PREP(In)+POBJ(Recovery),True,False
@JakhoPhiamphu @charliekirk11 And the California fires dont affect me so why are MY federal taxes helping that effort. Its BS!,not_humanitarian,,,NER_LOC:California|ROOT_VERB:affect,False,False
"RT @natnewswatch: CP NewsAlert: Explosion in Fort McMurray damages homes, fire destroys building | National Newswatch",infrastructure_and_utility_damage,PREP+PROPN,,PREP(in)+POBJ(homes)|NER_LOC:Fort|NER_LOC:McMurray|ROOT_VERB:destroys,True,False
Hurricane Harvey Relief. Join me with a small donation.,rescue_volunteering_or_donation_effort,,,ROOT_VERB:Join|PREP(with)+POBJ(donation),False,False
"Mozambique: Exxon, Anadarko donate to cyclone relief",rescue_volunteering_or_donation_effort,,ACTION_VERB,PREP(to)+POBJ(relief),False,True
"Ummm, this is NOT okay!! @HolidayInn punishing evacuees for loving their family member?",displaced_people_and_evacuations,,,NER_LOC:Ummm,False,False
Pease keep our Hurricane Florence-threatened neighbors in your thoughts and prayers. ❤️,sympathy_and_support,PREP+PROPN,,ROOT_VERB:keep|NER_LOC:Hurricane|NER_LOC:Florence|PREP(in)+POBJ(thoughts),True,False
So sad. Prayers and thoughts for Puerto Rico. This is the Holiday Inn in San Juan Coronado area where I stay 3-4 times each year.,sympathy_and_support,PREP+PROPN|PROPN+LOC_NOUN|LOC_NOUN,,PREP(for)+POBJ(Rico)|NER_LOC:Puerto|NER_LOC:Rico|NER_LOC:the|NER_LOC:Holiday,True,False
"#CycloneIdai: This is the largest emergency operation I have been on personally,” said @jamielesueur, our Operations Manager, to @Camanpour last night. The response efforts in #Beira and other affected areas in #Mozambique continue.",rescue_volunteering_or_donation_effort,,DISTRESS_SIGNAL,ROOT_VERB:said|PREP(to)+POBJ(@Camanpour)|PREP(in)+POBJ(Beira)|PREP(in)+POBJ(Mozambique)|ROOT_VERB:continue,False,True
Leading social media management company that helps businesses grow online. We help increase leads and sales for businesses through Instagram marketing. #instagram #marketing #digitalagency #socialmediamarketing #bizzdirections #karachi #pakistan,not_humanitarian,,ACTION_VERB,ROOT_VERB:help|PREP(for)+POBJ(businesses)|PREP(through)+POBJ(marketing)|ROOT_VERB:socialmediamarketing|NER_LOC:pakistan,False,True
"If you live on low lying ground within 1km of the coast, evacuate #chch #newzealand #christchurch #tsunami #nz #earthquake #eqnz",displaced_people_and_evacuations,LOC_NOUN|PROPN+LOC_NOUN,ACTION_VERB,PREP(on)+POBJ(ground)|PREP(within)+POBJ(km)|PREP(of)+POBJ(coast)|ROOT_VERB:evacuate,True,True
Death toll from Camp fire rises to 81 as searchers continue their grim work,injured_or_dead_people,PREP+PROPN,,PREP(from)+POBJ(fire)|NER_LOC:Camp|ROOT_VERB:rises|PREP(to)+POBJ(81),True,False
Death toll in Greek seaside town wildfire rises to 91,injured_or_dead_people,PREP+PROPN|PROPN+LOC_NOUN|LOC_NOUN,,PREP(in)+POBJ(wildfire)|ROOT_VERB:rises|PREP(to)+POBJ(91),True,False
"RT @AJENews: Update: Death toll in Ecuadors 7.8-magnitude earthquake rises to 41, according to the vice-president",injured_or_dead_people,PREP+PROPN,,PREP(in)+POBJ(earthquake)|PREP(to)+POBJ(41)|PREP(to)+POBJ(vice),True,False
evacuees at Houstons George R Brown Convention Center. #Harvey,displaced_people_and_evacuations,PREP+PROPN,,PREP(at)+POBJ(Center),True,False
@NBCNewsTHINK @LevinsonJessica ὞3Devasting Climate ReportὪ8Storm damage suffering for those affected by Hurricane Florence! Ὢ9Fires ὒ5 devastation of California! How is FEMA helping our citizens now? This reports advise us of more to come! Trump &amp; Republicans don’t believe in Climate Change! We’re Screwed,infrastructure_and_utility_damage,PREP+PROPN,URGENCY_ADVERB,PREP(for)+POBJ(those)|PREP(of)+POBJ(California)|NER_LOC:California|ROOT_VERB:helping|ROOT_VERB:advise,True,True
@DonaldJTrumpJr @realDonaldTrump This picture is not from hurricane Florence. When it was taken your father was a reality tv star. Meanwhile my my friends and family are still waiting to get home you’re sitting in your mansion bitching about TV ratings. Do something useful. Tweet a link to the Red Cross.,other_relevant_information,PREP+PROPN,,ROOT_VERB:waiting|PREP(in)+POBJ(mansion)|PREP(about)+POBJ(ratings)|ROOT_VERB:Do|ROOT_VERB:Tweet,True,False
"California’s utility, PG&amp;E was responsible for 16 of the fires that have ravaged CA. Victims of the CA Paradise fire are now suing the utility for the current fire. However, PG&amp;E and the Cali. PUC want to pass the wildfire costs to customers. Read more:",other_relevant_information,,URGENCY_ADVERB,NER_LOC:California|NER_LOC:PG&amp;E|PREP(of)+POBJ(fire)|ROOT_VERB:suing|PREP(for)+POBJ(fire),False,True
"#Xiaomi india is supplying thousands of fully charged Mi PowerBanks to relief camps in #Kerala, with help of @CNNnews18 . Great initiative. #KeralaFloodRelief #KeralaFloods",sympathy_and_support,,ACTION_VERB,NER_LOC:india|ROOT_VERB:supplying|PREP(of)+POBJ(PowerBanks)|PREP(to)+POBJ(camps)|PREP(in)+POBJ(Kerala),False,True
"@_HangGang is going to be doing some fundraising to help donate for the people as well as the animals enduring the fires in California . We will be selling art , in various forms . We will be using money from merch sales , i will be doing a few handdrawn pieces to sell -",rescue_volunteering_or_donation_effort,PREP+PROPN,ACTION_VERB,ROOT_VERB:going|PREP(for)+POBJ(people)|PREP(in)+POBJ(California)|NER_LOC:California|ROOT_VERB:selling,True,True
18.08.18 :HF India Volunteers #Palakkad had distributed dress items in relief camp operating at Nenmara. #HumanityFirst #HumanityFirstIndia #KeralaFloods #KeralaFloodRelief,rescue_volunteering_or_donation_effort,PREP+PROPN,,ROOT_VERB:distributed|PREP(in)+POBJ(camp)|PREP(at)+POBJ(Nenmara)|NER_LOC:Nenmara,True,False
"Update on the key messages regarding Florence, now a Category 4 hurricane. As of the current forecast, the most probable impacts to our area, if any, will be the potential for heavy, flooding rainfall and perhaps breezy conditions by the end of the week and into the weekend.",other_relevant_information,LOC_NOUN|PROPN+LOC_NOUN,URGENCY_ADVERB,ROOT_VERB:Update|PREP(on)+POBJ(messages)|PREP(regarding)+POBJ(Florence)|PREP(to)+POBJ(area)|PREP(for)+POBJ(rainfall),True,True
"At 8:00 AM EDT, 1 ENE Cheraw [Chesterfield Co, SC] CO-OP OBSERVER reports HEAVY RAIN of 22.58 INCH. CO-OP OBSERVER STATION CEWS1, CHERAW WATER PLANT, MEASURED A TOTAL RAINFALL AMOUNT, ASSOCIATED WITH TROPICAL CYCLONE FLORENCE, ROUGHLY A 72 HOUR TOTAL,",caution_and_advice,LOC_NOUN,,PREP(At)+POBJ(EDT)|ROOT_VERB:reports|PREP(WITH)+POBJ(FLORENCE),True,False
Texas Museums Assess Damage Caused by Hurricane Harvey | artnet News,infrastructure_and_utility_damage,,,,False,False
"2/4 Valero’s contribution is going to a general #Harvey fund that provides disaster relief like transportation, food, cots and blankets.",rescue_volunteering_or_donation_effort,,,ROOT_VERB:going|PREP(to)+POBJ(fund)|PREP(like)+POBJ(transportation),False,False
Local shelters are helping to take in displaced pets in areas impacted by Hurricane Harvey.  #rgv,displaced_people_and_evacuations,PREP+PROPN,,ROOT_VERB:helping|PREP(in)+POBJ(areas)|NER_LOC:Hurricane|NER_LOC:Harvey,True,False
9 People confirmed dead from Hurricane Irma. What now @rushlimbaugh? Is it still a conspiracy? #Science #FactsMatter,injured_or_dead_people,PREP+PROPN,URGENCY_ADVERB,ROOT_VERB:confirmed|PREP(from)+POBJ(Irma),True,True
"So the California wildfires were gods wrath on gays? I guess #HurricaneFlorence is natures wrath on yall sexually abusive, child molesting #catholicpriests on the East coast! #MotherNatureWillWin",not_humanitarian,LOC_NOUN|PROPN+LOC_NOUN,,NER_LOC:California|PREP(on)+POBJ(gays)|ROOT_VERB:guess|PREP(on)+POBJ(coast)|NER_LOC:the,True,False
"Can you recommend anyone for this #job? Operations Associate -  #CustomerService #Cary, NC #Hiring #CareerArc",not_humanitarian,,,ROOT_VERB:recommend|PREP(for)+POBJ(job)|ROOT_VERB:Hiring,False,False
Packers QB Aaron Rodgers will donate $1 million to help with northern California fire relief in the area where he grew up.,rescue_volunteering_or_donation_effort,PREP+PROPN|PROPN+LOC_NOUN|LOC_NOUN,ACTION_VERB,ROOT_VERB:donate|PREP(with)+POBJ(relief)|NER_LOC:California|PREP(in)+POBJ(area),True,True
U.S. government delivers more than 700 metric tons of humanitarian assistance to Mozambicans impacted by #CycloneIdai  #Mozambique #US #Idai @USAIDMozambique,rescue_volunteering_or_donation_effort,,,NER_LOC:U.S.|ROOT_VERB:delivers|PREP(of)+POBJ(assistance)|PREP(to)+POBJ(Mozambicans),False,False
"ATH Hangingstone only facility currently facing wildfire, air bridge” from camps successfully underway",other_relevant_information,PREP+PROPN|LOC_NOUN,,PREP(from)+POBJ(camps),True,False
RT @CherylBatchelo3: Aerial photos of the destruction in Puerto Rico after Hurricane Maria - The Washington Post,infrastructure_and_utility_damage,PREP+PROPN,,PREP(of)+POBJ(destruction)|PREP(in)+POBJ(Rico)|NER_LOC:Puerto|NER_LOC:Rico|PREP(after)+POBJ(Maria),True,False
"RT @ChrisKlemens: I dont give a fuck if Im spamming your timeline right now with donation links. If youre mad, fuck offand donate: :",rescue_volunteering_or_donation_effort,,URGENCY_ADVERB|ACTION_VERB,ROOT_VERB:give|PREP(with)+POBJ(links)|ROOT_VERB:donate,False,True
Weather is calming down here in Hampton Roads now that Jose is moving further away but Hurricane Maria is caus,other_relevant_information,PREP+PROPN,URGENCY_ADVERB,ROOT_VERB:calming|PREP(in)+POBJ(Roads)|NER_LOC:Hampton|NER_LOC:Roads,True,True
"The donations keep coming at @BaileyCoach1! They’re sending three stuffed buses to help the relief before Hurricane Florence hits. They’re expecting to send about 50,000 pounds of donations! @fox43",rescue_volunteering_or_donation_effort,,ACTION_VERB,ROOT_VERB:keep|PREP(at)+POBJ(@BaileyCoach1)|ROOT_VERB:sending|ROOT_VERB:expecting|PREP(of)+POBJ(donations),False,True
For monetary donation -   For resource donations -   @MyKartavya,rescue_volunteering_or_donation_effort,,,,False,False
@OfficialDGISPR Please send troops to few km ahead as well because in #IOK thousands of #Muslim lives are at risk. #Kashmir #Pakistan,requests_or_urgent_needs,PREP+PROPN,PLEA_PATTERN|ACTION_VERB,ROOT_VERB:send|PREP(of)+POBJ(lives)|NER_LOC:Pakistan,True,True
Show your support in this Houston Strong t-shirt. 100% of proceeds go to Hurricane Harvey Relief Fund.,rescue_volunteering_or_donation_effort,PREP+PROPN,,ROOT_VERB:Show|PREP(in)+POBJ(shirt)|NER_LOC:Houston|NER_LOC:Strong|PREP(of)+POBJ(proceeds),True,False
Thank you @CNN for covering #StCroix &amp; the damage from #HurricaneMaria #VIStrong ἟B἞E,infrastructure_and_utility_damage,,,ROOT_VERB:Thank|PREP(from)+POBJ(HurricaneMaria),False,False
"Hurricane #Irma ripped roofs off houses, collapsed buildings and flooded hundreds of miles of Cubas coastline.",infrastructure_and_utility_damage,,,ROOT_VERB:ripped|PREP(off)+POBJ(houses)|PREP(of)+POBJ(miles)|PREP(of)+POBJ(coastline),False,False
RT @OANN: At least 59 dead in Calif. wildfires -  #OANN #CaliforniaWildfires,injured_or_dead_people,PREP+PROPN,,NER_LOC:Calif.,True,False
The militarys media wing tweeted that Army Chief Gen Qamar Javed Bajwa has issued directions for troops to conduct an immediate rescue operation in aid of the civil administration for victims of the earthquake in AJK.#earthquake,rescue_volunteering_or_donation_effort,PREP+PROPN,ACTION_VERB,ROOT_VERB:tweeted|PREP(for)+POBJ(troops)|PREP(in)+POBJ(aid)|PREP(of)+POBJ(administration)|PREP(for)+POBJ(victims),True,True
Another tornado warning,caution_and_advice,,,,False,False
RT @LastQuake: Its always surprising how damage can be localized. An indication of poor construction practices?,infrastructure_and_utility_damage,,,PREP(of)+POBJ(practices),False,False
i hope they get help,sympathy_and_support,,ACTION_VERB,ROOT_VERB:hope,False,True
Katarina bad Karma ⚡️ Fort McMurray-area wildfire grows as two fires combine,caution_and_advice,LOC_NOUN,,NER_LOC:Fort|NER_LOC:McMurray,True,False
A message from the Queen to the people of #Mexico following the resent earthquake.,sympathy_and_support,PREP+PROPN,,PREP(from)+POBJ(Queen)|PREP(to)+POBJ(people)|PREP(of)+POBJ(Mexico)|NER_LOC:Mexico|PREP(following)+POBJ(earthquake),True,False
"#Florida Governor Ron DeSantis declared a #stateofemergency Thursday for all of the states 67 counties. Call us at 877-411-3436 to find #petfriendly accommodations, or visit our Emergency Page for updates and shelter information. #HurricaneDorian",caution_and_advice,,DISTRESS_SIGNAL|ACTION_VERB,NER_LOC:Florida|ROOT_VERB:declared|PREP(for)+POBJ(all)|ROOT_VERB:Call|PREP(at)+POBJ(877),False,True
Be safe Alberta! ❤️ #HealAlberta #Oil #Love #Fires #Fire #Wildfire #Earth #Rain,sympathy_and_support,,,NER_LOC:Alberta,False,False
RT @BRAHMANBRO: They need our help guys #KeralaFloods #Paytm,sympathy_and_support,,ACTION_VERB,ROOT_VERB:need,False,True
RT @PurposeTourUD: Praying for Ecuador and all of the families affected by this Earthquake!,sympathy_and_support,,,PREP(for)+POBJ(Ecuador)|NER_LOC:Ecuador,False,False
Ecuador death toll jumps to 238; more than 1500 injured: Rescue workers search the rubble after a 7.8-magnitud,injured_or_dead_people,,VICTIM_STATE|ACTION_VERB,NER_LOC:Ecuador|PREP(to)+POBJ(238)|ROOT_VERB:search|PREP(after)+POBJ(magnitud),False,True
Watch @Jenna_Marbles &amp; @JulienSolomita play PUBG! All proceeds will be donated to Hurricane Harvey relief efforts.,rescue_volunteering_or_donation_effort,,,ROOT_VERB:play|ROOT_VERB:donated|PREP(to)+POBJ(efforts)|NER_LOC:Hurricane|NER_LOC:Harvey,False,False
#SanAntonio food banks accepting non-perishable items for donation to #hurricaneharvey survivors. Heres a current list of field offices.,rescue_volunteering_or_donation_effort,,,PREP(for)+POBJ(donation)|PREP(to)+POBJ(survivors)|PREP(of)+POBJ(offices),False,False
"Any families or elderly #evacuating South Florida from #hurricaneirma, I have an extra bedroom in Orlando with food and water you can use",displaced_people_and_evacuations,PREP+PROPN,,NER_LOC:South|NER_LOC:Florida|PREP(from)+POBJ(hurricaneirma)|PREP(in)+POBJ(Orlando)|NER_LOC:Orlando,True,False
"BREAKING: Georgias governor orders mandatory evacuation of states coast starting at midday Monday ahead of Hurricane #Dorian. Multiple sources say the order includes people in areas east of I-95 in Bryan, Camden, Chatham, Glynn, Liberty and McIntosh counties.",displaced_people_and_evacuations,PREP+PROPN|PROPN+LOC_NOUN|LOC_NOUN,,PREP(of)+POBJ(coast)|PREP(at)+POBJ(midday)|ROOT_VERB:say|PREP(in)+POBJ(areas)|PREP(in)+POBJ(Bryan),True,False
RT @janinekrippner: Two buildings hitting each other during the #Mexico #earthquake. I just keep shaking my head. #CDMX,infrastructure_and_utility_damage,,,PREP(during)+POBJ(earthquake)|ROOT_VERB:keep,False,False
Please donate if you can or share this link!! @HSCSLSU is raising money to assist Puerto Rican citizens,rescue_volunteering_or_donation_effort,,ACTION_VERB,ROOT_VERB:donate|ROOT_VERB:raising,False,True
70% of Haiti lives in poverty. They are facing Hurricane Matthew in their shanties. Clinton Foundation promised homes that never were built,other_relevant_information,PREP+PROPN,,PREP(of)+POBJ(Haiti)|NER_LOC:Haiti|ROOT_VERB:lives|PREP(in)+POBJ(poverty)|ROOT_VERB:facing,True,False
Ghanaian actress Juliet Ibrahim to donate N1million to Benue flood victims,rescue_volunteering_or_donation_effort,,ACTION_VERB,ROOT_VERB:donate|PREP(to)+POBJ(victims),False,True
".@TomBossert45 on Irma efforts in the Caribbean, U.S.: This is the best integrative, full-scale response effort in our nations history.",other_relevant_information,PREP+PROPN,,NER_LOC:Irma|PREP(in)+POBJ(Caribbean)|NER_LOC:Caribbean|NER_LOC:U.S.|PREP(in)+POBJ(history),True,False
Amazing photos: researchers putting rare parrots in a safe shelter ahead of Irma.,other_relevant_information,PREP+PROPN,,PREP(in)+POBJ(shelter)|NER_LOC:Irma,True,False
"Hurricane Dorian has made landfall on Elbow Cay in Abacos, Bahamas with 185 mph winds and a central pressure of 911 mb. Catastrophic damage from winds and storm surge is expected. Keep the Bahamas in your thoughts. #HurricaneDorian #HurricaneDorian2019",infrastructure_and_utility_damage,PREP+PROPN,,ROOT_VERB:made|PREP(on)+POBJ(Cay)|PREP(in)+POBJ(Abacos)|NER_LOC:Abacos|NER_LOC:Bahamas,True,False
"RT @CBCEdmonton: Fort McMurray still faces fire threat, officials say  #yymfire",caution_and_advice,,,NER_LOC:Fort|NER_LOC:McMurray|ROOT_VERB:say,False,False
"Water level situation in major rivers as of 0930 hrs, 01.06.2017 - Kalu, Gin gangas still on alert - but water level falling. #FloodSL",caution_and_advice,PREP+PROPN,,PREP(in)+POBJ(rivers)|PREP(on)+POBJ(level),True,False
Food for thought as I sit on Chocolate Ave! Mr Milton Hershey went bankrupt several times before landing his successful milk chocolate” recipe. His rough young childhood inspired an,not_humanitarian,,,PREP(for)+POBJ(thought)|PREP(on)+POBJ(Ave)|ROOT_VERB:went|ROOT_VERB:inspired,False,False
Kerala is currently witnessing one of its worst tragedy. Please help and donate to the Chief Ministers Disaster Relief Fund at  #KeralaFloods #KeralaFloodRelief #StandWithKerala,rescue_volunteering_or_donation_effort,,PLEA_PATTERN|ACTION_VERB,NER_LOC:Kerala|ROOT_VERB:witnessing|ROOT_VERB:help|PREP(to)+POBJ(Fund)|PREP(at)+POBJ(#),False,True
Haiti should be thanking the Clinton foundation right about now for that fantastic hospital &amp; tents they have to withstand this hurricane,other_relevant_information,,URGENCY_ADVERB,NER_LOC:Haiti|ROOT_VERB:thanking|PREP(for)+POBJ(hospital),False,True
Farmers return after delivering donations to flooded communities in Nebraska,rescue_volunteering_or_donation_effort,PREP+PROPN,,ROOT_VERB:return|PREP(to)+POBJ(communities)|PREP(in)+POBJ(Nebraska)|NER_LOC:Nebraska,True,False
"News Daily: Brexit talks in endgame and California fires death toll rises  : November 13, 2018 at 06:19AM via mikejulietbravo",injured_or_dead_people,PREP+PROPN,,PREP(in)+POBJ(toll)|NER_LOC:California|ROOT_VERB:rises,True,False
Good morning though #message #messageoftheday #motd #mod #goodmorning #workflow @ Shoppers Food,not_humanitarian,,,,False,False
Number of people confirmed dead after Hurricane Harvey =39 Number of them mentioned by @realDonaldTrump on his Texas Visit =0 Enough Said!,injured_or_dead_people,,,PREP(of)+POBJ(people)|PREP(after)+POBJ(Harvey)|PREP(of)+POBJ(them)|PREP(on)+POBJ(Visit)|NER_LOC:Texas,False,False
I liked a @YouTube video  MullaPeriyar Dam Explained | Tamil | Water level | Kerala Flood | Madan Gowri,other_relevant_information,,,ROOT_VERB:liked,False,False
Local firefighters return home after battling wildfires in California  #kprc2 #HouNews,rescue_volunteering_or_donation_effort,PREP+PROPN,,ROOT_VERB:return|PREP(in)+POBJ(California)|NER_LOC:California,True,False
Hurricane Maria Live Updates: Catastrophic Flooding in #PuertoRico  Via @NYTimesὌCCC #NewYork #NYC #Life,caution_and_advice,,,,False,False
RT @daddy_yankee: @people thanks for help sharing our needs! We need more relief support in #PuertoRico,sympathy_and_support,,ACTION_VERB,PREP(for)+POBJ(help)|ROOT_VERB:need|PREP(in)+POBJ(PuertoRico),False,True
"Donate kitchen Utensils to Christian College of Southern Africa Journalism Department #CycloneIdai, 29 March were headed for Chimanimani @loughtydube1 @misazimbabwe @VoluntaryMedia @bbmhlanga @MalvinTendai @tendaimadondo @UKinZimbabwe @KirstyCoventry @VOANews",rescue_volunteering_or_donation_effort,,ACTION_VERB,ROOT_VERB:headed|PREP(for)+POBJ(@UKinZimbabwe),False,True
Labatts provides water to Fort McMurray #CorporateCitizen  #CSR trend,rescue_volunteering_or_donation_effort,,,ROOT_VERB:provides|PREP(to)+POBJ(trend)|NER_LOC:Fort,False,False
See how quickly the water receded in #Charleston after #Irmas flooding rains.,other_relevant_information,,,ROOT_VERB:See|PREP(in)+POBJ(Charleston)|PREP(after)+POBJ(rains),False,False
@Atheist_Krishna We have cow munchers amidst us as well. Hope they are busy whipping up Kerala flood situation till these two put up at least another 100 #ENGvIND,other_relevant_information,PREP+PROPN,,ROOT_VERB:have|PREP(amidst)+POBJ(us)|ROOT_VERB:Hope|NER_LOC:Kerala,True,False
🏈FRIDAY AT HOME VS LD BELL!🏈 @ 7:30 Wear your USA gear to support those affected by Hurricanes Harvey and Irma!@KHSIndianNation 🇺🇸 BE THERE!,sympathy_and_support,PREP+PROPN,,ROOT_VERB:BE,True,False
At least 25 people are dead as wildfires blaze through northern and southern California. Officials say the entire town of Paradise was destroyed.,injured_or_dead_people,PREP+PROPN|PROPN+LOC_NOUN|LOC_NOUN,,PREP(through)+POBJ(California)|NER_LOC:California|ROOT_VERB:say|PREP(of)+POBJ(Paradise)|NER_LOC:Paradise,True,False
"We are trying to figure how to remove the roadblocks to their recovery.” This article provides a great look at the critical role that #RedCross caseworkers play after disasters like the California #wildfires. Thank you, casework volunteers!",rescue_volunteering_or_donation_effort,PREP+PROPN,,ROOT_VERB:trying|PREP(to)+POBJ(recovery)|ROOT_VERB:provides|PREP(at)+POBJ(role)|PREP(after)+POBJ(disasters),True,False
"As a matter of perspective: despite an army of nearly 10,000 firefighters deployed to fight the ongoing California wildfires, thats still less than one firefighter per destroyed building. These numbers are really hard to wrap ones head around. #CampFire #WoolseyFire #CAfire",rescue_volunteering_or_donation_effort,,,PREP(As)+POBJ(matter)|PREP(of)+POBJ(perspective)|PREP(despite)+POBJ(army)|PREP(of)+POBJ(firefighters)|NER_LOC:California,False,False
"The SRA is raising money for disaster relief efforts agead of Hurricane Dorian! Help us buy food, water, first aid, and sanitary supplies for underserved communities in the path of the storm.",rescue_volunteering_or_donation_effort,PREP+PROPN,ACTION_VERB,ROOT_VERB:raising|PREP(for)+POBJ(agead)|PREP(of)+POBJ(Dorian)|ROOT_VERB:Help|PREP(for)+POBJ(communities),True,True
RT @ams_syd: @SniprFire1 @MiaoReport and guess what? Clinton Fnd was asking for money this morning to help Haiti after yday hurricane. Unb,other_relevant_information,,ACTION_VERB,ROOT_VERB:@MiaoReport|ROOT_VERB:asking|PREP(for)+POBJ(money)|NER_LOC:Haiti|PREP(after)+POBJ(hurricane),False,True
"The @WaterlooMasjid is raising money for people affected by the Fort McMurray wildfire. At 810, @CBCKW891 hears why they decided to help.",rescue_volunteering_or_donation_effort,,ACTION_VERB,ROOT_VERB:raising|PREP(for)+POBJ(people)|NER_LOC:Fort|NER_LOC:McMurray|PREP(At)+POBJ(810),False,True
RT @kmcbrd2: Mexicos strongest earthquake in a century leaves dozens dead and thousands without power  via @yahoo,injured_or_dead_people,PREP+PROPN,,PREP(in)+POBJ(century)|ROOT_VERB:leaves|PREP(without)+POBJ(power)|PREP(via)+POBJ(@yahoo),True,False
"Folks, the seas are rising &amp; storms are more intense. Our coasts are threatened with more flooding unless we demand action for the planet.",other_relevant_information,,,ROOT_VERB:threatened|PREP(with)+POBJ(flooding)|PREP(for)+POBJ(planet),False,False
"RT @VickiBryanGC: Were taking a beating in Houston-Galveston with heavy rains, epic flooding, &amp; no break for 2-3 days. Take care folks. #H",other_relevant_information,PREP+PROPN,,PREP(in)+POBJ(Galveston)|NER_LOC:Houston|NER_LOC:-|NER_LOC:Galveston|PREP(with)+POBJ(rains),True,False
@realDonaldTrump Cheap gas for damaged environment. Some deal. Maybe when Dorian kisses Mar-A-Lago in the butt Trump might think differently but I doubt it.,not_humanitarian,PREP+PROPN,,ROOT_VERB:@realDonaldTrump|PREP(for)+POBJ(environment)|PREP(in)+POBJ(butt)|ROOT_VERB:think,True,False
Our thoughts are with #Mexico as they recover from the Sep19 earthquake &amp; those in #PuertoRico &amp; the #Caribbean impacted by #HurricaneMaria.,sympathy_and_support,PREP+PROPN,,NER_LOC:Mexico|PREP(from)+POBJ(earthquake),True,False
State Farm donating $1 up to $1 million for California wildfire victims to match Aaron Rodgers #retweetforgood,rescue_volunteering_or_donation_effort,,,ROOT_VERB:donating|PREP(for)+POBJ(victims)|NER_LOC:California,False,False
#donate everything you have! #prayforItaly #kindness,rescue_volunteering_or_donation_effort,,ACTION_VERB,ROOT_VERB:donate,False,True
"Churches and other faith-based groups lend a hand after historic Nebraska floods - OMAHA, Neb. (RNS) — Local churches and national faith-based disaster relief groups — along with state and federal officials — are stepp #NewsAndInformation",rescue_volunteering_or_donation_effort,,,PREP(after)+POBJ(floods)|NER_LOC:Nebraska|NER_LOC:Neb.,False,False
"As part of our FEMA contract, were deploying hundreds of ground crews and medical transportation assets to help communities in the path of Hurricane Dorian.",sympathy_and_support,PREP+PROPN,ACTION_VERB,PREP(As)+POBJ(part)|PREP(of)+POBJ(contract)|ROOT_VERB:deploying|PREP(of)+POBJ(crews)|PREP(in)+POBJ(path),True,True
"@KimKardashian Thank you to you and your family from myself, my family and friends, and #PuertoRico, we are thankful for your help #HurricaneMaria",rescue_volunteering_or_donation_effort,PREP+PROPN,ACTION_VERB,PREP(to)+POBJ(you)|PREP(from)+POBJ(myself),True,True
"@DHSgov Waive Jones Act- save lives!Puerto Rico after Maria: Too hot, too little food, no power - CNN",other_relevant_information,,ACTION_VERB,,False,True
RT @DiyaSalim: May Allah protect us ὤFἿBfrom him Azaab ὤFἿBand show mercy on those affected by the earthquake #earthquake,sympathy_and_support,,,ROOT_VERB:protect|PREP(ὤFἿBfrom)+POBJ(him)|PREP(on)+POBJ(those),False,False
"Marathi running relief camp, citizen of small Jhajjar distribution give 73 lacs. Very good! @ShashiTharoor @Jairam_Ramesh @kavita_krishnan @CMOKerala What did you guys ever contribute to other states during similar disasters ᾑ4 Want to know ὠEὠE",rescue_volunteering_or_donation_effort,,,PREP(of)+POBJ(distribution)|NER_LOC:Jhajjar|ROOT_VERB:give|ROOT_VERB:contribute|PREP(to)+POBJ(states),False,False
RT @kmontgomerie: Tsunami warning widened to East Coast of all NZ. Anyone living out at the east coast beaches should move to higher ground,caution_and_advice,PREP+PROPN|PROPN+LOC_NOUN|LOC_NOUN,ACTION_VERB,NER_LOC:Tsunami|PREP(to)+POBJ(Coast)|NER_LOC:East|NER_LOC:Coast|PREP(at)+POBJ(beaches),True,True
Hi @Bethenny! Thank you for tweeting about my island. Were US citizens &amp; we need all the help we can get! #HurricaneMaria #ThisIsACrisis,requests_or_urgent_needs,,ACTION_VERB,ROOT_VERB:Thank|PREP(about)+POBJ(island)|NER_LOC:US|ROOT_VERB:need,False,True
We commissioned a cargo plane to deliver supplies to Puerto Rico and are working to ensure safety of 400 employees,other_relevant_information,,,ROOT_VERB:commissioned|PREP(to)+POBJ(Rico)|NER_LOC:Puerto|NER_LOC:Rico|PREP(of)+POBJ(employees),False,False
"@DaveMustaine It was a terrible earthquake, were fine, unfortunately a lot of people Die, pray for Ecuador, we are expecting 4 u on July",sympathy_and_support,,,PREP(of)+POBJ(people)|PREP(for)+POBJ(Ecuador)|NER_LOC:Ecuador|ROOT_VERB:expecting|PREP(on)+POBJ(July),False,False
To get an idea of how dangerous Dorian is here is a comparison. The average tornado is 300 to 500 yards wide at ground level. Now think about a tornado that is 30 miles wide!,other_relevant_information,PREP+PROPN,URGENCY_ADVERB,ROOT_VERB:think|PREP(about)+POBJ(tornado),True,True
Hurricane Maria wrought significant damage at one of Beachwood-based @DDR_Corps Puerto Rico centers:  $DDR #REITs,infrastructure_and_utility_damage,PREP+PROPN,,ROOT_VERB:wrought|PREP(at)+POBJ(one)|NER_LOC:Beachwood|NER_LOC:Puerto|NER_LOC:Rico,True,False
"Thinking about this today as wildfires ravage California: the nothingness, the vast nothingness, and how it would feel to know that every trace and fiber of my childhood and adolescence had been razed to the ground beneath my feet.”",sympathy_and_support,,,ROOT_VERB:Thinking|PREP(about)+POBJ(this)|NER_LOC:California|PREP(of)+POBJ(childhood)|PREP(to)+POBJ(ground),False,False
RT @bloore_richard: Italy sees heavy SNOW as Greece and Sweden are so hot they’re ravaged by wildfires,other_relevant_information,,,NER_LOC:Italy|ROOT_VERB:sees|NER_LOC:Greece|NER_LOC:Sweden,False,False
Children always most vulnerable in disasters - UNICEF has pre-positioned supplies to help families cope with the aftermath of #HurricaneIrma,rescue_volunteering_or_donation_effort,PREP+PROPN,ACTION_VERB,PREP(with)+POBJ(aftermath)|PREP(of)+POBJ(HurricaneIrma),True,True
Please dont circulate an Audio clip that says Kerala doesnt need any material. @ArtofLiving Volunteers on ground there say it is needed very much. Rich or poor all need food and medicines. #KeralaFloodRelief,requests_or_urgent_needs,,NEED+RESOURCE|ACTION_VERB,ROOT_VERB:circulate|PREP(on)+POBJ(ground)|ROOT_VERB:say|ROOT_VERB:need,False,True
Were asking for 6-8 hour shifts from volunteers at NRG Center. Thankful for everyone who has shown up to welcome neighbors. #HelpforHouston,rescue_volunteering_or_donation_effort,PREP+PROPN,,ROOT_VERB:asking|PREP(for)+POBJ(shifts)|PREP(from)+POBJ(volunteers)|PREP(at)+POBJ(Center)|NER_LOC:NRG,True,False
"Residents of Lincoln, California, will be cooking and serving meals to families living in shelters after losing their entire town to the raging wildfires.",rescue_volunteering_or_donation_effort,PREP+PROPN|PROPN+LOC_NOUN|LOC_NOUN,,PREP(of)+POBJ(Lincoln)|NER_LOC:Lincoln|NER_LOC:California|ROOT_VERB:cooking|PREP(to)+POBJ(families),True,False
"Update from @ATXFlood, a band of local radicals who deliver mutual aid",rescue_volunteering_or_donation_effort,,,ROOT_VERB:Update|PREP(from)+POBJ(@ATXFlood)|PREP(of)+POBJ(radicals),False,False
200 Green Color Round ClamShell CD/DVD Case with Lock $59.00 #FreeShip  #Clamshell #Cases,not_humanitarian,,,,False,False
RT @falamb3: Number of deaths has now climbed to 38 and 700 injured. Let us all pray this number does now climb any further. #earthquake,injured_or_dead_people,,VICTIM_STATE|URGENCY_ADVERB,PREP(of)+POBJ(deaths)|ROOT_VERB:climbed|PREP(to)+POBJ(38)|ROOT_VERB:Let,False,True
Governor Cooper announces he is issuing mandatory state evacuation for NC barrier islands. Urges residents to obey local evacuation orders. #HurricaneFlorence,displaced_people_and_evacuations,,,ROOT_VERB:announces|PREP(for)+POBJ(islands)|NER_LOC:NC|ROOT_VERB:Urges,False,False
Our friends at the Cantor Fitzgerald Relief Fund are helping families devastated by the recent California wildfires. -,rescue_volunteering_or_donation_effort,PREP+PROPN,,PREP(at)+POBJ(Fund)|ROOT_VERB:helping|NER_LOC:California,True,False
Some reading material to calm the nerves before #HurricaneDorian.,not_humanitarian,,,PREP(before)+POBJ(HurricaneDorian),False,False
"It is Day 11 of massive wildfires in California. ◾️ The death toll in the #CampFire has risen to 79 people. Its 70% contained ◾️ The #WoolseyFire has destroyed about 1,500 homes in the Los Angeles area. Its 96% contained ◾️ The two fires have burned 248,000 acres of land",infrastructure_and_utility_damage,PREP+PROPN|PROPN+LOC_NOUN|LOC_NOUN,,PREP(in)+POBJ(California)|NER_LOC:California|PREP(in)+POBJ(CampFire)|ROOT_VERB:risen|PREP(to)+POBJ(people),True,False
Hurricane Harvey’s Devastation Highlights the Critical Need for Disaster Preparation and Safe Damage Assessment,other_relevant_information,,ACTION_VERB,PREP(for)+POBJ(Preparation),False,True
"RT @GlobalGiving: Survivors of the 6.2M #ItalyEarthquake need emergency supplies like food, water, and medicine — donate today",requests_or_urgent_needs,,DISTRESS_SIGNAL|ACTION_VERB,PREP(of)+POBJ(ItalyEarthquake)|PREP(like)+POBJ(food)|ROOT_VERB:donate,False,True
"Must Watch: 😧The difference between a Category 1, 2, 3, 4 and 5 Hurricane n regrds 2 home damage. #hurricaneirma2017",infrastructure_and_utility_damage,,,ROOT_VERB:Watch|PREP(between)+POBJ(Category),False,False
"Thank you, my dear friend @MissNyetTrump for sharing this info. Below is one way we can all chip in to make the holidays a bit more special for the children affected by the Camp Fire. Just imagine if we each donated one toy. #CaliforniaFires #SeasonofGiving #ActsofKindness",rescue_volunteering_or_donation_effort,PREP+PROPN,,ROOT_VERB:Thank|NER_LOC:the|NER_LOC:Camp|NER_LOC:Fire|ROOT_VERB:imagine,True,False
#NewsroomLive: @Sahas113 foundation is collecting donations &amp; stationery products for children whose schools are destroyed due to #KeralaFloods. @himanshi3101 brings us this report @avniraja #IndiaForKerala,rescue_volunteering_or_donation_effort,,,ROOT_VERB:collecting|PREP(for)+POBJ(children)|ROOT_VERB:brings,False,False
"Met Hon’ble @PMOIndia Shri Narendra Modiji @narendramodi on Sat, 25th August &amp; briefed him on the hardships suffered by people of Kerala due to the gravity of the recent #Keralafloods . Also briefed on the pace of relief &amp;rescue ops carried out in #Kerala @CMOKerala",rescue_volunteering_or_donation_effort,,ACTION_VERB,ROOT_VERB:briefed|PREP(on)+POBJ(hardships)|PREP(of)+POBJ(Kerala)|NER_LOC:Kerala|PREP(due)+POBJ(gravity),False,True
5 PM: Hurricane #Dorian is expected to move west to west-northwest in the next 48 hours. Hurricane Warnings and Storm Surge Warnings are now in effect for much of Florida’s east coast. This storm’s core may bring dangerous winds and water onshore — follow all local advisories.,caution_and_advice,PREP+PROPN|PROPN+LOC_NOUN|LOC_NOUN,URGENCY_ADVERB|ACTION_VERB,ROOT_VERB:expected|PREP(to)+POBJ(northwest)|PREP(in)+POBJ(hours)|PREP(for)+POBJ(much)|NER_LOC:Florida,True,True
Probably a 60/40 chance Trump will defend himself against the details about his anatomy in the new @StormyDaniels book before commenting on the 30+ deaths from Hurricane Florence.,not_humanitarian,PREP+PROPN,,PREP(against)+POBJ(details)|PREP(about)+POBJ(anatomy)|PREP(in)+POBJ(book)|PREP(on)+POBJ(deaths)|PREP(from)+POBJ(Florence),True,False
Please help us in our efforts to raise much needed funds for our beautiful Dominica following Hurricane Maria @TheEllenShow,requests_or_urgent_needs,PREP+PROPN,PLEA_PATTERN|ACTION_VERB,ROOT_VERB:help|PREP(in)+POBJ(efforts)|PREP(for)+POBJ(Dominica)|NER_LOC:Dominica|PREP(following)+POBJ(Maria),True,True
How do you even call that TD live? Is this game all about lifting the spirits of those who were displaced during Irma? Cheating for UF.,displaced_people_and_evacuations,,ACTION_VERB,ROOT_VERB:call|PREP(of)+POBJ(those)|PREP(during)+POBJ(Irma)|ROOT_VERB:Cheating|PREP(for)+POBJ(UF),False,True
RT @Alberta411: Growing wildfire forces evacuation of Fort McMurray oilsands camps A mandatory evacuation order was issued for N .,displaced_people_and_evacuations,,,PREP(of)+POBJ(camps)|NER_LOC:Fort|NER_LOC:McMurray|ROOT_VERB:issued,False,False
"!LANDED! A UNHCR airlift has just delivered a fresh consignment of aid to Beira airport. It will provide shelters, solar lamps, plastic sheeting, buckets and other basic relief items to thousands of survivors of #CycloneIdai",requests_or_urgent_needs,,,ROOT_VERB:delivered|PREP(of)+POBJ(aid)|PREP(to)+POBJ(airport)|NER_LOC:Beira|ROOT_VERB:provide,False,False
"Thank you NY Times Opinion Columnist David Brooks for this great look at rural life in Nebraska, including bonus mention of MNB Bank in McCook, headed by Mark Graff:",not_humanitarian,PREP+PROPN,,ROOT_VERB:Thank|PREP(for)+POBJ(look)|PREP(at)+POBJ(life)|PREP(in)+POBJ(Nebraska)|NER_LOC:Nebraska,True,False
Support survivors of #HurricaneHarvey - bringing goods to be donated to the Central Texas Food Bank on 9/6/17 -,rescue_volunteering_or_donation_effort,,,PREP(of)+POBJ(goods)|PREP(to)+POBJ(Bank)|PREP(on)+POBJ(9/6/17),False,False
Wildfire official Chad Morrison says between 18 and 20 structures in Anzac were destroyed when fire hit late Thurs. night. #ymmfire,infrastructure_and_utility_damage,PREP+PROPN,,ROOT_VERB:says|PREP(between)+POBJ(structures)|PREP(in)+POBJ(Anzac)|NER_LOC:Anzac,True,False
"PM Imran Khan says, I extend my condolences to the families of the victims #earthquake #EarthquakeinPakistan #SocialMediaStrategy #SocialMediaReforms #NewWayToTechnology #SpreadingMediaPositivity #SpreadPositiveStories #NewSocialMediaTechnology #FreedomOfSpeech",sympathy_and_support,,,ROOT_VERB:says|PREP(to)+POBJ(families)|PREP(of)+POBJ(victims),False,False
11 The actual FACTS about 700 Cr AID to #KeralaFloods Lulu Group Chairman MA Yusuff Ali informed the cm of kerala that Abu Dhabi crown prince offered 700 criores to kerala,rescue_volunteering_or_donation_effort,,,PREP(to)+POBJ(Ali)|ROOT_VERB:informed|PREP(of)+POBJ(kerala)|NER_LOC:kerala|NER_LOC:Abu,False,False
"Central Florida firefighter/paramedics deploying to aid #HurricaneFlorence. 5 ambulance strike teams (3 from #OCFRD, 2 from @scfdpio) mustering now at station #30 to stage in Raleigh NC @FLSERT @FlFireChiefs #BREAKING",rescue_volunteering_or_donation_effort,PREP+PROPN|LOC_NOUN,URGENCY_ADVERB,NER_LOC:Central|NER_LOC:Florida|ROOT_VERB:deploying|ROOT_VERB:mustering|PREP(at)+POBJ(station),True,True
Wow .. this is really amazing  so happy to see people being really sensitive towards the Kerala Floods ..!! #ONGCKeralaRelief,sympathy_and_support,PREP+PROPN,,,True,False
#KeralaFloods #KeralaFloodRelief #PMModiWithKeralam #PMOIndia @narendramodi pray for them,sympathy_and_support,,,ROOT_VERB:pray,False,False
"Please send gasoline, beer, ice, chainsaws, and electrical subcontractors. #NaplesFL #HurricaneIrma",other_relevant_information,,PLEA_PATTERN|ACTION_VERB,ROOT_VERB:send,False,True
RT @NBC29: Latest NHC track of Hurricane Maria. Tropical Storm Warning for Coastal NC.,caution_and_advice,,,PREP(of)+POBJ(Maria),False,False
Rescuers seek 1 man still missing   H  #EllicottCity #Floods #HowardCountyMDNews #LatestNews #LocalNews,rescue_volunteering_or_donation_effort,,VICTIM_STATE,ROOT_VERB:seek|PREP(#)+POBJ(Floods),False,True
We have spoken with officials at the Leland WalMart and they will not be open today. We continue to encourage people to stay off the roads as emergency responders continue their work in the region. #HurricaneFlorence @WWAY @1027GNI @wectnews @PortCityDaily @StarNewsOnline,caution_and_advice,PREP+PROPN,DISTRESS_SIGNAL,ROOT_VERB:spoken|PREP(with)+POBJ(officials)|PREP(at)+POBJ(WalMart)|ROOT_VERB:continue|PREP(off)+POBJ(roads),True,True
@secretbutterfly @realDonaldTrump California and the Federal Government is the cause of the massive fires over the last 20 years. This is man-made.,not_humanitarian,,,PREP(of)+POBJ(fires)|PREP(over)+POBJ(years),False,False
Anheuser-Busch halts beer production and sends water to Hurricane Harvey victims  via @todayshow,rescue_volunteering_or_donation_effort,,,ROOT_VERB:halts|PREP(via)+POBJ(@todayshow),False,False
RELEASE: #Boeing donates $1 million to assist Hurricane Harvey recovery and relief efforts:,rescue_volunteering_or_donation_effort,,ACTION_VERB,ROOT_VERB:donates|NER_LOC:Hurricane|NER_LOC:Harvey,False,True
"When exactly does the California fires receive 24 hour coverage? 42 people have died, many homes and businesses destroyed, over 100,000 acres scorched in Hell Fire, a sexual Predator in our White House who’s enjoying seeing it all burn. Like, what does it take?",injured_or_dead_people,PREP+PROPN,,NER_LOC:California|ROOT_VERB:receive|ROOT_VERB:destroyed|PREP(in)+POBJ(Fire)|NER_LOC:Hell,True,False
".@US7thFleet P-3C Orion providing vital surveillance of damage to #Kaikoura roads, bridges, and tunnels for #eqnz relief effort",infrastructure_and_utility_damage,,,PREP(of)+POBJ(damage)|PREP(to)+POBJ(roads)|PREP(for)+POBJ(#),False,False
"Recovering from #HurricaneMaria, a few tips and links to resources to help make the task less burdensome:  #hurricane",sympathy_and_support,,ACTION_VERB,ROOT_VERB:Recovering|PREP(from)+POBJ(HurricaneMaria)|PREP(to)+POBJ(resources),False,True
Very nice!! Stories of regular Americans👍,other_relevant_information,,,PREP(of)+POBJ(Americans),False,False
AT 11: Residents in Hanover are fearing for their homes as Hurricane Florence inches closer to the East Coast. Heavy flooding from the start of summer washed out roads. Hear how folks are preparing themselves for another round of heavy rain on @8NEWS,other_relevant_information,PREP+PROPN|PROPN+LOC_NOUN|LOC_NOUN,,PREP(AT)+POBJ(11)|PREP(in)+POBJ(Hanover)|NER_LOC:Hanover|ROOT_VERB:fearing|PREP(for)+POBJ(homes),True,False
"If you want more information regarding meat and the environment, please watch this documentary.",not_humanitarian,,,PREP(regarding)+POBJ(meat)|ROOT_VERB:watch,False,False
"#Cuba is sending a field hospital, with full staff and equipment, to #Mozambique to contribute to the management of public #health conditions after the devastating impact caused by #CycloneIdai.",rescue_volunteering_or_donation_effort,,,NER_LOC:Cuba|ROOT_VERB:sending|PREP(with)+POBJ(staff)|PREP(to)+POBJ(Mozambique)|PREP(to)+POBJ(management),False,False
"PLEASE, please, please Mexico needs help to raise awareness of the earthquake. We need LOTS of help @hankgreen @johngreen @wheezywaiter ὤFἿC἟2἟D",rescue_volunteering_or_donation_effort,,ACTION_VERB,NER_LOC:Mexico|ROOT_VERB:needs|PREP(of)+POBJ(earthquake)|ROOT_VERB:need|PREP(of)+POBJ(help),False,True
RT @Mahesh__Army: @urstrulyMahesh Love You Annayya ὉFὉF #KeralaFloods #KeralaFloodRelief Donate Here ὄ7  /,rescue_volunteering_or_donation_effort,,ACTION_VERB,ROOT_VERB:ὉFὉF,False,True
Im more worried about not having power(a/c for the dogs) than I am about the flooding and wind damage from hurricane Dorian.,infrastructure_and_utility_damage,PREP+PROPN,,ROOT_VERB:m|PREP(for)+POBJ(dogs)|PREP(from)+POBJ(Dorian),True,False
"Nebraska and Iowa are experiencing historic flooding, which is terrible for the residents who live there, but something that might concern Everyone in the US is the fact that those states keep us fed. Flooding in the midwest is going to cause a massive food shortage.",other_relevant_information,PREP+PROPN,,NER_LOC:Nebraska|NER_LOC:Iowa|ROOT_VERB:experiencing|NER_LOC:US|PREP(in)+POBJ(midwest),True,False
"Please, send dog and cat food to our animal shelters and sanctuaries #RoyalCanin #Hills #ScienceDiet #Purina #dogfoodhelp #HurricaneMaria",requests_or_urgent_needs,,ACTION_VERB,ROOT_VERB:send|PREP(to)+POBJ(shelters),False,True
Rescue efforts underway in areas affected by Ecuador earthquake►,rescue_volunteering_or_donation_effort,PREP+PROPN,ACTION_VERB,NER_LOC:Ecuador,True,True
Puerto Rico loses electricity after Hurricane Maria flash flooding – as it happened #HurricaneMaria,infrastructure_and_utility_damage,,,NER_LOC:Puerto|NER_LOC:Rico|ROOT_VERB:loses|PREP(after)+POBJ(flooding),False,False
"PSTA officials are closely monitoring and prepared for Hurricane Dorian. We are currently running our regular service. We will post updates as the storm develops. Information about shelters, routes, and hurricane procedures can be found on our website",other_relevant_information,,,ROOT_VERB:monitoring|PREP(for)+POBJ(Dorian)|ROOT_VERB:running|ROOT_VERB:post|PREP(about)+POBJ(shelters),False,False
"Natural disasters come in many forms and could require a temporary or permanent evacuation from your home. Here are three IMPORTANT steps you can follow to help keep your pet safe should a hurricane, tropical storm or other natural disaster strikes. #MDSPCA #HurricaneFlorence",caution_and_advice,PREP+PROPN,ACTION_VERB,ROOT_VERB:come|PREP(in)+POBJ(forms)|PREP(from)+POBJ(home),True,True
One truck is almost full of donations! Help us fill the rest. Just stop by NBC4 -we are here through 6:30. #4sarmy #Florence #local4you @ NBC4,rescue_volunteering_or_donation_effort,,ACTION_VERB,ROOT_VERB:Help|PREP(by)+POBJ(NBC4),False,True
We trust @Teamsters not efforts to defame #unions #atthetable17 #PuertoRico @WomenLegisLobby @erictheteamster,not_humanitarian,,,ROOT_VERB:trust,False,False
Mangla Dam powerhouse turbines being restarted after earthquake. #pakistan,other_relevant_information,,,NER_LOC:Mangla|NER_LOC:Dam|ROOT_VERB:restarted|PREP(after)+POBJ(earthquake),False,False
Kerala Floods: UPDATE We are now feeding 8000 people who have been affected by the floods in #Kerala. We are also setting up a kitchen in another camp. Thank you for your support To Donate:  #KeralaFloods,rescue_volunteering_or_donation_effort,PREP+PROPN,URGENCY_ADVERB|ACTION_VERB,PREP(in)+POBJ(Kerala)|ROOT_VERB:setting|PREP(in)+POBJ(camp)|ROOT_VERB:Thank,True,True
RT @jhaue: Thousands of landslides and hundreds of tremors after New Zealand quake,caution_and_advice,,,PREP(of)+POBJ(landslides)|PREP(of)+POBJ(tremors)|PREP(after)+POBJ(quake)|NER_LOC:New|NER_LOC:Zealand,False,False
RT @official__sp: Islandwide water level 03 june 2017 09.30am #slfloods #FloodSL #floods #SriLanka,caution_and_advice,,,,False,False
RT @Kavinthans: Two Grama Seva officers arrested for allegedly stealing relief goods received to distribute among affected people in Mata,other_relevant_information,PREP+PROPN,,ROOT_VERB:@Kavinthans|NER_LOC:Grama|NER_LOC:Seva|PREP(among)+POBJ(people)|PREP(in)+POBJ(Mata),True,False
Death toll from Hurricane Harvey rises to 18  via abc7,injured_or_dead_people,PREP+PROPN,,PREP(from)+POBJ(Harvey)|ROOT_VERB:rises|PREP(to)+POBJ(18)|PREP(via)+POBJ(abc7),True,False
"The flames would catch a convoy of cars and everybody would get out and make a run for it to the sea. Sometimes theyd made it, sometimes they wouldnt. ὓ4More on the Greece wildfires live here:",other_relevant_information,,,ROOT_VERB:catch|PREP(of)+POBJ(cars)|PREP(for)+POBJ(it)|PREP(to)+POBJ(sea)|NER_LOC:Greece,False,False
"Carolina coast should monitor #Marias progress, as Tropical Storm or Hurricane Watches may be needed for part of this area on Sun #FCNStorm",caution_and_advice,LOC_NOUN|PROPN+LOC_NOUN,,NER_LOC:Carolina|ROOT_VERB:monitor|PREP(for)+POBJ(part)|PREP(of)+POBJ(area)|PREP(on)+POBJ(FCNStorm),True,False
"Flash Flood Warning continues for Lake Carmel NY, Putnam Lake NY, Brewster NY until 10:00 PM EDT",caution_and_advice,,,ROOT_VERB:continues|PREP(for)+POBJ(NY)|PREP(until)+POBJ(EDT),False,False
China expresses grief over loss of lives in Pakistan earthquake #Pakistan #Karachi #Lahore #Islamabad #Daily,sympathy_and_support,PREP+PROPN,,NER_LOC:China|ROOT_VERB:expresses|PREP(over)+POBJ(loss)|PREP(of)+POBJ(lives)|PREP(in)+POBJ(earthquake),True,False
Hurricane Matthew has slammed into the island nation of Haiti today. Please help us save lives.,rescue_volunteering_or_donation_effort,,PLEA_PATTERN|ACTION_VERB,ROOT_VERB:slammed|PREP(into)+POBJ(nation)|PREP(of)+POBJ(Haiti)|NER_LOC:Haiti|ROOT_VERB:help,False,True
@PrisonPlanet Those of us who live in Florida are praying that Irma turns right and misses us. The LEFT has done enough damage already!!!,sympathy_and_support,PREP+PROPN,,PREP(in)+POBJ(Florida)|NER_LOC:Florida|ROOT_VERB:praying|ROOT_VERB:done,True,False
Death toll from #HurricaneFlorence rose to 17 Sunday after a 3-month-old baby died when a tree crashed into a mobile home. #Fox35 #GDO,injured_or_dead_people,,,PREP(from)+POBJ(HurricaneFlorence)|ROOT_VERB:rose|PREP(to)+POBJ(Sunday)|PREP(into)+POBJ(home),False,False
"Starting today through Nov. 27, buy one bra and ThirdLove will give one bra to a victim of the California wildfires.",rescue_volunteering_or_donation_effort,,,PREP(through)+POBJ(Nov.)|ROOT_VERB:buy|PREP(to)+POBJ(victim)|PREP(of)+POBJ(wildfires)|NER_LOC:California,False,False
"Our Houston locations remain closed today, August 29, due to the ongoing flooding caused by Hurricane Harvey.",other_relevant_information,,,NER_LOC:Houston|ROOT_VERB:remain|PREP(due)+POBJ(flooding),False,False
@tony_sanky BREAKING!! PLEASE LISTEN ὄ9Puerto Ricos cop telling the truth about Hurricane Marias AID  via @YouTube #PuertoRico,other_relevant_information,,,ROOT_VERB:LISTEN|PREP(about)+POBJ(AID)|PREP(via)+POBJ(PuertoRico),False,False
I know one thing for sure During evacuation for #HurricaneFlorence Im taking my @CafeBustelo,displaced_people_and_evacuations,,,ROOT_VERB:know|PREP(During)+POBJ(evacuation)|PREP(for)+POBJ(HurricaneFlorence)|ROOT_VERB:taking,False,False
RT @DreamBigDigi: Birthday Donation Fundraiser No amount is to small to help a Rehab in Puerto Rico Rebuild #HurricaneMaria,rescue_volunteering_or_donation_effort,PREP+PROPN,ACTION_VERB,NER_LOC:Puerto|NER_LOC:Rico|NER_LOC:Rebuild,True,True
Sad news from Greece. My thought are with all living things &amp; my condolences to the families of the victims #Greecefires #AthensFires #Athens #greecefire,sympathy_and_support,PREP+PROPN,,PREP(from)+POBJ(Greece)|NER_LOC:Greece|PREP(to)+POBJ(families)|PREP(of)+POBJ(victims),True,False
Praveen Buddiga MD - Fox News Interview regarding the recent California fires and Air Quality - Family Allergy Asthma Clinic #asthma #allergy #foxnews #Californiafires #Calfire #AirQuality #AmericanLungAssociation #drfamilyallergy,other_relevant_information,,,NER_LOC:California,False,False
RT @ResistMoveTRM: Hurricane Dorian threat to Carolinas grows as likelihood of direct hit on Florida decreases  http,other_relevant_information,,,PREP(to)+POBJ(Carolinas)|NER_LOC:Carolinas|ROOT_VERB:grows|PREP(as)+POBJ(likelihood)|PREP(of)+POBJ(hit),False,False
"The 50 Shiromani Gurdwara Parbandhak Committee volunteers from Punjab including 4 doctors have been in the severely flood hit North Paravur since Aug 20 with relief aid and providing medical treatment. They will be here for another week. Big thank you, SGPC! #KeralaFloodRelief",rescue_volunteering_or_donation_effort,PREP+PROPN,,PREP(from)+POBJ(Punjab)|PREP(including)+POBJ(doctors)|NER_LOC:North|NER_LOC:Paravur|ROOT_VERB:thank,True,False
@ekcj1234 @marcorubio @ricardorossello @WhiteHouse @POTUS I have friends and family on first flight here that’s next Saturday. They have no clean drinking water. ὤFἿB,requests_or_urgent_needs,,,ROOT_VERB:have|PREP(on)+POBJ(flight)|ROOT_VERB:have,False,False
.@FLHSMV FHP State Troopers will provide escorts to fuel trucks to ensure they reach critical areas more quickly. We are working closely with the fuel industry to ensure there is an adequate supply of fuel statewide as Hurricane #Dorian approaches.,rescue_volunteering_or_donation_effort,,,ROOT_VERB:provide|ROOT_VERB:working|PREP(with)+POBJ(industry)|PREP(of)+POBJ(fuel)|PREP(as)+POBJ(approaches),False,False
Pascal cried get out!: A Quebec familys last moments before the Ecuador earthquake: Two Quebecers killed in Saturdays earthquake,injured_or_dead_people,PREP+PROPN,,ROOT_VERB:cried|NER_LOC:Quebec|PREP(before)+POBJ(earthquake)|NER_LOC:Ecuador|PREP(in)+POBJ(earthquake),True,False
RT @NeosKosmos: South Australias ethnic associations have joined forces to help Greece’s fire victims:,rescue_volunteering_or_donation_effort,,ACTION_VERB,ROOT_VERB:joined|NER_LOC:Greece,False,True
POTUS RT SecShulkin: An update on the DeptVetAffairs ongoing response to the damage and flooding caused by #Harve,infrastructure_and_utility_damage,,,PREP(on)+POBJ(response)|PREP(to)+POBJ(damage),False,False
I liked a @YouTube video  HURRICANE IRMA DESTROYED OUR NEIGHBORHOOD!!!! THE AFTERMATH OF A DEADLY HURRICANE,infrastructure_and_utility_damage,,,ROOT_VERB:liked|PREP(OF)+POBJ(HURRICANE),False,False
News post: Death toll rises in wake of Irma’s devastation,injured_or_dead_people,PREP+PROPN,,PREP(in)+POBJ(wake)|PREP(of)+POBJ(devastation),True,False
Where is the BEST place to donate money to #PuertoRicoRelief? Somewhere it 100% goes to #PR #HurricaneMaria #PuertoRico,rescue_volunteering_or_donation_effort,,ACTION_VERB,PREP(to)+POBJ(PuertoRicoRelief)|ROOT_VERB:goes|PREP(to)+POBJ(PR),False,True
How to help Puerto Rico and the Caribbean #HurricaneMaria,rescue_volunteering_or_donation_effort,,ACTION_VERB,ROOT_VERB:help|NER_LOC:Puerto|NER_LOC:Rico,False,True
"#HurricaneMaria KILLED a few #PuertoRicans. .@realDonaldTrump MURDERS many, because they R poor &amp; not white enough for racist #RacketeerMan",injured_or_dead_people,,,ROOT_VERB:KILLED,False,False
"A young woman poses in front of a tornado in Nebraska, 1989",not_humanitarian,PREP+PROPN,,ROOT_VERB:poses|PREP(in)+POBJ(front)|PREP(of)+POBJ(tornado)|PREP(in)+POBJ(Nebraska)|NER_LOC:Nebraska,True,False
"Hurricane Irma leaves Barbuda barely habitable” with 95 percent of properties damaged, prime minister says",infrastructure_and_utility_damage,,,PREP(with)+POBJ(percent)|PREP(of)+POBJ(properties)|ROOT_VERB:says,False,False
"Hurricane Season is live and Active. While #Dorian is just getting started good as a dangerous Hurricane, there are now 3 other areas of concern to monitor. I guess the race to see who becomes Fernand begins. (Click Picture to see the biggest area of to the East)",other_relevant_information,LOC_NOUN|PROPN+LOC_NOUN,URGENCY_ADVERB,PREP(as)+POBJ(Hurricane)|ROOT_VERB:are|PREP(of)+POBJ(concern)|ROOT_VERB:guess|ROOT_VERB:Click,True,True
"Northern California wildfire deaths rise to 71 ahead of Trumps visit; more than 1,000 unaccounted for",injured_or_dead_people,,,NER_LOC:Northern|NER_LOC:California|ROOT_VERB:rise|PREP(to)+POBJ(71),False,False
"RT @LanaShadwick2: Harvey is pummelling Houston, floods and tornadoes. 5 dead.",injured_or_dead_people,,,ROOT_VERB:pummelling|NER_LOC:Houston,False,False
RT @211Ontario: How can Ontario residents help the victims of the Fort McMurray Wildfire?,rescue_volunteering_or_donation_effort,,ACTION_VERB,ROOT_VERB:help|PREP(of)+POBJ(Wildfire)|NER_LOC:the|NER_LOC:Fort|NER_LOC:McMurray,False,True
"Wow. So the 700 Cr offer is not official. Weve been played. Lets see in a day or two, should get clarity. Now Uttarakhand is getting devastated by heavy rain fall. Hope everyone will show the same love and support as they have shown to Kerala. #JaiHind #Floods",sympathy_and_support,PREP+PROPN,URGENCY_ADVERB,ROOT_VERB:played|PREP(in)+POBJ(day)|ROOT_VERB:get|ROOT_VERB:devastated|NER_LOC:Kerala,True,True
23 hours left to purchase/donate this one of a kind pieces of art! all going to helping aid the California wildfire victims!,rescue_volunteering_or_donation_effort,,ACTION_VERB,ROOT_VERB:donate|PREP(of)+POBJ(art)|ROOT_VERB:going|NER_LOC:California,False,True
Ayudame a ayudar Ecuador Non-Official earthquake help and help us meet our goal. @generosity,rescue_volunteering_or_donation_effort,,ACTION_VERB,ROOT_VERB:Ayudame,False,True
"EMERGENCY SERVICES: We want all of our clients, family, and neighbors to be prepared. In South Carolinians, here’s the best source for road conditions, hotel availability, school closures, power outages, evacuation routes, and shelters. #HurricaneDorian",caution_and_advice,PREP+PROPN|LOC_NOUN,DISTRESS_SIGNAL,ROOT_VERB:want|PREP(for)+POBJ(conditions),True,True
Send Aid to Wildfire-Ravaged Greece,rescue_volunteering_or_donation_effort,,ACTION_VERB,ROOT_VERB:Send|PREP(to)+POBJ(Greece),False,True
RT @dennisjsmith34: Our thoughts and prayers are going out to everyone in Mexico City and surrounding areas hit by the earthquake.,sympathy_and_support,PREP+PROPN|PROPN+LOC_NOUN|LOC_NOUN,,PREP(to)+POBJ(everyone)|NER_LOC:Mexico|NER_LOC:City,True,False
Residents near crane that collapsed during Hurricane Irma are being evacuated - Miami Herald,displaced_people_and_evacuations,PREP+PROPN,,PREP(near)+POBJ(crane)|PREP(during)+POBJ(Irma)|ROOT_VERB:evacuated,True,False
Holy Name parish in the near north side of htown is now a shelter too! #tour_archgh @archgh #harvey,rescue_volunteering_or_donation_effort,PREP+PROPN,URGENCY_ADVERB,PREP(in)+POBJ(side)|PREP(of)+POBJ(htown),True,True
@iitaly #ItalyEarthquake Were raising funds for the small towns hit the most Please donate,rescue_volunteering_or_donation_effort,,ACTION_VERB,ROOT_VERB:raising|PREP(for)+POBJ(towns),False,True
"Knocking out damaged walls in my neighborhood, what a work out!!! But a helpful and rewarding one at that @TexansCheer @HTC_Speaker #Harvey",infrastructure_and_utility_damage,PREP+PROPN,,ROOT_VERB:Knocking|PREP(in)+POBJ(neighborhood)|ROOT_VERB:@HTC_Speaker,True,False
"Fires across California are wreaking havoc and devastating communities. The #CampFire north of Sacramento has grown to more than 100 square miles. In Southern California, 150,000 people have been ordered to evacuate. @WmBrangham reports.",displaced_people_and_evacuations,PREP+PROPN,ACTION_VERB,PREP(across)+POBJ(California)|NER_LOC:California|ROOT_VERB:wreaking|NER_LOC:Sacramento|ROOT_VERB:grown,True,True
@lluvializ33 @drwho1957 @JodiCocagne @csd @ricardorossello @realDonaldTrump @POTUS He didnt care so much that he sent supplies ahead of time before the hurricane hit.,other_relevant_information,,,ROOT_VERB:care|PREP(before)+POBJ(hit),False,False
RT @CashtonUpdater: sending love to everyone affected by the earthquake in new zealand &lt;3,sympathy_and_support,PREP+PROPN,,PREP(in)+POBJ(zealand)|NER_LOC:new|NER_LOC:zealand,True,False
Emergency Shelter is ready for evacuees!,displaced_people_and_evacuations,,DISTRESS_SIGNAL,,False,True
Puerto Rico needs the military @realDonaldTrump to provide with military food to give proper nutrition to the people in much need every day.,requests_or_urgent_needs,PREP+PROPN,ACTION_VERB,NER_LOC:Puerto|NER_LOC:Rico|ROOT_VERB:needs|PREP(with)+POBJ(food)|PREP(in)+POBJ(need),True,True
Our thoughts and prayers are with those impacted by Hurricane Maria and we are grateful to all who are helping in Puerto Rico.,sympathy_and_support,PREP+PROPN,,PREP(in)+POBJ(Rico)|NER_LOC:Puerto|NER_LOC:Rico,True,False
Thank goodness the feared tsunami did not appear!,not_humanitarian,,,ROOT_VERB:Thank,False,False
"RT @Timothy_F_Ryan: Keeping Puerto Rico &amp; all the people there in my thoughts. Hoping everyone stays safe from Hurricane #Maria, including",sympathy_and_support,PREP+PROPN,,PREP(in)+POBJ(thoughts)|ROOT_VERB:Hoping|PREP(from)+POBJ(Maria),True,False
"Ive seen reports about people not evacuating #HurricanceFlorence. 1. Thats your right to do so, to stay on your property. If you wanna do that then so be it. 2. When you realize that was a stupid decision, dont expect help to come. 3. If you survive I wanna hear about it.",displaced_people_and_evacuations,,ACTION_VERB,ROOT_VERB:seen|PREP(about)+POBJ(people)|ROOT_VERB:s|PREP(on)+POBJ(property)|ROOT_VERB:expect,False,True
Well mapping in flood affected areas where @cmlre_kochi was also involved. @CentreCoastal @rajeevan61 @MoesNiot @ESSO_NCESS #KeralaFloods #FloodMapping,other_relevant_information,PREP+PROPN,,PREP(in)+POBJ(areas),True,False
#MondayMotivation These children from Sakubva in Mutare who always come to look at the MI-8 after it has finished its #CycloneIdai relief rounds for the day. Looks like we are going to have many @WFP_UNHAS pilots from #Zimbabwe!,other_relevant_information,PREP+PROPN,,PREP(from)+POBJ(Sakubva)|NER_LOC:Mutare|PREP(at)+POBJ(MI-8)|PREP(for)+POBJ(day)|ROOT_VERB:Looks,True,False
"The thevara monastery canteen is preparing food to be distributed for the flood stricken in #kochi. Contribute in cash. Contact Fr. Wilson CMI, ±919446249185 #KeralaRescue #foodpackets",rescue_volunteering_or_donation_effort,PREP+PROPN,,ROOT_VERB:preparing|PREP(for)+POBJ(flood)|PREP(in)+POBJ(kochi)|ROOT_VERB:Contribute|PREP(in)+POBJ(cash),True,False
Heavy rain from a strong tstorm in Hendry and SW Glades counties could cause some flooding in low lying and poor drainage areas. #flwx.,caution_and_advice,PREP+PROPN,,PREP(from)+POBJ(tstorm)|PREP(in)+POBJ(counties)|ROOT_VERB:cause|PREP(in)+POBJ(areas),True,False
Clever thinking to feed into future of UKs food and farming systems.,not_humanitarian,,,PREP(into)+POBJ(future)|PREP(of)+POBJ(systems),False,False
Superstar @urstrulyMahesh donates ₹ 25 Lakhs for Kerala CM Distress Relief Fund.ὄFἿB #KeralaFloods #KeralaFloods2018 #KeralaFloodRelief,rescue_volunteering_or_donation_effort,,,ROOT_VERB:donates,False,False
"@nytimes The little girl Frida Sofía is under stones in primary damaged by earthquake, she contacted with rescue people,God Bless her and Mexico",sympathy_and_support,PREP+PROPN,ACTION_VERB,PREP(in)+POBJ(primary)|PREP(with)+POBJ(people)|NER_LOC:Mexico,True,True
@auralguff @JournoStephen @JohnLeoNo1087 What if there was an earthquake and the bridge was destroyed? Is that what they mean when they talk about islands created by earthquakes 😮,other_relevant_information,LOC_NOUN,,PREP(about)+POBJ(islands),True,False
@Bryan_Baeumler hope you are all well and hoping that Dorian doesn’t do too much damage to all the hard work and money you have poured into the project,infrastructure_and_utility_damage,,,PREP(to)+POBJ(work)|PREP(into)+POBJ(project),False,False
"Apple CEO Tim Cook to people affected by hurricanes Harvey, Irma: Youre in our thoughts, we send you our strength, youre in our prayers.”",sympathy_and_support,PREP+PROPN,ACTION_VERB,PREP(in)+POBJ(thoughts)|ROOT_VERB:re|PREP(in)+POBJ(prayers),True,True
Customs &amp; Border Patrol in FL have been nonstop shuttling supplies to PR &amp; vulnerable survivors out since Day 1. #AfterMaria #ThankYou,other_relevant_information,PREP+PROPN,,PREP(since)+POBJ(Day),True,False
VIDEO: UC Berkeley students help Mexico earthquake victims  vía @kron4news,rescue_volunteering_or_donation_effort,,ACTION_VERB,ROOT_VERB:help|NER_LOC:Mexico,False,True
"RT @Penn: A student effort to assist those impacted by Hurricane Maria prompted a $20,000 donation from @jimmyfallon.",rescue_volunteering_or_donation_effort,,ACTION_VERB,ROOT_VERB:prompted|PREP(from)+POBJ(@jimmyfallon),False,True
RT @MAKETHEWORLDGR8: Lets all #PrayForCanada that lots of rain comes to intervene the out of control #wildfires occurring in #Alberta! htt,sympathy_and_support,,,PREP(of)+POBJ(rain)|PREP(in)+POBJ(Alberta),False,False
"RT @Waviest_baby: Embassies guise, please send your donations through to the embassies ὉA",rescue_volunteering_or_donation_effort,,PLEA_PATTERN|ACTION_VERB,ROOT_VERB:send|PREP(to)+POBJ(embassies),False,True
"The Bahamas is more than a vacation spot. Beautiful, wonderful people live there raising families and living life. Let’s be mindful when the media and others rejoice that Dorian is not going to hit Florida. Prayers for Bahamas. #dorianhurricane #hurricane",sympathy_and_support,,,NER_LOC:Bahamas|ROOT_VERB:live|ROOT_VERB:Let|NER_LOC:Florida|PREP(for)+POBJ(Bahamas),False,False
"@Lumberist @Max_TO Tell that to the people whose neighborhoods were destroyed by flooding in Nebraska, wildfires in California, hurricanes that struck south TX &amp; FL. Puerto Rico is still suffering badly since late October 2017 because of the #Trump regime. Warmer weather?! Youre both utter scum.",infrastructure_and_utility_damage,PREP+PROPN,,ROOT_VERB:Tell|PREP(to)+POBJ(people)|PREP(in)+POBJ(Nebraska)|NER_LOC:Nebraska|PREP(in)+POBJ(California),True,False
Chief of police in Dominica says death toll has risen to 27 from Hurricane Maria’s  #news,injured_or_dead_people,PREP+PROPN,,PREP(of)+POBJ(police)|PREP(in)+POBJ(Dominica)|NER_LOC:Dominica|ROOT_VERB:says|PREP(to)+POBJ(27),True,False
"As Hurricane Dorian moves ever closer to #CofC, I wish everyone in #CHS a safe and orderly evacuation. Cougar Nation has friends everywhere, including in #QuincyIL. Good luck, Charleston! Pax et Bonum. #Quincy_U @CofCHsu",displaced_people_and_evacuations,,,ROOT_VERB:wish|ROOT_VERB:has|PREP(in)+POBJ(QuincyIL)|NER_LOC:Charleston,False,False
@TerrellWPLG I think #HurricaneDorian will have a lot of damage in Palm Beach County and the Treasure Coast. It will be a Category 5 storm.,infrastructure_and_utility_damage,PREP+PROPN|PROPN+LOC_NOUN|LOC_NOUN,,ROOT_VERB:think|PREP(of)+POBJ(damage)|PREP(in)+POBJ(County)|NER_LOC:Palm|NER_LOC:Beach,True,False
"Entire towns in Nebraska still cut off from flooding, when will we admit we have to do something? #Nebraska will you wake up? #GreenNewDeal",not_humanitarian,PREP+PROPN,,PREP(in)+POBJ(Nebraska)|NER_LOC:Nebraska|ROOT_VERB:cut|PREP(from)+POBJ(flooding)|ROOT_VERB:wake,True,False
RT @acarrolldesign: Donate directly to support Puerto Rico!! #HurricaneMaria,rescue_volunteering_or_donation_effort,,ACTION_VERB,ROOT_VERB:Donate|NER_LOC:Puerto|NER_LOC:Rico,False,True
New items in #shop and new #blog post. If you live in #california and were affected by the #fires #californiafires or are just concerned about the #health of the #planet and the,other_relevant_information,,,PREP(in)+POBJ(#)|ROOT_VERB:live|PREP(in)+POBJ(california)|NER_LOC:california|PREP(of)+POBJ(#),False,False
@ABC 80% of #PuertoRico s agriculture destroyed. This is what it looks like:,infrastructure_and_utility_damage,,,PREP(of)+POBJ(agriculture)|ROOT_VERB:destroyed|PREP(like)+POBJ(what),False,False
We NEED your help!! Hurricane Harvey has taken an impact on Wildlife too. Austin Wildlife Center has taken in 300,requests_or_urgent_needs,,ACTION_VERB,ROOT_VERB:NEED|ROOT_VERB:taken|PREP(on)+POBJ(Wildlife)|ROOT_VERB:taken,False,True
"In anticipation of #HurricaneDorian, the #RedCross has mobilized 1,600 volunteers and shipped nearly 100 tractor trailer loads of supplies. We are ready—and you should be to. Download the @RedCross Emergency App now, to locate open shelters and access life-saving safety tips.",rescue_volunteering_or_donation_effort,PREP+PROPN,DISTRESS_SIGNAL|URGENCY_ADVERB,PREP(In)+POBJ(anticipation)|PREP(of)+POBJ(HurricaneDorian)|ROOT_VERB:mobilized|PREP(of)+POBJ(supplies)|ROOT_VERB:Download,True,True
The death toll is so high in this California fire.,injured_or_dead_people,PREP+PROPN,,NER_LOC:California,True,False
"We stand in solidarity with those in the #CycloneIdai affected countries that have lost loved ones, homes, or livelihoods. @UN is committed to preventing losses &amp; supporting you in rebuilding homes &amp; communities incl. in rural areas. #InvestInHumanity",sympathy_and_support,PREP+PROPN,,ROOT_VERB:stand|PREP(in)+POBJ(solidarity)|PREP(with)+POBJ(those)|ROOT_VERB:incl,True,False
"἞8἞6 has now provided $350,000 through @redcrosscanada to support the relief operation in #Mozambique following Tropical Cyclone #Idai ➡️",rescue_volunteering_or_donation_effort,,URGENCY_ADVERB,ROOT_VERB:provided|PREP(through)+POBJ(@redcrosscanada)|PREP(in)+POBJ(Mozambique),False,True
"@pennyamyot @Tgco321 @NTarnopolsky @CALFIRE_CHIEF @CALFIRE_ButteCo Wild fires also known as brush fires are normal in California. I grew up there and saw brush fires around the area I lived in every single summer. However, it wasnt as often or as destructive then. A few fires a year, very few of them big like these fires.",other_relevant_information,PREP+PROPN|PROPN+LOC_NOUN|LOC_NOUN,,PREP(as)+POBJ(fires)|NER_LOC:California|ROOT_VERB:grew|PREP(around)+POBJ(area)|PREP(in)+POBJ(summer),True,False
6.3 magnitude earthquake hits New Zealand  #worldnews #news #breakingnews,caution_and_advice,,,ROOT_VERB:hits|NER_LOC:New|NER_LOC:Zealand,False,False
@tim_cook No words for #FL and the #Bahamas during this terrifying monster that is #Dorian? #howdisappointing That’s okay. You watch that #footballgame. We’ll sit here hoping our #iphones don’t get destroyed. #hurricane #hurricanedorian #lovethesupport,not_humanitarian,,,PREP(for)+POBJ(FL)|PREP(during)+POBJ(monster)|ROOT_VERB:watch|ROOT_VERB:sit|ROOT_VERB:lovethesupport,False,False
"Wyoming firefighter crews battle #wildfires in California, hoping to pay it forward. When we have fires in our area, we hope people come to our aid, so in times of need we try to reciprocate when we can,” says Worland Fire Chief Chris Kocher. READ ON:",rescue_volunteering_or_donation_effort,PREP+PROPN|PROPN+LOC_NOUN|LOC_NOUN,ACTION_VERB,NER_LOC:Wyoming|PREP(in)+POBJ(California)|NER_LOC:California|PREP(in)+POBJ(area)|PREP(to)+POBJ(aid),True,True
Thank you @UNZimbabwe @WFP_Zimbabwe @BishowParajuli for the joint assessment mission with @eu_echo . We witnessed a clear one UN” approach. #EU @euinzim remains committed to work with and through the UN family and humanitarian NGOs in emergency response,rescue_volunteering_or_donation_effort,PREP+PROPN,DISTRESS_SIGNAL,ROOT_VERB:Thank|PREP(for)+POBJ(mission)|PREP(with)+POBJ(@eu_echo)|ROOT_VERB:witnessed|ROOT_VERB:remains,True,True
Mexico City was hit with a magnitude 7.1 earthquake today. My thoughts + prayers are with the people of Mexico:,sympathy_and_support,LOC_NOUN|PROPN+LOC_NOUN,,NER_LOC:Mexico|NER_LOC:City|ROOT_VERB:hit|PREP(with)+POBJ(earthquake)|PREP(of)+POBJ(Mexico),True,False
Glad to be able to help flood relief efforts in Assam.Once more especially poor suffer climate change @CMOfficeAssam,sympathy_and_support,PREP+PROPN,ACTION_VERB,PREP(in)+POBJ(Assam)|NER_LOC:Assam|ROOT_VERB:suffer,True,True
"11 hours away from a mandatory #evacuation order going into effect in Cumberland Co., Wade, &amp; Fayetteville for residents who live one mile from the banks of the Cape Fear River or the Little River. Ill breakdown how to determine if you fall in that group at 4 @WRAL #Florence",displaced_people_and_evacuations,PREP+PROPN|PROPN+LOC_NOUN|LOC_NOUN,,PREP(into)+POBJ(effect)|PREP(in)+POBJ(Co.)|PREP(from)+POBJ(banks)|PREP(of)+POBJ(River)|NER_LOC:the,True,False
#KeralaFloods: Our volunteers are ALWAYS on the move to reach those in need ! In floods affected areas of #Kerala our volunteers are using boats to reach those who have been isolated.They are delivering food and other essentials. Great Seva by the Khalsa Aid India team !,rescue_volunteering_or_donation_effort,PREP+PROPN,ACTION_VERB,PREP(In)+POBJ(floods)|ROOT_VERB:affected|PREP(of)+POBJ(Kerala)|ROOT_VERB:delivering|NER_LOC:India,True,True
"Were a family in the FGC, if you can help please do, were all just living or at least trying to",requests_or_urgent_needs,PREP+PROPN,ACTION_VERB,PREP(in)+POBJ(FGC),True,True
Some California Wildfire Victims May Never Be Found: Searcher  ὏0 #News #Animals #Pets #PetOwners #PetLovers #CharlotteNC #CLT #NorthCarolina #DrOGayle #CLTpets,missing_or_found_people,,,,False,False
UPDATE: @USAID relief supplies have been handed over 2 local officials in #TheBahamas for distribution 2 families affected by #HurricaneIrma,rescue_volunteering_or_donation_effort,,,ROOT_VERB:handed|PREP(in)+POBJ(TheBahamas)|PREP(for)+POBJ(distribution),False,False
"While touring wildfire damage in California, Trump touted the virtues of Finlandsraking of the forest floor to clear it of flammable material, but its not actually what Finland forest management practices center around",infrastructure_and_utility_damage,PREP+PROPN,,PREP(in)+POBJ(California)|NER_LOC:California|ROOT_VERB:touted|PREP(of)+POBJ(Finlandsraking)|PREP(of)+POBJ(material),True,False
"My heart goes out to all those affected by the historic flooding in Nebraska, Iowa, and Wisconsin. I will do everything I can to make sure that these communities get the resources they need to fully recover.",sympathy_and_support,PREP+PROPN,ACTION_VERB,ROOT_VERB:goes|PREP(to)+POBJ(those)|PREP(in)+POBJ(Nebraska)|NER_LOC:Nebraska|NER_LOC:Iowa,True,True
RT @amnakhani123: #earthquake in different sectors of PAKISTAN! Stay safe everyone,sympathy_and_support,PREP+PROPN,,PREP(in)+POBJ(sectors)|PREP(of)+POBJ(PAKISTAN)|ROOT_VERB:Stay,True,False
RT @joetorresABC7: Organizing help and support for earthquake victims in Ecuador. EWN at 4 and 5:30.,sympathy_and_support,PREP+PROPN,ACTION_VERB,ROOT_VERB:Organizing|PREP(for)+POBJ(victims)|PREP(in)+POBJ(Ecuador)|NER_LOC:Ecuador|PREP(at)+POBJ(4),True,True
Pray for Texas! #Harvey #AnimalsinCrisis @AmericanHumane is on the way to help with our First Responders,sympathy_and_support,,ACTION_VERB,ROOT_VERB:Pray|PREP(for)+POBJ(Texas)|NER_LOC:Texas|PREP(with)+POBJ(Responders),False,True
"Islands that were heavily damaged by Irma, will be close to the path of Jose this weekend. Talk about rubbing salt in a wound.",infrastructure_and_utility_damage,PREP+PROPN,,PREP(of)+POBJ(Jose)|ROOT_VERB:Talk|PREP(in)+POBJ(wound),True,False
Help Hurricane Maria Puerto Rico victims: Drop off needed supplies at HORC or donate to the American Red Cross through the Towns website.,rescue_volunteering_or_donation_effort,PREP+PROPN,ACTION_VERB,ROOT_VERB:Drop|PREP(at)+POBJ(HORC)|PREP(to)+POBJ(Cross)|PREP(through)+POBJ(website),True,True
RT @eTurboNews: Hurricane Dorian Category 5 next? Catastrophic damage will occur,caution_and_advice,,,ROOT_VERB:occur,False,False
"@GartrellLinda Pg&amp;e gets to bill thier customers for the cost of the fires, Brown approved!!! Brown set California up!",not_humanitarian,,,PREP(for)+POBJ(cost)|PREP(of)+POBJ(fires)|ROOT_VERB:approved|ROOT_VERB:set|NER_LOC:California,False,False
"Death toll from #Irma continued to climb today in the United States, with at least 30 dead across 3 states.",injured_or_dead_people,PREP+PROPN,,PREP(from)+POBJ(Irma)|ROOT_VERB:continued|PREP(in)+POBJ(States)|NER_LOC:the|NER_LOC:United,True,False
"My heart goes out to all the victims of the #CycloneIdai disaster. It’s sad that more lives have been lost , this is the time we need each other the most. Zimbabweans we can do it. #letsact #togetherwecan",sympathy_and_support,,ACTION_VERB,ROOT_VERB:goes|PREP(to)+POBJ(victims)|PREP(of)+POBJ(disaster)|ROOT_VERB:do,False,True
"To our Floridian friends be safe this holiday weekend. Stock up on water, medicine, supplies. Ride Dorian out safely.",other_relevant_information,,,PREP(on)+POBJ(water),False,False
Australia and Greece share a special relationship nurtured by strong family and community ties. A tragedy that affects Greece also affects Australia. My thoughts and those of all Australians are with the people of Greece at this tragic time.,sympathy_and_support,PREP+PROPN,,NER_LOC:Australia|NER_LOC:Greece|ROOT_VERB:share|NER_LOC:Greece|ROOT_VERB:affects,True,False
"Harvey Could Have Deep Impact on Texas Oil, US Economy - Massive flooding caused by Tropical Storm Harvey  -",other_relevant_information,,,ROOT_VERB:Have,False,False
Donald Trump says Puerto Rico is an island surrounded by big water-  via  - @realDonaldTrump,not_humanitarian,,,ROOT_VERB:says|PREP(via)+POBJ(@realDonaldTrump),False,False
A historic summer and fall of wildfires left residents who live near burn areas facing another threat this fall and winter in California.,other_relevant_information,PREP+PROPN,,PREP(of)+POBJ(wildfires)|ROOT_VERB:left|PREP(near)+POBJ(areas)|PREP(in)+POBJ(California)|NER_LOC:California,True,False
@BAP_Bangyongguk We need all the help we can get.. so please #StCroix #HurricaneMaria #USVI Please help us spread the word,requests_or_urgent_needs,,PLEA_PATTERN|ACTION_VERB,ROOT_VERB:need|ROOT_VERB:help,False,True
RT @imwren: @kathygriffin He is correct on this. California doesnt allow the underbrush to be cleared which fuels these fires.,not_humanitarian,,,NER_LOC:California|ROOT_VERB:allow,False,False
UK AND PARTNERS: #UKaid἞C἞7air cargo equipment has provided support to the Brazilian἞7἟7 Aid Mission that arrived yesterday in Mozambique to get aid to people most in need as quickly as possible #cycloneidai @ukinbrazil @DFID_UK @NneNneUK @CateTurton @opaisonline @tv_surdo @SkyNews,rescue_volunteering_or_donation_effort,PREP+PROPN,ACTION_VERB,NER_LOC:UK|ROOT_VERB:provided|PREP(in)+POBJ(Mozambique)|NER_LOC:Mozambique|PREP(in)+POBJ(need),True,True
"The tsunami stones are warnings across generations, telling descendants to avoid the same suffering of their",caution_and_advice,,,PREP(across)+POBJ(generations)|PREP(of)+POBJ(their),False,False
We are calling for all well wishers to donate towards cyclone Idai via OneMoney using the Biller code 19707. Lets all spread the word and help all those affected by the devastating effects of #cycloneIdai Short-code: *111*2*1*4*19707#,rescue_volunteering_or_donation_effort,PREP+PROPN,ACTION_VERB,ROOT_VERB:calling|PREP(towards)+POBJ(Idai)|PREP(via)+POBJ(OneMoney)|ROOT_VERB:spread|PREP(of)+POBJ(code),True,True
@fluffyguy Do you think you could work with some clothing places. I have been going to the shelters and emergency aid places and cant seem to find anything over 2x or so for my husband. They need like 4x down here at the camp fire. We need you bud. For the fluffy evacuess.,displaced_people_and_evacuations,PREP+PROPN,DISTRESS_SIGNAL|ACTION_VERB,ROOT_VERB:think|PREP(with)+POBJ(places)|ROOT_VERB:going|PREP(to)+POBJ(shelters)|PREP(for)+POBJ(husband),True,True
@Fly_Norwegian I have a flight from Copenhagen to Orlando Sept 2 and got a text about rebooking for a different date for free due to Hurricane Dorian. I called the number provided but was hung up on after waiting 20 minutes to get through. Could someone here please help me.,sympathy_and_support,PREP+PROPN,PLEA_PATTERN|ACTION_VERB,ROOT_VERB:have|PREP(from)+POBJ(Copenhagen)|PREP(to)+POBJ(Sept)|PREP(for)+POBJ(date)|ROOT_VERB:called,True,True
Please help our American ppl in #stcroix. This could be any of us. Link 2 Tim Duncans fundraiser  #hurricanemaria,sympathy_and_support,,PLEA_PATTERN|ACTION_VERB,ROOT_VERB:help|PREP(in)+POBJ(stcroix),False,True
Well Hurricane Dorian is now a CAT 4 hurricane heading straight for us here in FL and likely to strengthen. It’s slow moving and growing stronger in warm water ὢC I’m pretty concerned. All that can be done at this point is wait and pray it’s not a bad oneᾑEἿBὣ3#HurricaneDorian,sympathy_and_support,PREP+PROPN,URGENCY_ADVERB,ROOT_VERB:’s|ROOT_VERB:’m|PREP(at)+POBJ(point),True,True
"Teachers, students, communities need help since cyclone Idai swept thru southern Africa. We urge members to help Education International + its affiliates in Zimbabwe+Mozambique! Send letters of support to: ZIMTA: info@zimta.co.zw PTUZ: admin@ptuz.org ONP: onp.snpm@gmail.com",rescue_volunteering_or_donation_effort,PREP+PROPN,NEED+RESOURCE|ACTION_VERB,ROOT_VERB:need|PREP(thru)+POBJ(Africa)|NER_LOC:Africa|ROOT_VERB:urge|PREP(in)+POBJ(Zimbabwe+Mozambique),True,True
"Hello LADIES!! ἳ8 Let’s start a conversation! INVITE your friends and help us build a community of like minded women. Let’s talk about life, love and happiness, and how we can be the best",not_humanitarian,,ACTION_VERB,ROOT_VERB:Let|ROOT_VERB:INVITE|PREP(of)+POBJ(women)|ROOT_VERB:Let|PREP(about)+POBJ(life),False,True
"Remember that through the end of November, any offering tagged for #CaliforniaWildfires is eligible to be claimed for donations to @NVCF Camp Fire Evacuation Relief Fund OR @NVADG caring for nonhuman creatures affected by the fires. Details:",rescue_volunteering_or_donation_effort,,,ROOT_VERB:Remember|PREP(through)+POBJ(end)|PREP(of)+POBJ(November)|PREP(for)+POBJ(CaliforniaWildfires)|PREP(for)+POBJ(donations),False,False
"Per his Instagram Story, #Giants WR @OBJ_3 is on a boat in Port Arthur rescuing Hurricane Harvey victims. Says to message if you need help.",rescue_volunteering_or_donation_effort,PREP+PROPN|LOC_NOUN,NEED+RESOURCE|ACTION_VERB,PREP(in)+POBJ(Arthur)|NER_LOC:Port|NER_LOC:Arthur|ROOT_VERB:Says,True,True
"Finally, APC wakes up from slumber &amp; visits flood victims in Benue.  @MBuhari @ProfOsinbajo @OfficialPDPNig @AsoRock",other_relevant_information,PREP+PROPN,,ROOT_VERB:wakes|PREP(from)+POBJ(slumber)|PREP(in)+POBJ(Benue)|NER_LOC:Benue|NER_LOC:@OfficialPDPNig,True,False
"At 4:58 PM, 3 SE Snowflake [Navajo Co, AZ] TRAINED SPOTTER reports FLASH FLOOD #FGZ",caution_and_advice,,,ROOT_VERB:reports,False,False
Hurricane Maria Brings Evacuation On North Carolina Island  #MANDATORY #EVACUATION Mandatory evacuations for touris,displaced_people_and_evacuations,,,NER_LOC:North|NER_LOC:Carolina|NER_LOC:Island|PREP(for)+POBJ(touris),False,False
RT @colombogazette: Bangladesh hands over cash donation for flood relief  via @colombogazette #srilanka #lka,rescue_volunteering_or_donation_effort,,,NER_LOC:Bangladesh|ROOT_VERB:hands|PREP(over)+POBJ(donation)|PREP(for)+POBJ(relief)|PREP(via)+POBJ(@colombogazette),False,False
"Maria, Now a Hurricane, Promises More Damage for the Caribbean",infrastructure_and_utility_damage,,URGENCY_ADVERB,ROOT_VERB:Promises|PREP(for)+POBJ(Caribbean)|NER_LOC:Caribbean,False,True
Divisional administration of #Mirpur in collaboration with Pak Army teams are busy in rescue and relief activities  #earthquake,rescue_volunteering_or_donation_effort,PREP+PROPN,ACTION_VERB,PREP(of)+POBJ(Mirpur)|PREP(in)+POBJ(collaboration)|PREP(with)+POBJ(teams),True,True
"#HurricaneFlorence to hit US coast, hundreds of thousands evacuated from homes",displaced_people_and_evacuations,PREP+PROPN|PROPN+LOC_NOUN|LOC_NOUN,,NER_LOC:US|PREP(from)+POBJ(homes),True,False
Emergency National Collection to Assist Dioceses Affected by Hurricane Harvey. Learn more:,rescue_volunteering_or_donation_effort,,DISTRESS_SIGNAL|ACTION_VERB,ROOT_VERB:Learn,False,True
#Tamilnadu CM #palaniswamiEK denies #Kerala claim that water from dam caused #Floods @TeluguPapers,not_humanitarian,PREP+PROPN,,ROOT_VERB:denies|PREP(from)+POBJ(dam),True,False
"Estimated 30,000-40,000 homes have been destroyed in the Houston area after #Harvey dumped up to 51 inches of rain",infrastructure_and_utility_damage,PREP+PROPN|PROPN+LOC_NOUN|LOC_NOUN,,ROOT_VERB:destroyed|PREP(in)+POBJ(area)|NER_LOC:Houston|PREP(of)+POBJ(rain),True,False
"Routine adjustments of asymptomatic patients may retard the progression of joint degeneration (arthritis), neuronal changes, changes in muscular strength and recruitment patterns, which",not_humanitarian,PREP+PROPN,,PREP(of)+POBJ(patients)|ROOT_VERB:retard|PREP(of)+POBJ(degeneration)|PREP(in)+POBJ(strength),True,False
Donate to the National Black United Front #HurricaneHarvey disaster relief fund.  #BlackTwitter #Hartford #CT,rescue_volunteering_or_donation_effort,,ACTION_VERB,ROOT_VERB:Donate|PREP(to)+POBJ(fund),False,True
"omlὢD i’m praying for everyone in California with the fires, even the bunniesὢDὢDὉ8",sympathy_and_support,PREP+PROPN,,ROOT_VERB:praying|PREP(for)+POBJ(everyone)|NER_LOC:California,True,False
DEVELOPING: Theres a report of 5 people dead at a nursing home in Florida following Irma,injured_or_dead_people,PREP+PROPN,,ROOT_VERB:DEVELOPING|ROOT_VERB:s|PREP(of)+POBJ(people)|PREP(at)+POBJ(home)|PREP(in)+POBJ(Florida),True,False
@BarackObama Will you release a statement acknowledging the 3.5 million Americans living in subhuman conditions after Hurricane Maria hit Puerto Rico?,other_relevant_information,PREP+PROPN,,ROOT_VERB:release|PREP(in)+POBJ(conditions)|NER_LOC:Puerto|NER_LOC:Rico,True,False
RT @VEIAG_token: Our thoughts and prayers are with victims of deadly #wildfires in #Greece. #VEIAG stands by #Greece in solidarity and unit,sympathy_and_support,PREP+PROPN,,PREP(of)+POBJ(wildfires)|NER_LOC:Greece|ROOT_VERB:stands|PREP(by)+POBJ(Greece),True,False
Kerala: Restoration work started at Chalakudy market in Thrissur after a decrease in the water level in the district. #KeralaFloods,other_relevant_information,PREP+PROPN|PROPN+LOC_NOUN|LOC_NOUN,,ROOT_VERB:started|PREP(at)+POBJ(market)|PREP(in)+POBJ(Thrissur)|NER_LOC:Thrissur|PREP(after)+POBJ(decrease),True,False
Trump blames forest fires onforest workers. Threatens to cut federal fund to help them. ὒ5ὒ5ὒ5ὒ5ὒ5ὒ5ὒ5ὒ5ὒ5ὒ5ὒ5ὒ5 Forest fires. He’s attacking people facing infernos white they’re in them. While people are dying.,other_relevant_information,PREP+PROPN,ACTION_VERB,ROOT_VERB:Threatens|ROOT_VERB:’re|PREP(in)+POBJ(them)|ROOT_VERB:dying,True,True
"RT @carladmartin: In a matter of hours, the storm destroyed about 80 percent of the crop value in Puerto Rico.",infrastructure_and_utility_damage,PREP+PROPN,,PREP(In)+POBJ(matter)|PREP(of)+POBJ(hours)|ROOT_VERB:destroyed|PREP(of)+POBJ(value)|PREP(in)+POBJ(Rico),True,False
How to help the victims of the California wildfires: Send money.  via @slate,rescue_volunteering_or_donation_effort,,ACTION_VERB,PREP(of)+POBJ(wildfires)|NER_LOC:California|ROOT_VERB:Send|PREP(via)+POBJ(@slate),False,True
BIG BREAKING Kerala High Court initiated Suo Motu proceeding to look in to the alleged criminal negligence of the authorities resulting in the alleged man made flood in the state in August causing loss of life and property. #KeralaFloods,other_relevant_information,PREP+PROPN,,ROOT_VERB:initiated|PREP(to)+POBJ(negligence)|PREP(of)+POBJ(authorities)|PREP(in)+POBJ(man)|PREP(in)+POBJ(state),True,False
RT @_alexho: #AyudaCDMX #FuerzaMexico #Mexicanosfuertes #ToposMx If you want to help Mexicos earthquake victims.,rescue_volunteering_or_donation_effort,,ACTION_VERB,ROOT_VERB:want,False,True
Find more information like this in the Lee County All Hazards Guide:  #Irma,caution_and_advice,PREP+PROPN,,ROOT_VERB:Find|PREP(like)+POBJ(this)|PREP(in)+POBJ(County)|NER_LOC:the|NER_LOC:Lee,True,False
"YWCA stands together in solidarity with women, communities and Nations affected by cyclone Idai!! #CYCLONEIDAI #BLACKMONDAY",sympathy_and_support,PREP+PROPN,,ROOT_VERB:stands|PREP(in)+POBJ(solidarity)|PREP(with)+POBJ(women),True,False
RT @lorimcneeartist: Insane footage of the California fires. Ἲ5 via @abc7la,other_relevant_information,,,PREP(of)+POBJ(fires)|NER_LOC:California|PREP(via)+POBJ(@abc7la),False,False
"Newest model runs keep #Dorian offshore. This would be the best scenario for everyone. The farther away the strongest winds are, the lower the impact along the Coast. That said, even with Dorian offshore, SE GAs coast could still experience flooding.",other_relevant_information,LOC_NOUN|PROPN+LOC_NOUN,,ROOT_VERB:keep|PREP(for)+POBJ(everyone)|PREP(along)+POBJ(Coast)|NER_LOC:Coast|ROOT_VERB:said,True,False
#DTJax supporting #Houston! Prayers to those affected by #HurricaneHarvey. Mural by @jaxkidsmurals at @TheVolsteadJax block party.,sympathy_and_support,,,ROOT_VERB:supporting|PREP(to)+POBJ(those),False,False
"30,000 to 40,000 (THOUSAND!) homes destroyed.",infrastructure_and_utility_damage,,,ROOT_VERB:destroyed,False,False
Some of the homes hardest hit by #HurricaneIrma in Florida are also the least likely to be insured: mobile homes,other_relevant_information,PREP+PROPN,,PREP(in)+POBJ(Florida)|NER_LOC:Florida,True,False
"Why California’s Wildfires Are So Destructive, In 5 Charts  oh it is really so simple, it is because we didnt know we had to RAKE the FORESTSif only Finland had shared the tipsheesh.",other_relevant_information,,,NER_LOC:California|NER_LOC:Finland,False,False
RT @Stereoblonde: I hope all of my lovely Italian friends and their beloved ones are ok. My thoughts are with the victims :-( #ItalyEarthqu,other_relevant_information,,,ROOT_VERB:hope,False,False
guys category 5 means complete damage to all buildings susceptible to wind and flood damage. there is no point in a category 6,infrastructure_and_utility_damage,PREP+PROPN,,ROOT_VERB:means|PREP(to)+POBJ(buildings)|ROOT_VERB:is|PREP(in)+POBJ(category),True,False
Flood Relief Benefit — Friday At Columbus,other_relevant_information,PREP+PROPN,,NER_LOC:Columbus,True,False
"Now that Dorian is a category 5 hurricane, I’m heading to western NC if the governor calls for evacuation.",displaced_people_and_evacuations,,URGENCY_ADVERB,ROOT_VERB:heading|PREP(to)+POBJ(NC)|NER_LOC:NC|PREP(for)+POBJ(evacuation),False,True
"Shelters in #PalmBeach County if you need to evacuate, live in zones A &amp; B. #HurricaneDorian #RivieraBeach #Jupiter #BelleGlade #Pahokee #PalmBeachGardens #Wellington #LakeWorth #Soflo #Wx #Florida",displaced_people_and_evacuations,PREP+PROPN,ACTION_VERB,PREP(in)+POBJ(County)|NER_LOC:PalmBeach|NER_LOC:County|ROOT_VERB:live|PREP(in)+POBJ(A),True,True
These fishermen are the unsung heroes of #KeralaFloodRelief. Theyve come from different parts of Kerala with their boats to aid in the rescue operations since Navy boats were running short.Even NDRF is using their boats now cause they are easier to navigate in the flooded areas.,rescue_volunteering_or_donation_effort,PREP+PROPN,URGENCY_ADVERB|ACTION_VERB,PREP(of)+POBJ(KeralaFloodRelief)|ROOT_VERB:come|PREP(from)+POBJ(parts)|PREP(of)+POBJ(Kerala)|NER_LOC:Kerala,True,True
Bal Swayamsevaks on collection drive for #KeralaFloodRelief camps. Members of Balgokulam tying Rakhies to Army men serving the flood victims.,rescue_volunteering_or_donation_effort,,,PREP(for)+POBJ(camps)|PREP(of)+POBJ(Balgokulam)|ROOT_VERB:tying|PREP(to)+POBJ(men),False,False
RT @mckee_heathir: .@POTUS .@realDonaldTrump .@VP .@SpeakerRyan .@SenateMajLdr Hey you guys!!! Americans need help!!!,requests_or_urgent_needs,,NEED+RESOURCE|ACTION_VERB,ROOT_VERB:need,False,True
"#Earthquake , victims increase, we dig relentlessly  #PrayForItaly tweet about this hashtag show that humanity still exists! Preghiamo!",sympathy_and_support,,,ROOT_VERB:dig|PREP(about)+POBJ(show),False,False
"Tweeps, please retweet for anyone who might need this info during Hurricane Dorian. Thank you.",requests_or_urgent_needs,,ACTION_VERB,ROOT_VERB:retweet|PREP(for)+POBJ(anyone)|PREP(during)+POBJ(Dorian)|ROOT_VERB:Thank,False,True
In tents because they murdered all the white people long ago.. Let them feel the consequences,not_humanitarian,PREP+PROPN,,PREP(In)+POBJ(tents)|ROOT_VERB:Let,True,False
The Lorries That Sent By Thalapathy #Vijay anna to kerala Relif Camps Are started their journey !! #Keralafloods #KeralaFloodRelief #DoForKerala !!,rescue_volunteering_or_donation_effort,,,ROOT_VERB:started,False,False
"@MoveSummitIndia @PMOIndia @narendramodi @RajivKumar1 @amitabhk87 @AnilShri @NITIAayog Hope #climatechange impact is studied on failing states of World, as many as 7 Africa 7 likely o Rise in coming years &amp; natural calamities #drought #floods #KeralaFloodsRelief likely to affect #economy #GDP in coming years @1DebaratiSen #GMS2018 #FutureOfMobility #GlobalGoals",other_relevant_information,PREP+PROPN,,PREP(on)+POBJ(states)|PREP(of)+POBJ(World)|NER_LOC:World|PREP(in)+POBJ(years)|ROOT_VERB:calamities,True,False
RT @CNNImpact: More than 233 people have died in the Ecuador earthquake- We have ways you can help go to  .,injured_or_dead_people,PREP+PROPN,ACTION_VERB,PREP(in)+POBJ(earthquake-)|NER_LOC:Ecuador|ROOT_VERB:have,True,True
"RT @TrishaThomasAP: Morning in Arquata, firefighters at work on buildings, Mass for survivors at 11 #ItalyEarthquake",rescue_volunteering_or_donation_effort,PREP+PROPN,,NER_LOC:Arquata|PREP(at)+POBJ(work)|PREP(on)+POBJ(buildings),True,False
"#KeralaFloods #KeralaFloodRelief Please note the collection centres at Thalassery &amp; Taliparamba Taluk, in addition to Collectorate. Please join the relief effort. Send us a Readymade kit or help us assemble one today. #WeAreKannur #WeAreKerala",rescue_volunteering_or_donation_effort,PREP+PROPN,ACTION_VERB,ROOT_VERB:note|PREP(at)+POBJ(Thalassery)|PREP(to)+POBJ(Collectorate)|ROOT_VERB:join|ROOT_VERB:Send,True,True
Hurricane Maria: Puerto Rico officials describe apocalyptic conditions @CNN  #dontforgetpuertorico,other_relevant_information,,,NER_LOC:Puerto|NER_LOC:Rico|ROOT_VERB:describe,False,False
Our thoughts are with youMassive convoy of evacuees to move through Fort McMurray  via @torontostar,sympathy_and_support,,ACTION_VERB,PREP(of)+POBJ(evacuees)|PREP(through)+POBJ(McMurray)|NER_LOC:Fort|NER_LOC:McMurray|PREP(via)+POBJ(@torontostar),False,True
RT @TaniaRogerswptv: Stork taking refuge from #HurricaneMatthew in St. Augustine Alligator Farm restroom. Courtesy Peter Lakanen @WPTV http,other_relevant_information,,,ROOT_VERB:taking|PREP(from)+POBJ(HurricaneMatthew)|NER_LOC:St.,False,False
"Dear قواد Zarif, I hope you’re totally burned from the inside after President Trump’s statement. That being said, for sure you don’t have any hands in California’s fires. But you’re absolutely responsible for the fires in the Middle East for decades! Burn in hatred, Saudiholic",not_humanitarian,PREP+PROPN,,ROOT_VERB:hope|PREP(from)+POBJ(inside)|PREP(after)+POBJ(statement)|ROOT_VERB:have|PREP(in)+POBJ(fires),True,False
Goodnight&amp;Good morning friends&amp; #hope &amp; #pray #life is going well&amp;you&amp;family are #healthy &amp; #happy &amp; #God bless victims of #HurricaneIrma 💕💕,sympathy_and_support,,,ROOT_VERB:bless|PREP(of)+POBJ(HurricaneIrma),False,False
RT @mrdanwalker: Wow 180 mph winds and flooding in the Bahamas. The latest on #BBCbreakfast,infrastructure_and_utility_damage,PREP+PROPN,,PREP(in)+POBJ(Bahamas)|NER_LOC:Bahamas,True,False
RT @RobinRoberts: Coming up this Thurs morn @GMA ..thinking of all those affected by the tragic wildfire in #FortMcMurray #Canadadetails,sympathy_and_support,,,ROOT_VERB:@GMA|PREP(of)+POBJ(those),False,False
"RT @InGARYWeTrust_: This ain’t no homemade hurricane, bitch got lightening in all different areas.",other_relevant_information,PREP+PROPN,,ROOT_VERB:lightening|PREP(in)+POBJ(areas),True,False
"30 East Tennessee @RedCrossTN volunteers are gearing up to help our neighbors out.  ❤️ If you have a heart for helping others, volunteer with American Red Cross of East TN today.",rescue_volunteering_or_donation_effort,,ACTION_VERB,NER_LOC:East|NER_LOC:Tennessee|ROOT_VERB:@RedCrossTN|ROOT_VERB:volunteer|PREP(with)+POBJ(Cross),False,True
"Search efforts continue sadly but after a long battle the camp fire is 100% contained. ὤC #SuperherosAmongUs #CampFire • 153,336 acres • Destroyed: 13,972 residences, 528 commercial and 4,293 other buildings • 85 civilian deaths  #CaliforniaFires",infrastructure_and_utility_damage,,,ROOT_VERB:continue|ROOT_VERB:•,False,False
VERIFIED numbers for rescue operations in #Chengannur. #KeralaFloods #Rescue #KeralaFloodRelief #KeralaRains @PrithviOfficial #Poffactio,rescue_volunteering_or_donation_effort,,ACTION_VERB,PREP(for)+POBJ(operations)|PREP(in)+POBJ(Chengannur)|ROOT_VERB:KeralaRains,False,True
"Hi! Everyone, I request you please dont forget to rescue poor #animals which stuck in floods of #Kerala ὤFὢ2 . . . . #SaveKerala #KeralaReliefFund",requests_or_urgent_needs,PREP+PROPN,VICTIM_STATE|ACTION_VERB,ROOT_VERB:request|PREP(in)+POBJ(floods)|PREP(of)+POBJ(ὤFὢ2),True,True
"On behalf of fan, #SushantSinghRajput donated 1 cr. Rupees to #KeralaFloods victims  #KeralaFloodsRelief #KeralaFloods2018 @vijayanpinarayi @cpimspeak @_DigitalIndia @transform_ind #TransformingIndia @TwitterIndia @kisankhabar",rescue_volunteering_or_donation_effort,,,PREP(On)+POBJ(behalf)|PREP(of)+POBJ(fan)|ROOT_VERB:donated|PREP(to)+POBJ(victims),False,False
#BREAKING NEWS!! Jupiter Inlet to North Brevard County-Hurricane Warning Deerfield Beach to Jupiter Inlet-Hurricane Watch! Hurricane Dorian still 185mph winds with gusts up to 220 Pressure: 910mb Move: W at 7-8mph #HurricaneDorian,caution_and_advice,LOC_NOUN|PROPN+LOC_NOUN,ACTION_VERB,NER_LOC:North|NER_LOC:Brevard|NER_LOC:County|NER_LOC:Deerfield|NER_LOC:Beach,True,True
To my followers:People need help in Paradise California.The Elite are only helping their own.Ellen and a friend will be selling tshirts at $125. What do you put on a t-shirt when so many have died in the fire? Skeletal remains of humans and animals? Coffins? How freaking morbid.,not_humanitarian,PREP+PROPN,NEED+RESOURCE|ACTION_VERB,PREP(To)+POBJ(followers)|ROOT_VERB:need|PREP(in)+POBJ(California)|NER_LOC:Paradise|NER_LOC:California,True,True
#CycloneIdai I have NO control over deaths I have NO control over flooding I have NO control over broken bridges I have NO control over destroyed homes BUT I can help those in need of clothing I can plead with others to join hands TOGETHER WE CAN MAKE A DIFFERENCE! @jahprayzah,rescue_volunteering_or_donation_effort,PREP+PROPN,ACTION_VERB,ROOT_VERB:have|PREP(over)+POBJ(deaths)|PREP(over)+POBJ(flooding)|PREP(over)+POBJ(bridges)|PREP(over)+POBJ(homes),True,True
"Because Tropical Storm Harvey is mainly stationary, rainfall totals will be tremendous and flooding will be bad",other_relevant_information,,,,False,False
If you have older family members in path of the storm be sure they are aware of what do to and they get any required help. Long-Term Care facilities usually have plans in place to move residents to safety.,caution_and_advice,PREP+PROPN,ACTION_VERB,PREP(in)+POBJ(path)|PREP(of)+POBJ(storm)|ROOT_VERB:have|PREP(in)+POBJ(place)|PREP(to)+POBJ(safety),True,True
"At one of several shelters in Tallahassee for pets. This one has 38 dogs, 20 cats, 12 chickens &amp; a guinea pig. #irma @theadvertiser",other_relevant_information,PREP+PROPN,,PREP(in)+POBJ(Tallahassee)|NER_LOC:Tallahassee|ROOT_VERB:has,True,False
@timesofindia It would be great contribution for Kerala flood victims.,rescue_volunteering_or_donation_effort,,,PREP(for)+POBJ(victims)|NER_LOC:Kerala,False,False
"Good news! Last weekend a @WFP_UNHAS C-295 aircraft landed for the first time in #Espungabera, #Mozambique. Capable of landing on a short and unpaved airstrip, it delivered 5,200 kg of vital food to this isolated community stranded by the flooding caused by #CycloneIdai.",rescue_volunteering_or_donation_effort,,VICTIM_STATE,ROOT_VERB:landed|PREP(for)+POBJ(time)|PREP(in)+POBJ(Espungabera)|PREP(on)+POBJ(airstrip)|ROOT_VERB:delivered,False,True
"Earthquake - 6.1 - 18km SSE of Matias Romero, Mexico | PDC Hazard Information",not_humanitarian,,,NER_LOC:Mexico,False,False
RT @Echinanews: Death toll from powerful #ItalyEarthquake of 6.2magnitude climbs to at least 159 late Wednesday,injured_or_dead_people,PREP+PROPN,,PREP(from)+POBJ(ItalyEarthquake),True,False
@lilmum55 @vijayrupanibjp #Media_StopSellingNews No news on Sadhaks of Bapuji doing flood relief services in Gujarat was shown!,other_relevant_information,PREP+PROPN,,ROOT_VERB:@lilmum55|PREP(on)+POBJ(Sadhaks)|PREP(in)+POBJ(Gujarat)|NER_LOC:Gujarat|ROOT_VERB:shown,True,False
"Twitter, 2.6 million people affected by #CycloneIdai need your help! Donate to @decappeal now at",rescue_volunteering_or_donation_effort,,URGENCY_ADVERB|ACTION_VERB,ROOT_VERB:need|ROOT_VERB:Donate,False,True
‘Bachelor’ Mansion Burned in California’s Woolsey Fire,other_relevant_information,PREP+PROPN,,PREP(in)+POBJ(Fire)|NER_LOC:California,True,False
Visit for latest @cvspharmacy Locations Open in #Houston Texas and Surrounding Areas impacted by #HurricaneHarvey,other_relevant_information,,,ROOT_VERB:Visit|PREP(in)+POBJ(Texas)|NER_LOC:Houston|NER_LOC:Texas,False,False
RT @i_abdullahmalik: A tragic news of #earthquake . Hoping everybody is safe and sound. May God bestow us with #Peace and #prosperity .,sympathy_and_support,,,PREP(of)+POBJ(earthquake)|ROOT_VERB:Hoping|ROOT_VERB:bestow|PREP(with)+POBJ(Peace),False,False
Donating @medium claps to #irma disaster relief efforts in #georgia | Why not?,rescue_volunteering_or_donation_effort,,,ROOT_VERB:claps|PREP(in)+POBJ(#)|NER_LOC:georgia,False,False
"If you havent donated to #KeralaFloods yet I urge you consider a donation to this cause. homes, lands,clothes washed away. Nagar Haveli Malayali Association collecting clothes biscuits medicine etc @naukarshah @GEORGELANFLEX @BJP4DnNH @BJP4India @kaushil_DNH_Ind",rescue_volunteering_or_donation_effort,,,PREP(to)+POBJ(KeralaFloods)|ROOT_VERB:urge|PREP(to)+POBJ(cause)|ROOT_VERB:washed|ROOT_VERB:biscuits,False,False
This Waive The Jones Act Petition Demands Puerto Rico Gets The Aid It Needs  via @Change,other_relevant_information,,,ROOT_VERB:Demands|PREP(via)+POBJ(@Change),False,False
The @UF_IFAS Disaster Preparation &amp; Recovery web page has resources to help you prep for Hurricane Dorian. Click on the link below for more info.,caution_and_advice,,ACTION_VERB,ROOT_VERB:has|PREP(for)+POBJ(Dorian)|ROOT_VERB:Click|PREP(on)+POBJ(link)|PREP(for)+POBJ(info),False,True
RT @RickKiessig: Collapsed house reported. One person rescued. Another voice heard inside; search ongoing. #eqnz,infrastructure_and_utility_damage,,,ROOT_VERB:reported|ROOT_VERB:rescued,False,False
"@phillyd please tomorrow talk about the earthquake in Ecuador, its a really heartbreaking situation, we need the nation help! #SismoEcuador",requests_or_urgent_needs,PREP+PROPN,ACTION_VERB,PREP(about)+POBJ(earthquake)|PREP(in)+POBJ(Ecuador)|NER_LOC:Ecuador|ROOT_VERB:need,True,True
"The UK Govt is still matching donations to the #CycloneIdai Appeal pound-for-pound, doubling the impact of your money. Please give generously to help people affected by this major disaster:",rescue_volunteering_or_donation_effort,,ACTION_VERB,ROOT_VERB:matching|PREP(to)+POBJ(Appeal)|PREP(for)+POBJ(pound)|PREP(of)+POBJ(money)|ROOT_VERB:give,False,True
#Beaufort residents should remain indoors &amp; off roadways &amp; bridges. Wind gusts have reported at more than 60 miles. #Irma #sctweets #SCWX,caution_and_advice,PREP+PROPN,,NER_LOC:Beaufort|ROOT_VERB:remain|ROOT_VERB:reported|PREP(at)+POBJ(miles),True,False
"Friends lets not just move on with daily lives as rains in Kerala has reduced. Still a lot of people are homeless, without basic clothing, shelter and food. They have to rebuild their lives. Lets do whatever we can for #KeralaFloodRelief #MondayMotivation",requests_or_urgent_needs,PREP+PROPN,ACTION_VERB,ROOT_VERB:move|PREP(with)+POBJ(lives)|PREP(in)+POBJ(Kerala)|NER_LOC:Kerala|PREP(of)+POBJ(people),True,True
JUST TWO WEEKS of donations from the generous patients and staff treeoflifehealth and they cant even close the box! PHENOMENAL! Tell your Doctor to register to donate empty Vitamin,not_humanitarian,PREP+PROPN,ACTION_VERB,PREP(of)+POBJ(donations)|PREP(from)+POBJ(patients)|ROOT_VERB:Tell,True,True
The Times of India article that shunned us by declaring this flood as gods punishment for deforestation. The ruthless people that said it was punishment for consuming cows. While we cried for help you turned your backs. Kerala wont forget. #KeralaFloods #Kerala,other_relevant_information,,ACTION_VERB,PREP(as)+POBJ(punishment)|PREP(for)+POBJ(deforestation)|PREP(for)+POBJ(help)|ROOT_VERB:turned|ROOT_VERB:forget,False,True
RT @pzf: BREAKING VIDEO: MEXICO CITY DURING THE POWERFUL EARTHQUAKE MOMENTS AGO.,other_relevant_information,LOC_NOUN|PROPN+LOC_NOUN,,,True,False
".@SecretaryZinke on #Florence recovery efforts: Were out there doing search and rescue, and the first responders are doing a great job.",rescue_volunteering_or_donation_effort,,ACTION_VERB,,False,True
"Hurricane Maria has left a path of destruction and loss of life, the full extent of which has yet to be",injured_or_dead_people,,,PREP(of)+POBJ(destruction)|PREP(of)+POBJ(life)|PREP(of)+POBJ(which)|ROOT_VERB:has,False,False
LOS ANGELES: This Sunday 10/1 from 8:30am to 2:30pm #VoicesforPuertoRico is collecting supplies for immediate delivery to Puerto Rico!,rescue_volunteering_or_donation_effort,,,NER_LOC:LOS|NER_LOC:ANGELES|ROOT_VERB:collecting|PREP(for)+POBJ(delivery)|PREP(to)+POBJ(Rico),False,False
4/6 Once residents get to the food distribution points they queue patiently to receive their food packs. We make sure that donations get to their intended destination: #CycloneIdai survivors. #TheNextMile,rescue_volunteering_or_donation_effort,,,ROOT_VERB:get|PREP(to)+POBJ(points)|PREP(to)+POBJ(destination),False,False
@realDonaldTrump What is the fake weather terrorism about? Nonstop reporting of a rain storm? 35 mph winds and the MSM drones on about Florence. Death toll far less than PR storm. Thank You Jesus.,injured_or_dead_people,,,ROOT_VERB:@realDonaldTrump|PREP(of)+POBJ(storm)|ROOT_VERB:drones|PREP(about)+POBJ(Florence)|ROOT_VERB:Thank,False,False
Charlotte Motor Speedway to open campgrounds for Hurricane Dorian evacuees,displaced_people_and_evacuations,,,ROOT_VERB:open|PREP(for)+POBJ(evacuees),False,False
"#earthquake May Allah protect,save and secure us from disaste",sympathy_and_support,PREP+PROPN,ACTION_VERB,ROOT_VERB:protect|PREP(from)+POBJ(disaste),True,True
"The magnitude of the devastation caused by the #earthquake in Mirpur, Azad Kashmir, is frightening. Over 21 people are reported dead so far. More than 400 injured.",injured_or_dead_people,PREP+PROPN,VICTIM_STATE,PREP(of)+POBJ(devastation)|PREP(in)+POBJ(Mirpur)|NER_LOC:Mirpur|ROOT_VERB:reported|ROOT_VERB:injured,True,True
Popular Korean actress donates to flood hit Sri Lanka,rescue_volunteering_or_donation_effort,,,ROOT_VERB:donates|NER_LOC:Sri|NER_LOC:Lanka,False,False
#Harvey has dumped apx 11 trillion gallons of water on the #Houston area -- equivalent to 2.4 inches of rain across Texas (261K sq miles),other_relevant_information,LOC_NOUN|PROPN+LOC_NOUN,,ROOT_VERB:dumped|PREP(of)+POBJ(water)|PREP(on)+POBJ(area)|NER_LOC:Houston|PREP(of)+POBJ(rain),True,False
"Im at East End Food Co-Op in Pittsburgh, PA",not_humanitarian,PREP+PROPN,,ROOT_VERB:m|PREP(at)+POBJ(Co)|PREP(in)+POBJ(Pittsburgh)|NER_LOC:Pittsburgh,True,False
.@teammckenzie3 has donated $100 to the @redcrosscanada for #YMM Wildfire relief. Wed like to encourage all other #curling teams to follow.,rescue_volunteering_or_donation_effort,,,ROOT_VERB:donated|PREP(to)+POBJ(@redcrosscanada)|PREP(for)+POBJ(relief)|ROOT_VERB:like,False,False
@dixoniv2 @paulosophia @Monstermash042 @MomsDemand @NRA Yet again I don’t care about other states. We are speaking about California. Let’s keep it to California. Not to mention California’s leadership bailed out PGE for the wild fires they started by uncapping the electric bill and more than doubling electric prices for residents.,other_relevant_information,,,ROOT_VERB:care|PREP(about)+POBJ(states)|ROOT_VERB:speaking|PREP(about)+POBJ(California)|NER_LOC:California,False,False
"@AKimCampbell I thought I came across foul, disrespectful Liberals but then I came across YOU! There are 10 mm innocent individuals who are in Dorians path yet you wish destruction on @Mar a Lago! Youre a disgrace, worthless POS &amp; so is @JustinTrudeau! WE WILL NEVER FORGET!Ὑ5ἿB",other_relevant_information,PREP+PROPN,,ROOT_VERB:thought|ROOT_VERB:came|PREP(across)+POBJ(YOU)|ROOT_VERB:are|PREP(on)+POBJ(@Mar),True,False
"The death toll from #HurricaneHarvey is up to at least 18. That number is expected to rise as the waters recede, but that could be days away",injured_or_dead_people,PREP+PROPN,,PREP(from)+POBJ(HurricaneHarvey)|ROOT_VERB:expected,True,False
@realDonaldTrump Your general states they NEED MORE HELP. Every death from here on out is blood on your hands. Act like a leader donny,not_humanitarian,PREP+PROPN,ACTION_VERB,ROOT_VERB:@realDonaldTrump|PREP(on)+POBJ(hands)|ROOT_VERB:Act|PREP(like)+POBJ(leader),True,True
"ORANGE COUNTY, TEXAS, RESIDENTS ordered to evacuate as #Harvey floods cause havoc - Reuters",displaced_people_and_evacuations,,ACTION_VERB,NER_LOC:ORANGE|NER_LOC:COUNTY|NER_LOC:TEXAS,False,True
Does anyone really want Donald the Evil Moron Trump making any decision that will affect recovery efforts from Hurricane Dorian? Does anyone really want him to visit the site of any natural or manmade disaster? Does anyone really want to see him at all? Only American Moronites.,not_humanitarian,PREP+PROPN,,ROOT_VERB:want|PREP(from)+POBJ(Dorian)|ROOT_VERB:want|PREP(of)+POBJ(natural)|ROOT_VERB:want,True,False
Hurricane Matthew lashes Haiti with heavy rains,other_relevant_information,,,ROOT_VERB:lashes|NER_LOC:Haiti|PREP(with)+POBJ(rains),False,False
"Great teamwork &amp; positive outcome at the #TexasZoo in Victoria, TX following #Harvey. @USDA_APHIS assisted efforts.",rescue_volunteering_or_donation_effort,PREP+PROPN,,PREP(at)+POBJ(TexasZoo)|NER_LOC:Victoria|PREP(following)+POBJ(Harvey)|ROOT_VERB:assisted,True,False
"In NY, we experienced the devastation that natural disasters cause. Im pleased that Gov. Cuomo is in the USVI offering recovery assistance.",other_relevant_information,PREP+PROPN,,PREP(In)+POBJ(NY)|NER_LOC:NY|ROOT_VERB:experienced|ROOT_VERB:m,True,False
Check on your neighbours and family friends. It’s important that we stay connected as communities throughout New Zealand #EQNZ tsunami,sympathy_and_support,,,ROOT_VERB:Check|PREP(on)+POBJ(neighbours)|ROOT_VERB:’s|PREP(throughout)+POBJ(tsunami)|NER_LOC:New,False,False
During the 1850s there was a high demand for wood in California (to fuel the gold rush). Entrepreneurs began planting eucalyptus trees from Australia. Cool fact about the eucalyptus: they germinate by fire so their oil and bark is extremely flammable. Now California is burning.,not_humanitarian,PREP+PROPN,URGENCY_ADVERB,PREP(During)+POBJ(1850s)|ROOT_VERB:was|PREP(for)+POBJ(wood)|PREP(in)+POBJ(California)|NER_LOC:California,True,True
"The NFL is soliciting Red Cross donations for Hurricane Maria relief, so you can thumb your nose at Trump while you help people.",rescue_volunteering_or_donation_effort,PREP+PROPN,ACTION_VERB,PREP(for)+POBJ(relief)|ROOT_VERB:thumb|PREP(at)+POBJ(Trump),True,True
Watch: #Drone shows extent of damage from #Harvey  #drones,infrastructure_and_utility_damage,,,ROOT_VERB:Watch|PREP(of)+POBJ(damage)|PREP(from)+POBJ(#),False,False
Hurricane Maria didnt hit Puerto Rico unexpectedly. Meteorologists predicted the damage. Inexcusable to take this long to send supplies,infrastructure_and_utility_damage,,ACTION_VERB,ROOT_VERB:hit|NER_LOC:Puerto|NER_LOC:Rico|ROOT_VERB:predicted,False,True
"A PARS EARS team reached #earthquake hit areas last night and distributed food and edibles to local residents, total PARS teams present in area are 2 teams one on S&amp;R and other for humanitarian aid 3rd team moving tonight shall establish a Com Link base #EarthquakeinPakistan",rescue_volunteering_or_donation_effort,PREP+PROPN|PROPN+LOC_NOUN|LOC_NOUN,,PREP(to)+POBJ(residents),True,False
RT @youranidiota: if Dorian kills us it’s been real twitter i love y’all ὢDᾒ3,not_humanitarian,,,,False,False
RT @WISH_TV: Click here to donate to @RedCross for #HurricaneFlorence relief,rescue_volunteering_or_donation_effort,,ACTION_VERB,ROOT_VERB:Click|PREP(to)+POBJ(@RedCross),False,True
Pakistan army officials tell me the damage is contained within a 10-15 km radius and rescue work is complete. The priority right now is restoring power from Mangla and repairing damage to this main road and bridges. #earthquake,infrastructure_and_utility_damage,PREP+PROPN|LOC_NOUN,URGENCY_ADVERB|ACTION_VERB,NER_LOC:Pakistan|ROOT_VERB:tell|PREP(within)+POBJ(work)|ROOT_VERB:restoring|PREP(from)+POBJ(Mangla),True,True
RT @RMWoodBuffalo: All camps north of Fort McMurray up to and incl Ruth Lake are being evacuated. #ymm #ymmfire,displaced_people_and_evacuations,,,NER_LOC:Fort|NER_LOC:McMurray|ROOT_VERB:evacuated,False,False
"Reaching out to flood victims of Kerala, ensured all possible suppport to them. We shall over come! #KeralaFloods",rescue_volunteering_or_donation_effort,,,PREP(to)+POBJ(victims)|PREP(of)+POBJ(Kerala)|NER_LOC:Kerala|ROOT_VERB:ensured|PREP(to)+POBJ(them),False,False
"Immense gratitude to this group of doctors who conducted the medical camp today in flood-affected areas in Ayagama, Ratnapura, #SriLanka.",rescue_volunteering_or_donation_effort,PREP+PROPN,,PREP(to)+POBJ(group)|PREP(of)+POBJ(doctors)|PREP(in)+POBJ(areas)|PREP(in)+POBJ(Ayagama)|NER_LOC:Ayagama,True,False
May Allah save Pakistans from #earthquake Hopefully everyone is save and secure,sympathy_and_support,,ACTION_VERB,PREP(from)+POBJ(earthquake),False,True
Not once has Trump even mentioned the people who died during hurricane Harvey. This is UNPRECEDENTED NONPRESIDENTIAL AND INHUMANE!,injured_or_dead_people,,,ROOT_VERB:mentioned|PREP(during)+POBJ(Harvey)|NER_LOC:Harvey,False,False
"UNITED HELP,INCORPORATED McPeeks Helping Hands And Terri Jean McPeek Merrills Pet Rescue 9000 Briarcroft Lane Apt 124 Laurel, Maryland 20708-1363 301-490-3333 United Help, Incorporated, is a 501(c)(3) Tax Status Youth",rescue_volunteering_or_donation_effort,,ACTION_VERB,NER_LOC:Briarcroft|NER_LOC:Lane|NER_LOC:Apt|NER_LOC:124|NER_LOC:Laurel,False,True
I leave this here for everyone that thinks the earthquake that happened in Mexico was no big deal. More than 200 people died. I was lucky,injured_or_dead_people,PREP+PROPN,,ROOT_VERB:leave|PREP(for)+POBJ(everyone)|PREP(in)+POBJ(Mexico)|NER_LOC:Mexico|ROOT_VERB:died,True,False
@WWETheBigShow have you donated to help aid people affected by the wildfire?,rescue_volunteering_or_donation_effort,,ACTION_VERB,ROOT_VERB:donated,False,True
"Mandatory evacuation for all of Charleston County beginning at noon on Monday at 9/2, per @henrymcmaster #chswx #dorian",displaced_people_and_evacuations,PREP+PROPN,,PREP(for)+POBJ(all)|NER_LOC:Charleston|NER_LOC:County|PREP(at)+POBJ(noon)|PREP(on)+POBJ(Monday),True,False
#Pathanamthitta #Verified #RebuildKerala #KeralaFloodrelief #URGENT food requirement Pls help RT/ connect to leads. Could you help @SaginaWalyat @Shudraism @Aalappuzhakaran @aksvi @ResourceKerala @joele__ @vmoorthynow @PrachetaB @revathikrishnak @ChetaKadaChaaya,requests_or_urgent_needs,,DISTRESS_SIGNAL|ACTION_VERB,ROOT_VERB:help|PREP(to)+POBJ(leads)|ROOT_VERB:help,False,True
Hurricane Harvey: Best Buy apologises for selling $43 cases of water in Texas during tropical storm  via Yahoo!,other_relevant_information,PREP+PROPN,,PREP(of)+POBJ(water)|PREP(in)+POBJ(Texas)|NER_LOC:Texas|PREP(during)+POBJ(storm)|PREP(via)+POBJ(Yahoo),True,False
Chattanooga businesses and tourist attractions welcome Hurricane Florence evacuees:  by @AllisonNC9,displaced_people_and_evacuations,,,ROOT_VERB:welcome|PREP(by)+POBJ(@AllisonNC9),False,False
Help is on the way. Join us in aiding those affected by #HurricaneIrma. Here’s what you can do:,rescue_volunteering_or_donation_effort,PREP+PROPN,ACTION_VERB,ROOT_VERB:Join,True,True
"Island of #PuertoRico destroyed by #HurricaneMaria, officials say  via @GMA",infrastructure_and_utility_damage,,,PREP(of)+POBJ(PuertoRico)|ROOT_VERB:say|PREP(via)+POBJ(@GMA),False,False
"Many roads are closed and severely damaged after Hurricane Florence. @RickLeventhal reports from Ogden, North Carolina. @ShepNewsTeam",infrastructure_and_utility_damage,PREP+PROPN,,PREP(after)+POBJ(Florence)|ROOT_VERB:reports|PREP(from)+POBJ(Ogden)|NER_LOC:Ogden|NER_LOC:North,True,False
Death toll from #Irma kept by @FLSERT is now 34 people. Up from 26 last night. Deaths attributed to storm by medical examiners. @TDOnline,injured_or_dead_people,,URGENCY_ADVERB,PREP(from)+POBJ(Irma)|ROOT_VERB:attributed|PREP(to)+POBJ(storm),False,True
Emergency declaration declared for #NewYork #NewJersey &amp; #Pennsylvania. Be prepared &amp; stay safe. #HurricaneFlorence @FMCSA,caution_and_advice,,DISTRESS_SIGNAL,ROOT_VERB:declared|PREP(for)+POBJ(NewJersey)|NER_LOC:Pennsylvania|ROOT_VERB:stay,False,True
San Diego-Based USS Lake Erie Assists Flood Victims in Sri Lanka  #news,rescue_volunteering_or_donation_effort,PREP+PROPN,,NER_LOC:San|NER_LOC:Diego|NER_LOC:-|NER_LOC:Based|NER_LOC:USS,True,False
More #Americans without safe drinking water. #HurricaneMaria was 10 days ago. #SanJuanMayor is justified in her anger w/federal response.,other_relevant_information,PREP+PROPN,,ROOT_VERB:justified|PREP(in)+POBJ(response),True,False
50m people around the world are estimated to be affected by floods in the last month-1 person in every 150,other_relevant_information,PREP+PROPN,,PREP(around)+POBJ(world)|ROOT_VERB:estimated|PREP(in)+POBJ(person)|PREP(in)+POBJ(150),True,False
"TORNADO WARNING FOR NW GALVESTON COUNTY,SE HARRIS CO. UNTIL 1215 AM..ROTATION OVER WEBSTER MOVING NORTH AT 15",caution_and_advice,,,PREP(FOR)+POBJ(COUNTY)|PREP(UNTIL)+POBJ(AM),False,False
From @TexasTribune: Heres how to get—and offer—help after #Harvey. Please share this w/ all who may need it:,rescue_volunteering_or_donation_effort,,ACTION_VERB,PREP(From)+POBJ(@TexasTribune)|PREP(after)+POBJ(Harvey)|ROOT_VERB:share,False,True
Did you know that hurricanes and other severe storms can trigger serious pest concerns that can lead to a need for pest control services? If your home is affected by the hurricane and you see an increase in bugs give us a call. ὏2(954)549-5509 #pestcontrol #HurricaneDorian,other_relevant_information,PREP+PROPN,ACTION_VERB,ROOT_VERB:know|PREP(to)+POBJ(need)|PREP(for)+POBJ(services)|PREP(in)+POBJ(bugs)|ROOT_VERB:give,True,True
"California wildfire death toll rises, Arizona firefighters to assist efforts",injured_or_dead_people,,ACTION_VERB,NER_LOC:California|NER_LOC:Arizona|ROOT_VERB:firefighters,False,True
"#FSU students, community sends Hurricane Irma relief supplies to South Florida. Thanks for donations &amp; volunteers!",rescue_volunteering_or_donation_effort,,,ROOT_VERB:sends|PREP(to)+POBJ(Florida)|NER_LOC:South|NER_LOC:Florida|PREP(for)+POBJ(donations),False,False
Not good news in many ways Denuded slopes will suffer a landslides and mudslides even as fires are extinguished.,other_relevant_information,PREP+PROPN,,PREP(in)+POBJ(ways)|ROOT_VERB:suffer,True,False
RT @IEEEorg: .@IEEEUSA MOVE is on the ground in North Carolina assisting recovery efforts for #HurricaneFlorence:,rescue_volunteering_or_donation_effort,PREP+PROPN,ACTION_VERB,PREP(in)+POBJ(Carolina)|NER_LOC:North|NER_LOC:Carolina|PREP(for)+POBJ(HurricaneFlorence),True,True
"We are dying, and you are killing us with inefficiency. Mayor of San Juan begs for aid after Hurricane Maria",requests_or_urgent_needs,,,ROOT_VERB:dying|PREP(with)+POBJ(inefficiency)|NER_LOC:San|NER_LOC:Juan|PREP(for)+POBJ(aid),False,False
"What a country what a love, what a passion what a response, National Radio Volunteers of Pakistan generously participating in earthquake relief activities #PARS #Mirpur #EarthquakeinPakistan @OfficialDGISPR @ndmapk @pid_gov @GOPunjabPK",rescue_volunteering_or_donation_effort,PREP+PROPN,,NER_LOC:Pakistan|ROOT_VERB:participating|PREP(in)+POBJ(activities),True,False
Puerto Rican legends Yadier Molina and Jorge Posada have begun Hurricane Maria relief efforts:,other_relevant_information,,,ROOT_VERB:begun,False,False
@charliecapen @Stands The #SPNFamily and GISHWES understand Semper Paratus. Coastie families thank you. #HarveyRelief #Harvey #CoastGuard,rescue_volunteering_or_donation_effort,,,ROOT_VERB:thank,False,False
#LITechNews: Florida Residents Evacuate As State Braces For Hurricane Irma #Hurricane,displaced_people_and_evacuations,,ACTION_VERB,,False,True
The @FOX5Atlanta Storm Chaser heading to South Carolina on I-95 north. To the left people are heading south away from South Carolina due to #HurricaneFlorence. #fox5atl #fox5storm,other_relevant_information,PREP+PROPN,,ROOT_VERB:heading|PREP(to)+POBJ(Carolina)|NER_LOC:South|NER_LOC:Carolina|PREP(on)+POBJ(north),True,False
The second Once in a lifetime flood in Maryland in 2 years. BBC News - Maryland flooding: Water rages through Ellicott City streets  #ClimateChange,other_relevant_information,PREP+PROPN|PROPN+LOC_NOUN|LOC_NOUN,,PREP(in)+POBJ(Maryland)|NER_LOC:Maryland|NER_LOC:Maryland|PREP(through)+POBJ(streets)|NER_LOC:Ellicott,True,False
Dorian is going to do an insane amount of damage. This hurricane is moving slow and keeps growing. Absolutely nuts.,infrastructure_and_utility_damage,,,ROOT_VERB:going|PREP(of)+POBJ(damage)|ROOT_VERB:moving,False,False
"Why is no one calling him out on those 3,000 deaths!!!",injured_or_dead_people,,,ROOT_VERB:calling|PREP(on)+POBJ(deaths),False,False
"May peace and tranquility spread upon the heart of Syrian refugee, Keralas flood affected brothers and sisters and Myanmar refugee of Bangladesh. Happy Eid Mubarak",sympathy_and_support,,,ROOT_VERB:spread|PREP(upon)+POBJ(heart)|PREP(of)+POBJ(refugee)|NER_LOC:Keralas|NER_LOC:Myanmar,False,False
Safe. Major damage to the island but thankfully not many deaths. Working on getting everything running. #HuracanMariaPR #HurricaneMaria,infrastructure_and_utility_damage,,,PREP(to)+POBJ(island)|ROOT_VERB:Working,False,False
Our #CanyonGate neighbourhood was decimated by #HurricaneHarvey a year ago and some residents are still rebuilding and recovering. That hasn’t stopped us from filling a truck with donations of materials to help #HurricaneFlorence victims with their recovery. #WhatGoodLooksLike,rescue_volunteering_or_donation_effort,PREP+PROPN,ACTION_VERB,ROOT_VERB:decimated|ROOT_VERB:stopped|PREP(with)+POBJ(donations)|PREP(of)+POBJ(materials)|PREP(with)+POBJ(recovery),True,True
"Nebraska floods: Desi &amp; the Field Innovation Team: On behalf of UNMC, we would like to express our sincerest gratitude for inspiring the hearts &amp; minds of the community in Nebraska. Elayne Saejung Director, Emergency Management @wedge_lettuce Full letter:",sympathy_and_support,PREP+PROPN,DISTRESS_SIGNAL,NER_LOC:Nebraska|PREP(On)+POBJ(behalf)|PREP(of)+POBJ(UNMC)|ROOT_VERB:like|PREP(of)+POBJ(community),True,True
All those homes and all of that wildlife GONE bc some stupid ass kids wanted to play around with fire works in a forest? Smh,other_relevant_information,PREP+PROPN,,ROOT_VERB:GONE|PREP(with)+POBJ(works)|PREP(in)+POBJ(forest)|ROOT_VERB:Smh,True,False
"@realDonaldTrump Irma victims know what a thieving conniving coward you are, If you were sincere youd pay but money is your top priority💰",not_humanitarian,,,ROOT_VERB:know,False,False
RT @10NewsWTSP: Food assistance benefits will be released early ahead of Hurricane Dorian,rescue_volunteering_or_donation_effort,,,,False,False
"RT @TheTropixs: Over 11 deaths related to Hurricane Matthew in the Caribbean, 5 in Haiti",injured_or_dead_people,PREP+PROPN,,PREP(to)+POBJ(Matthew)|PREP(in)+POBJ(Caribbean)|NER_LOC:Caribbean|NER_LOC:Haiti,True,False
"@weatherchannel What is the likelihood of Savannah, GA initiating a mandatory evacuation based upon the most up to date #Dorian path/strength models? #hurricanequestions",displaced_people_and_evacuations,,,ROOT_VERB:@weatherchannel|PREP(of)+POBJ(Savannah)|NER_LOC:Savannah|PREP(upon)+POBJ(most),False,False
Interesting @Candlewood @HolidayInn S.Main St charging customers that are trapped! #Harvey. Hmmm.opportunity for hotel to be a shelter???,not_humanitarian,,VICTIM_STATE,,False,True
Trump visits areas hit by California fires -,other_relevant_information,,,NER_LOC:California,False,False
Post #Irma damage. So watch out,infrastructure_and_utility_damage,,,ROOT_VERB:watch,False,False
"@Marmel Hi Steve, Im a white male with a gun. I am currently fundraising for Dorian. Im working with a comp-sci college to develop a mental health app for young adults. I run a D4 sports team to build men of good character. I hope that together, we can succeed against evil people.",rescue_volunteering_or_donation_effort,,,ROOT_VERB:m|PREP(with)+POBJ(gun)|ROOT_VERB:fundraising|PREP(for)+POBJ(Dorian)|ROOT_VERB:working,False,False
#EarthquakeMexico List of organisations you can donate to,rescue_volunteering_or_donation_effort,,ACTION_VERB,,False,True
The entire office and Warehouse team today volunteered to assist in loading and packing for #cycloneidai relief. Wonderful to see how much Zimbabweans have given to their kin in need. Wonderful day!,rescue_volunteering_or_donation_effort,PREP+PROPN,ACTION_VERB,ROOT_VERB:volunteered|PREP(in)+POBJ(loading)|PREP(for)+POBJ(relief)|PREP(in)+POBJ(need),True,True
"Ryerson University, downtown Toronto. I love this building! Everytime I am around here, I wanna take a bunch of pictures Just amazing! #coolbuildings #buildings #architecture #ryerson",not_humanitarian,PREP+PROPN,,NER_LOC:Toronto|ROOT_VERB:love|ROOT_VERB:wanna|PREP(of)+POBJ(pictures)|PREP(#)+POBJ(architecture),True,False
NEW PODCAST: #Harvey has wrought destruction everywhere. What now? Also a discussion about @realDonaldTrump visit.,other_relevant_information,,URGENCY_ADVERB,ROOT_VERB:wrought|PREP(about)+POBJ(visit),False,True
"NEW: White House Homeland Security Adviser Bossert says estimated 100,000 homes impacted by #Harvey.",infrastructure_and_utility_damage,,,ROOT_VERB:estimated,False,False
RT @LadyLiberty411: WHERE IS THE HELP!? Hysteria is starting to spread”: #PuertoRico is devastated in the wake of #HurricaneMaria - Vox ht,other_relevant_information,PREP+PROPN,ACTION_VERB,NER_LOC:Hysteria|ROOT_VERB:devastated|PREP(in)+POBJ(wake)|PREP(of)+POBJ(Vox),True,True
Military has mortuary teams that could help. | Maria’s death toll in Puerto Rico is higher than official count,injured_or_dead_people,PREP+PROPN,ACTION_VERB,ROOT_VERB:has|PREP(in)+POBJ(Rico)|NER_LOC:Puerto|NER_LOC:Rico,True,True
"The 2018 Kerala Floods - A few Lessons learnt, leading to a Communities-based Disaster Management Model for India  #KeralaFloods #KeralaFloodRescue #KeralaFloodRelief #disaster #disasters #GodsOwnCountry @ndmaindia @NDRFHQ @PMOIndia",not_humanitarian,,,ROOT_VERB:learnt|PREP(to)+POBJ(Model),False,False
Donate Needed Supplies to Hurricane Maria Victims at These Sites - WNYC News - WNYC #HurricaneMaria,rescue_volunteering_or_donation_effort,PREP+PROPN,ACTION_VERB,ROOT_VERB:Donate|PREP(to)+POBJ(Victims),True,True
"@davidaxelrod Thanks for your prayers, and remember theres many ways to help:",sympathy_and_support,,ACTION_VERB,PREP(for)+POBJ(prayers),False,True
Happy silver anniversary to this wonderful #familybusiness! @ Integrated Building Systems,not_humanitarian,,,PREP(to)+POBJ(familybusiness),False,False
#ItalyEarthquake: sadly the death toll has risen to 159 #PrayForItaly,injured_or_dead_people,,,PREP(to)+POBJ(PrayForItaly),False,False
"UNICEF team has arrived on the ground to assess the needs of those affected by #cycloneidai. Along wth our partners &amp; assistance from donors, were on hand to support the Govt with an initial response focused around Child Protection; &amp; Water, Sanitation &amp; Hygiene interventions.",rescue_volunteering_or_donation_effort,PREP+PROPN,,ROOT_VERB:arrived|PREP(on)+POBJ(ground)|PREP(of)+POBJ(those)|PREP(from)+POBJ(donors)|NER_LOC:Govt,True,False
In need of help to get a generator for his father In #PuertoRico #἟5἟7 #HurricaneMaria,requests_or_urgent_needs,PREP+PROPN,ACTION_VERB,PREP(of)+POBJ(help)|PREP(for)+POBJ(father)|PREP(In)+POBJ(PuertoRico),True,True
Trump: Drought-stricken Dakotas ‘better off’ than Harvey flood victims,other_relevant_information,,,PREP(than)+POBJ(victims),False,False
Why is no one talking about this. We have a president that refuses to acknowledge California. Still absolutely no mention of the fires that are burning throughout our state. Many evacuated. Many homes lost. @realDonaldTrump #CampFire #WoolseyFire,not_humanitarian,,,ROOT_VERB:talking|PREP(about)+POBJ(this)|ROOT_VERB:have|NER_LOC:California|PREP(of)+POBJ(fires),False,False
A quick explainer about how #HurricaneHarvey can affect the nation’s economy,other_relevant_information,,URGENCY_ADVERB,,False,True
"Aircraft carrier deployed from Norfolk, Va. to aid with Hurricane Matthew relief  #Matthew #HurricaneMatthew #Haiti",rescue_volunteering_or_donation_effort,PREP+PROPN,,ROOT_VERB:deployed|PREP(from)+POBJ(Norfolk)|NER_LOC:Norfolk|NER_LOC:Va.|PREP(with)+POBJ(#),True,False
#Breaking: #HurricaneDorian has now become a Category 5 storm. Catostrophic damage is likely as the storm charges towards the #Bahamas. #KVUE,infrastructure_and_utility_damage,PREP+PROPN,URGENCY_ADVERB,PREP(towards)+POBJ(Bahamas),True,True
"Volunteers deliver food, supplies to residents stuck in their homes at retirement tower",rescue_volunteering_or_donation_effort,PREP+PROPN,VICTIM_STATE,ROOT_VERB:deliver|PREP(to)+POBJ(residents)|PREP(in)+POBJ(homes)|PREP(at)+POBJ(tower),True,True
With all our hearts we pray for Kerala and hope this natural disaster passes without causing more damage to life. #KeralaFloods,sympathy_and_support,,,PREP(With)+POBJ(hearts)|ROOT_VERB:pray|PREP(for)+POBJ(Kerala)|NER_LOC:Kerala|PREP(to)+POBJ(life),False,False
"RT @itvnews: At least eight dead, including toddler, and 23 injured as Hurricane Irma hits Caribbean",injured_or_dead_people,PREP+PROPN,VICTIM_STATE,NER_LOC:RT|NER_LOC:@itvnews|ROOT_VERB:hits|NER_LOC:Caribbean,True,True
"Argy is running a crowdfund for the people affected by the disastrous wildfires in Greece that killed more then 90 atm, 200 injured and more then 2500 houses totally burnt. Please give what you can. I have dealt with argy in the past and can vouch for his trustworthiness.",rescue_volunteering_or_donation_effort,PREP+PROPN,VICTIM_STATE,ROOT_VERB:running|PREP(for)+POBJ(people)|PREP(in)+POBJ(Greece)|NER_LOC:Greece|ROOT_VERB:give,True,True
"#KeralaFloodRelief Around 700 tonne of flood relief items, including perishable food, clothes and other essentials, sent from across the country for the flood-hit victims, have piled up at Ernakulam Junction (South) Railway station.",rescue_volunteering_or_donation_effort,PREP+PROPN|LOC_NOUN,,PREP(of)+POBJ(items)|PREP(including)+POBJ(food)|PREP(for)+POBJ(victims)|ROOT_VERB:piled|PREP(at)+POBJ(station),True,False
The amount of damage in Nebraska is just staggering and heartbreaking.,sympathy_and_support,PREP+PROPN,,PREP(of)+POBJ(damage)|PREP(in)+POBJ(Nebraska)|NER_LOC:Nebraska,True,False
"Your @TexasGameWarden has &gt;336 ppl in water rescue operations across Texas for #Harvey2017, including Houston, Hardin, and Liberty Counties.",rescue_volunteering_or_donation_effort,PREP+PROPN,ACTION_VERB,ROOT_VERB:has|PREP(across)+POBJ(Texas)|NER_LOC:Texas|PREP(for)+POBJ(Harvey2017)|PREP(including)+POBJ(Houston),True,True
US: Texas bracing for #HurricaneHarvey now strengthened to category four which can cause widespread damage.,infrastructure_and_utility_damage,,URGENCY_ADVERB,NER_LOC:US|NER_LOC:Texas|ROOT_VERB:bracing|PREP(for)+POBJ(HurricaneHarvey)|PREP(to)+POBJ(category),False,True
Hurricane Harvey left serious damages to properties and infrastructures in Houston. Death toll 30. SEE MORE:,infrastructure_and_utility_damage,PREP+PROPN,,ROOT_VERB:left|PREP(to)+POBJ(properties)|PREP(in)+POBJ(Houston)|NER_LOC:Houston|ROOT_VERB:SEE,True,False
RT @dnaAfterHrs: #KeralaFloods: Virat Kohli-Anushka Sharma donate to support strays in flood-affected areas,rescue_volunteering_or_donation_effort,PREP+PROPN,ACTION_VERB,PREP(in)+POBJ(areas),True,True
"In this week’s Slant, EW’s editorial board talks about the California fires, Our Children’s Trust, a good book and more.",not_humanitarian,PREP+PROPN,,PREP(In)+POBJ(Slant)|PREP(about)+POBJ(fires)|NER_LOC:California,True,False
Thats the evil in the background people are unaware ofHouston flood waters full toxins thanks to deregulations.,other_relevant_information,PREP+PROPN,,ROOT_VERB:s|PREP(in)+POBJ(people)|PREP(to)+POBJ(deregulations),True,False
A child says thanks to a @USNavy Aircrewman after he and others were rescued from a flooded shelter. #Harvey #HarveyRelief #HoustonFlood,rescue_volunteering_or_donation_effort,PREP+PROPN,,ROOT_VERB:says|PREP(to)+POBJ(Aircrewman)|PREP(from)+POBJ(shelter),True,False
@realDonaldTrump @foxandfriends @IngrahamAngle Number of people killed by #Harvey ..18 Number of this ppl mentioned by @realDonaldTrump in a tweet ..0,injured_or_dead_people,PREP+PROPN,,PREP(of)+POBJ(people)|PREP(of)+POBJ(ppl)|PREP(in)+POBJ(tweet),True,False
THANKS TO BOTH THE RAIN THAT HELPED CONTAIN THE FIRE AND TO THE RED CROSS THAT HELPED SERVE DINNER IN SIX SHELTERS IN THE AREA! 84 PEOPLE WERE KILLED IN PARADISE AND DESTROYED THOUSANDS OF HOMES IN PARADISE BY THE CAMP FIRE!,injured_or_dead_people,PREP+PROPN|PROPN+LOC_NOUN|LOC_NOUN,,PREP(TO)+POBJ(RAIN)|ROOT_VERB:HELPED|ROOT_VERB:KILLED|PREP(IN)+POBJ(PARADISE),True,False
"@Raturirss @realDonaldTrump Instead of having a rally, the president should be going there to show support to those affected by Dorian.",not_humanitarian,,,ROOT_VERB:going,False,False
RT @AMAZlNGNATURE: Crowd cheers as a dog is rescued from the rubble following massive 7.1 M earthquake in Mexico City,rescue_volunteering_or_donation_effort,PREP+PROPN|PROPN+LOC_NOUN|LOC_NOUN,,PREP(from)+POBJ(rubble)|PREP(following)+POBJ(earthquake)|PREP(in)+POBJ(City)|NER_LOC:Mexico|NER_LOC:City,True,False
RT @MalayalamReview: Very Important Message Please People Understand the Situation Thanks Tovi #KeralaFloods,other_relevant_information,,,,False,False
"RT @ProudLiLoGirl: -Thoughts &amp; prayers are with the victims, the injured &amp; those who lost their homes. Be strong my beautiful country #Pray",sympathy_and_support,,VICTIM_STATE,ROOT_VERB:Pray,False,True
I liked a @YouTube video  Hurricane Irma: Tampa Bay Water Disappears,other_relevant_information,,,NER_LOC:Tampa|NER_LOC:Bay|NER_LOC:Water|ROOT_VERB:Disappears|NER_LOC:Disappears,False,False
Our thoughts and prayers are with those affected by #Irma. Please stay safe! Apple is proud to support #HandInHand.,sympathy_and_support,,,ROOT_VERB:stay,False,False
"In the wake of hurricane Maria, the brothers of FIJI will be collecting supplies to help those affected in Puerto Rico.Every donation helps!",rescue_volunteering_or_donation_effort,PREP+PROPN,ACTION_VERB,PREP(In)+POBJ(wake)|PREP(of)+POBJ(Maria)|PREP(of)+POBJ(FIJI)|NER_LOC:FIJI|ROOT_VERB:collecting,True,True
The death toll in the devastating California wildfires has risen to at least 23. Firefighters are battling raging blazes at both ends of drought-stricken state.,injured_or_dead_people,PREP+PROPN,,PREP(in)+POBJ(wildfires)|NER_LOC:California|ROOT_VERB:risen|PREP(to)+POBJ(23)|ROOT_VERB:battling,True,False
"Our viewers are amazing. Youve helped us raise more than $73,100 for the Red Cross. Phone lines open again at 6am @8NewsNow. #Harvey",rescue_volunteering_or_donation_effort,,,ROOT_VERB:helped|PREP(for)+POBJ(Cross)|ROOT_VERB:open|PREP(at)+POBJ(am),False,False
1600 structures reported destroyed in Canadian wildfire region. Authorities now ordered suspend rescue operations. CC horrors wont go away,infrastructure_and_utility_damage,PREP+PROPN,URGENCY_ADVERB|ACTION_VERB,PREP(in)+POBJ(region)|ROOT_VERB:ordered|ROOT_VERB:go,True,True
"Hey @BrevardEOC, the @weatherchannel is inaccurately reporting evacuation orders for Brevard. #Dorian",displaced_people_and_evacuations,,,ROOT_VERB:reporting|PREP(for)+POBJ(Brevard),False,False
"Just gave $10,000 to @bethenny B Strong for Hurricane Harvey crisis relief and encourage anyone",rescue_volunteering_or_donation_effort,,,ROOT_VERB:gave,False,False
"Were keeping our eye on the storm track in the Sunrise Emergency Operations Center. See  for details on City services, status updates, or hurricane preparedness tips. Please know your nearest shelter and touch base with your #neighbors. #PreparedNotScared",caution_and_advice,PREP+PROPN|PROPN+LOC_NOUN|LOC_NOUN,DISTRESS_SIGNAL,ROOT_VERB:keeping|PREP(on)+POBJ(track)|PREP(in)+POBJ(Center)|PREP(for)+POBJ(details)|PREP(on)+POBJ(services),True,True
RT @SkypeSupport: Our thoughts are with everyone impacted by Hurricane Maria.,sympathy_and_support,,,,False,False
Pray for BahamasὤFἿB #HKblessFlorida #Dorian2019 #HurricaneDorian #floridahurricane,sympathy_and_support,,,ROOT_VERB:Pray|PREP(for)+POBJ(BahamasὤFἿB),False,False
"Get out of my country, youre no help",not_humanitarian,,ACTION_VERB,ROOT_VERB:re,False,True
"GID issues Areal Flood Advisory for Buffalo, Dawson, Phelps [NE] till Sep 15, 11:15 PM CDT  #weather",other_relevant_information,,,NER_LOC:Dawson|NER_LOC:Phelps|PREP(till)+POBJ(Sep),False,False
RT @lindseyvonn: Praying for everyone affected by the fires in California ὤFἿB,sympathy_and_support,PREP+PROPN,,PREP(for)+POBJ(everyone)|PREP(in)+POBJ(California)|NER_LOC:California,True,False
"The staff of MiraggioComics went to donate blood to help for the near #earthquake. No fun or porn today, sorry. #prayforitaly Macerata unita",rescue_volunteering_or_donation_effort,,ACTION_VERB,PREP(of)+POBJ(MiraggioComics)|ROOT_VERB:went|PREP(for)+POBJ(earthquake),False,True
#Dorian doesnt need to hit Florida. The sideswipe alone is enough to do damage. Nobody escapes from 175MPH winds in a nearly stationary hurricane.,infrastructure_and_utility_damage,PREP+PROPN,ACTION_VERB,ROOT_VERB:need|NER_LOC:Florida|ROOT_VERB:escapes|PREP(from)+POBJ(winds)|PREP(in)+POBJ(hurricane),True,True
Cozy up to your #WeatherChannel cause when they say #Cat5 all eyes on you #HurricaneDorian You da #Renegade Going hardcore into the elements. #Wind #Rain #Water #Force #Floods Massive damage beyon the mind comprehending Remind me of my favorite rap song. #renegade. #JayZ,infrastructure_and_utility_damage,,,PREP(on)+POBJ(you)|ROOT_VERB:Going|PREP(into)+POBJ(elements)|PREP(of)+POBJ(song)|ROOT_VERB:renegade,False,False
"#HurricaneFlorence updates: As D.C. declares a state of emergency, @HStreetDC Festival has been postponed, and @DCVegFest has been cancelled. Stay tuned for more updates on the storm and cancellations in the D.C. area.",caution_and_advice,PREP+PROPN|LOC_NOUN,DISTRESS_SIGNAL,ROOT_VERB:updates|NER_LOC:D.C.|PREP(of)+POBJ(emergency)|ROOT_VERB:tuned|PREP(for)+POBJ(updates),True,True
RT @advocatemahere: Praying for all those affected and hoping lives can be saved.ὤFἿD,sympathy_and_support,,,PREP(for)+POBJ(those),False,False
"All the Nebraska schools closed because of the recent flooding have reopened, state officials said Thursday, but not before disrupting the lives of thousands of students at almost 200 schools.",other_relevant_information,PREP+PROPN,,NER_LOC:Nebraska|PREP(because)+POBJ(flooding)|ROOT_VERB:said|PREP(of)+POBJ(thousands)|PREP(of)+POBJ(students),True,False
#Breaking: 5 more confirmed dead as Harvey death toll climbs  #HurricaneHarvey,injured_or_dead_people,,,ROOT_VERB:confirmed,False,False
You are such a disturbing human. This really struck a nerve because I have a close friend that fights wild fires. You know nothing about forest fires. Just shut the fuck up you ignorant bastard!!!!,not_humanitarian,,,ROOT_VERB:struck|ROOT_VERB:know|ROOT_VERB:shut,False,False
"@realDonaldTrump Morning Reality Check Thoughts and prayers for Mar-a-Lago in the path of Hurricane Dorian. Oh, and lest we forget, here ya go",sympathy_and_support,PREP+PROPN,,PREP(for)+POBJ(Lago)|PREP(in)+POBJ(path)|PREP(of)+POBJ(Dorian)|ROOT_VERB:go,True,False
"Hurricane #Florence has created communities that are worried about the well-being of their families, their homes, and their neighbors. As leaders in their communities, #comm_colleges will do all they can to help their students, staff &amp; families. Our thoughts are with you.",sympathy_and_support,PREP+PROPN,ACTION_VERB,ROOT_VERB:created|PREP(of)+POBJ(families)|PREP(As)+POBJ(leaders)|PREP(in)+POBJ(communities)|ROOT_VERB:do,True,True
COMING UP: -- Pres. Trump says hes answered written questions from special counsel Robert Mueller -- The historic California wildfires death toll jumps -- again -- and the number of missing people surpasses 600,injured_or_dead_people,PREP+PROPN,VICTIM_STATE,ROOT_VERB:COMING|ROOT_VERB:says|PREP(from)+POBJ(Mueller)|NER_LOC:California|ROOT_VERB:wildfires,True,True
RT @TheWatchers_: 1.3 million children need humanitarian assistance after storms in Bay  #storm #flood #SriLanka #B,requests_or_urgent_needs,PREP+PROPN,ACTION_VERB,ROOT_VERB:need|PREP(after)+POBJ(storms)|PREP(in)+POBJ(#),True,True
"Just made one donation with one more coming up shortly. Glad to be on the dry side, and glad to be able to help those who aint.",rescue_volunteering_or_donation_effort,,ACTION_VERB,ROOT_VERB:made,False,True
Thoughts and prayers to our clients and travel partners in the #Bahamas and to all those affected by #HurricaneDorian,sympathy_and_support,PREP+PROPN,,PREP(to)+POBJ(clients)|PREP(in)+POBJ(#),True,False
"But the hurricanes gone! our beloved leader said just to nuke Dorian. The local newspaper did warn people not to shoot at the hurricane, and even provided a helpful illustration about how the bullet could whirl around and hit you.",sympathy_and_support,PREP+PROPN,,ROOT_VERB:gone|ROOT_VERB:said|PREP(to)+POBJ(Dorian)|ROOT_VERB:warn|PREP(at)+POBJ(hurricane),True,False
"@sasseyjudy @Tait1Kathy @beachcrazy70 @edie_rische @PustorinoGina @AthanasiaTrian1 @LiseNilsson2 @SonjaNi41294318 @SanjaHirkic @gandusio @leighduvall1 @Miss_Franco0 @nanfan15 @GHJNancy @ClanHeughan @AngusAngels @odyssey158 @OutLandAnatomy @ClanOutlandish @OutlanderHQ @brigitte_jean @Heughligans @10MinDQ @IrishOutlanders @Robin08139490 @Pennyyo79 @FansoftheScott1 @SummerPic @SabineP2908 @OutlanderUniv @EJamiHEInfinite @JAMMFWarriors @Morry313 @Lassie_1 @ornelas_dawn @DeborahHammon18 @visicilia @MamaG5439 @ElenaFadeeva3 @cecynor @mary_markssngr @mymtbrain @birgit_gerach @BernadetteClaxt @WalkerMrsetw @TartarugaTanya I’ll keep all those impacted by Dorian in my thoughts and prayers. Stay safe, Judy.❤️ὡ8",sympathy_and_support,PREP+PROPN,,ROOT_VERB:@beachcrazy70|ROOT_VERB:keep|PREP(in)+POBJ(thoughts)|ROOT_VERB:Stay|NER_LOC:Judy.,True,False
Early morning magnitude 7.5 #earthquake: Follow live updates from @geonet here  #eqnz,caution_and_advice,,,ROOT_VERB:Follow|PREP(from)+POBJ(@geonet),False,False
Stay safe :/ Hope you guys are ok #earthquake,sympathy_and_support,,,ROOT_VERB:Stay|ROOT_VERB:Hope,False,False
Please Share! And join us TONIGHT as we pray for the victims of Hurricane Harvey.,sympathy_and_support,,,ROOT_VERB:Share|ROOT_VERB:join|PREP(for)+POBJ(victims)|PREP(of)+POBJ(Harvey),False,False
Katrina to #Harvey: 12 lessons: including Go local. Race matters. Its about the water. see @Oxfamamerica blog,other_relevant_information,,,ROOT_VERB:see,False,False
"@folorunshoaye @NBCNews He only cares about white victims, Look at the twit about Dorian and Puerto Rico. Like is Puerto Ricos fault that a hurricane could hit them. He is racist and you are black. You have no shame. Trump support KKK.",not_humanitarian,PREP+PROPN,,ROOT_VERB:cares|PREP(about)+POBJ(victims)|PREP(at)+POBJ(twit)|PREP(about)+POBJ(Dorian)|NER_LOC:Puerto,True,False
More on the impact of #HurricaneIrma on our residents courtesy of @news6wkmg:,other_relevant_information,,,PREP(of)+POBJ(HurricaneIrma)|PREP(on)+POBJ(residents)|ROOT_VERB:courtesy|PREP(of)+POBJ(@news6wkmg),False,False
Please DONATE ὤF #KeralaFloods,rescue_volunteering_or_donation_effort,,ACTION_VERB,ROOT_VERB:DONATE,False,True
"RT @MrScottEddy: Waking up and seeing what happened in #Ecuador, it absolutely breaks my heart, my prayers are with everyone affected. #Ecu",sympathy_and_support,,,PREP(in)+POBJ(Ecuador)|NER_LOC:Ecuador,False,False
"@realDonaldTrump Send humanitarian aid now to the starving children, the 3+mill Americans suffering in #PuertoRico #PuertoRicoRelief",other_relevant_information,,URGENCY_ADVERB|ACTION_VERB,ROOT_VERB:Send|PREP(to)+POBJ(children)|PREP(in)+POBJ(PuertoRico),False,True
JUST IN: Death toll in Northern California wildfire increases to 42 as Butte County Sheriff announces that the remains of 13 additional people have been located today.,injured_or_dead_people,PREP+PROPN,,PREP(in)+POBJ(increases)|NER_LOC:Northern|NER_LOC:California|PREP(to)+POBJ(42)|NER_LOC:Butte,True,False
@bonitalea @RealMadRooster @MillardFillmor1 @maggieNYT What NYT will never tell you: Puerto Ricos cop telling the truth about Hurricane Marias aid,other_relevant_information,,,ROOT_VERB:tell|PREP(about)+POBJ(aid),False,False
".@ECUBrodySOM student Holly Pittard assisted in #HurricaneFlorence preparation last week, delivering water to the Walter B. Jones Center in #PittCountyNC. Thank you, Holly! #PirateNation",rescue_volunteering_or_donation_effort,,,ROOT_VERB:assisted|PREP(in)+POBJ(#)|ROOT_VERB:Thank,False,False
RT @TARCweather: 18z GFS operations is coming in and it’s a Wilmington to OBX hit. #Dorian,other_relevant_information,PREP+PROPN,,ROOT_VERB:coming|NER_LOC:Wilmington,True,False
@IowaFloodCenter Director Witold Krajewski relates Hurricane Harvey flooding to 08 floods.,not_humanitarian,,,ROOT_VERB:relates|PREP(to)+POBJ(floods),False,False
Am I the only one who have seen the overwhelming response in donations to help #CycloneIdai victims? If we can do this fellow Zimbabweans this country will never be the same! what causes toxicity in the corridors and streets? @TrevorNcube @ShingiMunyeza @zvobgoluckson1 @Mamoxn,rescue_volunteering_or_donation_effort,PREP+PROPN,ACTION_VERB,PREP(in)+POBJ(donations)|ROOT_VERB:causes|PREP(in)+POBJ(corridors)|ROOT_VERB:@TrevorNcube,True,True
Senators wedge social media complaint into debate on food assistance bill | Nebraska Legislature,other_relevant_information,,,ROOT_VERB:wedge|PREP(into)+POBJ(debate)|PREP(on)+POBJ(bill),False,False
"Hey guys, Ive lost everything in #HurricaneHarvey and need help, please spread and donate if you can",requests_or_urgent_needs,,NEED+RESOURCE|ACTION_VERB,ROOT_VERB:lost|PREP(in)+POBJ(HurricaneHarvey),False,True
@akshaykumar Pls urge @SushmaSwaraj to workout evacuation plan for our indians stuck at St. Marteen island @IndiaVenezuela #IrmaHurricane2017 #sxm,displaced_people_and_evacuations,,VICTIM_STATE,ROOT_VERB:urge|PREP(at)+POBJ(island)|NER_LOC:St.|NER_LOC:Marteen,False,True
RT @NAIDW: AMS Opens Camping Facilities For Hurricane Irma Evacuees | News Archive | Media | Atlanta Motor Speedway,displaced_people_and_evacuations,,,NER_LOC:Media,False,False
RT @alyssa__garcia: Everyone tweeting pray for Jamaica and Haiti but theyre also praying for the hurricane to hit us because they dont wa,sympathy_and_support,,,PREP(for)+POBJ(Jamaica)|NER_LOC:Jamaica|NER_LOC:Haiti,False,False
Ellicott City aftermath: Flooding hammers residents reeling from 2016  YOU SHALL KNOW MY WRATH MYSTERY BABYLON!!! @NYCityCenter @WSJPolitics @WorldBank @IMF_Group @nytimes @CNN @NewYork_SEC YOU WILL KNOW MY NAME IS THE LORD!,not_humanitarian,LOC_NOUN|PROPN+LOC_NOUN,,NER_LOC:Ellicott|NER_LOC:City|PREP(from)+POBJ(2016)|ROOT_VERB:KNOW|ROOT_VERB:@CNN,True,False
That’s a monster storm,not_humanitarian,,,ROOT_VERB:’s,False,False
"#Irma update - nothing good. More than half of Puerto Rico loses power, leaving 900,000 in the dark and nearly 50,000 without water.",infrastructure_and_utility_damage,PREP+PROPN,,PREP(of)+POBJ(Rico)|NER_LOC:Puerto|NER_LOC:Rico|ROOT_VERB:loses|PREP(in)+POBJ(dark),True,False
Riding along with @MartinFLSheriff as they go door to door in mandatory evacuation areas ahead of #HurricaneDorian @WPTV,displaced_people_and_evacuations,PREP+PROPN,,ROOT_VERB:Riding|PREP(with)+POBJ(@MartinFLSheriff)|PREP(in)+POBJ(areas),True,False
@pulte Give it to #Dorian disaster relief!!!! Bahamas and maybe SoFlo will need it!!!!,requests_or_urgent_needs,,ACTION_VERB,ROOT_VERB:Give|PREP(to)+POBJ(relief)|ROOT_VERB:need,False,True
RT @JSFillmore: Thoughts and prayers to the people of #EcuadorEarthquake - massive 7.8 hit.,sympathy_and_support,,,PREP(of)+POBJ(hit),False,False
"A message from the BC Wildfire Service: Starting at noon on Friday, open fires will be banned in most areas of",caution_and_advice,PREP+PROPN,,PREP(from)+POBJ(Service)|PREP(at)+POBJ(noon)|PREP(on)+POBJ(Friday)|ROOT_VERB:banned|PREP(in)+POBJ(areas),True,False
"The fires that tore through California in the past week reduced thousands of homes into ash, upending lives and leaving many in sudden need of shelter. A tight labor market and rising material costs will likely make rebuilding tough.",other_relevant_information,PREP+PROPN,ACTION_VERB,PREP(through)+POBJ(California)|NER_LOC:California|PREP(in)+POBJ(week)|ROOT_VERB:reduced|PREP(of)+POBJ(homes),True,True
"At 9:03 AM EDT, 3 WSW Covington [Richmond Co, NC] EMERGENCY MNGR reports FLASH FLOOD. SIDES ROAD IS CLOSED DUE TO FLOODING.",caution_and_advice,LOC_NOUN,DISTRESS_SIGNAL,ROOT_VERB:reports,True,True
"Swift water teams evacuating residents in Leland, NC @weatherchannel pattern @amhq #hurricaneflorence @ Leland, North Carolina",displaced_people_and_evacuations,PREP+PROPN,,PREP(in)+POBJ(hurricaneflorence)|NER_LOC:Leland|NER_LOC:NC|PREP(@)+POBJ(Leland)|NER_LOC:Leland,True,False
Sickening propaganda from @HeraldZimbabwe . This headline insults all the people who took part in the #CycloneIdai rescue efforts &amp; the victims of the cyclone. ED flew in a luxury jet to UAE and left his people dying. Now the Herald is saying ED leads from the front?.. NONSENSE!!,rescue_volunteering_or_donation_effort,PREP+PROPN,URGENCY_ADVERB|ACTION_VERB,ROOT_VERB:Sickening|PREP(from)+POBJ(@HeraldZimbabwe)|ROOT_VERB:insults|PREP(in)+POBJ(efforts)|PREP(of)+POBJ(cyclone),True,True
@CBSMiami @nbc6 @wsvn @WPLGLocal10 FOOD DISTRIBUTION NOW TO NOON FOR THOSE AFFECTED BY HURRICANE IRMA. PLS RETWEET.,rescue_volunteering_or_donation_effort,,URGENCY_ADVERB,ROOT_VERB:@wsvn|PREP(TO)+POBJ(NOON)|PREP(FOR)+POBJ(THOSE),False,True
This is so stupid. Why would the government start forest fires? Also this dudes photos have been debunked one of the images is from SpaceX. Climate change is right in our face and people want to deny it because theyre afraid to admit they are wrong.,not_humanitarian,PREP+PROPN,,ROOT_VERB:start|ROOT_VERB:debunked,True,False
"249th Engineer Battalion, @PittsburghUSACE Planning &amp; Response Team, contractors, &amp; @fema are in action tonight at the N.C. Incident Support Base. This team is supporting @SawUsace &amp; @AtlantaCorps to provide emergency power to life-saving &amp; life-sustaining facilities. #Florence",rescue_volunteering_or_donation_effort,PREP+PROPN,DISTRESS_SIGNAL,ROOT_VERB:supporting,True,True
"WHEELS DOWN✈️ The first @USAID-chartered flight of relief supplies is on the ground in #Beira, #Mozambique. The heavy-duty plastic sheeting, kitchen sets &amp; blankets on this plane will help more than 9,000 people affected by #CycloneIdai.",rescue_volunteering_or_donation_effort,,ACTION_VERB,PREP(of)+POBJ(supplies)|PREP(on)+POBJ(plane)|ROOT_VERB:help,False,True
"Please share links for animal hospitals/sanctuaries etc caring for animals affected by the California fire in need of support. I’ve donated to @VCAnimalService yesterday, but I’m sure there are urgencies everywhere.",rescue_volunteering_or_donation_effort,PREP+PROPN,ACTION_VERB,ROOT_VERB:share|PREP(for)+POBJ(etc)|PREP(for)+POBJ(animals)|NER_LOC:California|PREP(in)+POBJ(need),True,True
Puerto Rico food supply could be in danger #COM238,other_relevant_information,PREP+PROPN,,NER_LOC:Puerto|NER_LOC:Rico,True,False
Texas governor urges evacuation ahead of Hurricane Harvey,displaced_people_and_evacuations,,,NER_LOC:Texas|ROOT_VERB:urges,False,False
"The Paradise, California fire destroyed the town and killed a handful of residents—many of whom were burned alive as they tried to escape",injured_or_dead_people,LOC_NOUN|PROPN+LOC_NOUN,ACTION_VERB,NER_LOC:Paradise|NER_LOC:California|ROOT_VERB:destroyed|PREP(of)+POBJ(residents),True,True
"More than 300,000 homes and businesses have lost power as #Florence roars ashore. Here are the latest impacts:",infrastructure_and_utility_damage,,,ROOT_VERB:lost,False,False
A Florida city lost its drinking water after Hurricane Irma damaged a water main,infrastructure_and_utility_damage,LOC_NOUN|PROPN+LOC_NOUN,,NER_LOC:Florida|ROOT_VERB:lost,True,False
providing relief to equine/families during California fires ! Retweet!,rescue_volunteering_or_donation_effort,,,ROOT_VERB:providing|PREP(to)+POBJ(families)|PREP(during)+POBJ(fires)|NER_LOC:California|ROOT_VERB:Retweet,False,False
"Hurricane #Maria has caused major damage to #PuertoRico, even knocking our both weather radars on the Island. In",infrastructure_and_utility_damage,,,ROOT_VERB:caused|PREP(to)+POBJ(PuertoRico)|PREP(on)+POBJ(Island)|NER_LOC:Island,False,False
"@sudipto4you @sanit_attri @tobeornot_tobe @spina_per_rosa @AnupamMishra8 @ndtv @ArvindKejriwal @PMOIndia @narendramodi One of the Reason for Kerala floods, trees cut mountains destroyed to build church but NDTV wont cover since their funding coming from Vatican.",infrastructure_and_utility_damage,PREP+PROPN,,NER_LOC:@spina_per_rosa|NER_LOC:Kerala|ROOT_VERB:cut|PREP(from)+POBJ(Vatican)|NER_LOC:Vatican,True,False
Many People have abandoned pets in #KeralaFloods. Why keep pets if u dont consider them family?! If any animal is in distress in kerala &amp; needs rescuing please call - +91 8003350007. Sachin has been doing some great work in coordinating rescues. #KeralaFloodRelief #KeralaFlood,rescue_volunteering_or_donation_effort,PREP+PROPN,PLEA_PATTERN|ACTION_VERB,ROOT_VERB:abandoned|PREP(in)+POBJ(KeralaFloods)|ROOT_VERB:keep|PREP(in)+POBJ(kerala)|ROOT_VERB:rescuing,True,True
attending Resident Throwdown: A Fundraiser for California’s Wildfires at Beat Cinema,rescue_volunteering_or_donation_effort,PREP+PROPN,,ROOT_VERB:attending|NER_LOC:California,True,False
About 97% of Puerto Ricos 3.4 million people still without power + half do not have running water,other_relevant_information,,,PREP(of)+POBJ(Ricos)|NER_LOC:Puerto|PREP(without)+POBJ(power)|ROOT_VERB:running,False,False
"GoFundMe compiled list of verified GoFundMe campaigns to help victims of fires If you cant decide on a campaign or wanna help more than 1, you can also donate to their Direct Impact Fund, which supports a number of campaigns connected to California fires",rescue_volunteering_or_donation_effort,,ACTION_VERB,PREP(of)+POBJ(campaigns)|PREP(of)+POBJ(fires)|PREP(on)+POBJ(campaign)|ROOT_VERB:donate|PREP(to)+POBJ(Fund),False,True
Failing dam creates new crisis on Puerto Rico amid flooding from Hurricane Maria  — Reuters Top News (Reuters) Sep,other_relevant_information,PREP+PROPN,,ROOT_VERB:creates|PREP(on)+POBJ(Rico)|NER_LOC:Puerto|NER_LOC:Rico|PREP(amid)+POBJ(flooding),True,False
#Keralafloodrelief | Nearly a million people are housed in relief camps across Kerala. What is life inside a relief camp? Video:,other_relevant_information,PREP+PROPN,,ROOT_VERB:housed|PREP(in)+POBJ(camps)|PREP(across)+POBJ(Kerala)|NER_LOC:Kerala|PREP(inside)+POBJ(camp),True,False
Hurricane Irma 5 a.m. update: At least 10 deaths blamed on Category 5 storm,injured_or_dead_people,PREP+PROPN,,PREP(on)+POBJ(storm),True,False
"Breaking News 16 Dead, 2 Million Affected As Hurricane Matthew Slams Haiti: Emergency teams in Hait  #Followme",injured_or_dead_people,PREP+PROPN,DISTRESS_SIGNAL,PREP(in)+POBJ(Hait)|NER_LOC:Hait,True,True
"὏8AFRICA: Insane images of the devastation in #Beira, Mozambique, after tropical cyclone #Idai directly hits the city. 90% of the area destroyed. Fears the death toll in both ἟2἟F&amp; ἟F἟C Could climb to 1000 | Dasen Thathiah",injured_or_dead_people,PREP+PROPN|PROPN+LOC_NOUN|LOC_NOUN,,PREP(of)+POBJ(devastation)|PREP(in)+POBJ(Beira)|PREP(of)+POBJ(area)|ROOT_VERB:destroyed|PREP(in)+POBJ(἟2἟F&amp),True,False
A quarter of a million people have been forced from their homes statewide as the Camp Fire in the north and two other major #fires -- Woolsey and Hill -- in Southern #California burned this weekend. #fire #news,displaced_people_and_evacuations,PREP+PROPN,,PREP(of)+POBJ(people)|ROOT_VERB:forced|PREP(from)+POBJ(homes)|NER_LOC:the|NER_LOC:Camp,True,False
Planning is everything. Get your emergency plan together before #disaster strikes. #EmergencyPreparedness #nationalpreparednessmonth,caution_and_advice,,DISTRESS_SIGNAL,ROOT_VERB:Get|PREP(before)+POBJ(strikes),False,True
this is absolutely terrifying and heartbreaking. sending so many prayers to all the people who have been/will be affected by dorian. stay strong &amp; stay safe. ᾞ1,sympathy_and_support,,,PREP(to)+POBJ(people)|ROOT_VERB:affected|ROOT_VERB:stay,False,False
He already has got money from the last hurricane but there wasn’t much damage if any. But he got a mil or more for repairs. It’ll happen again. #BedbugsAtDoral he gots get ride of these pesky critters,infrastructure_and_utility_damage,PREP+PROPN,,ROOT_VERB:got|PREP(from)+POBJ(hurricane)|ROOT_VERB:got|PREP(for)+POBJ(repairs)|ROOT_VERB:happen,True,False
Walmart commits $5 million for Hurricane Maria relief,rescue_volunteering_or_donation_effort,,,ROOT_VERB:commits,False,False
A SONG FOR #CycloneIdai Victims may those that lost their lives Rest In Peace and may we keep sending love to those that survivedὤF  @4our_Zw @tudzaa @Davynewboi @maxmarijua @iMisred @chelsea_chiq ὤF,sympathy_and_support,PREP+PROPN,,PREP(FOR)+POBJ(Victims)|PREP(In)+POBJ(Peace),True,False
#HURRICANEHARVEY Nations largest refinery shuts down as Harvey floods Texas; gas  YOUR GULF COAST WEATHER AUTHORITY,infrastructure_and_utility_damage,LOC_NOUN|PROPN+LOC_NOUN,,PREP(as)+POBJ(floods)|NER_LOC:Harvey|NER_LOC:Texas,True,False
Houston police officials are evacuating two apartment complexes in Greenspoint due to rising flood waters,displaced_people_and_evacuations,PREP+PROPN,,NER_LOC:Houston|ROOT_VERB:evacuating|PREP(in)+POBJ(Greenspoint)|PREP(due)+POBJ(waters),True,False
"RT @Newsweek: Photos of the wildfires raging in Greece, which have killed at least 50 people",injured_or_dead_people,PREP+PROPN,,PREP(of)+POBJ(wildfires)|PREP(in)+POBJ(Greece)|NER_LOC:Greece,True,False
#HurricaneIrma has killed at least 6 &amp; injured many more throughout the Caribbean. Our thoughts are with the lives lost &amp; everyone impacted.,injured_or_dead_people,PREP+PROPN,VICTIM_STATE,ROOT_VERB:killed|PREP(throughout)+POBJ(Caribbean)|NER_LOC:Caribbean|ROOT_VERB:impacted,True,True
Airs are highly toxic so we recommend to stay indoors. This is now one of the deadliest fires in Californias history. Thousands of homes are destroyed in just hours. This is deviststing to the millions of people who lost their homes.,caution_and_advice,PREP+PROPN,URGENCY_ADVERB,PREP(in)+POBJ(history)|PREP(of)+POBJ(homes)|ROOT_VERB:destroyed|PREP(in)+POBJ(hours)|ROOT_VERB:deviststing,True,True
Potential Tornado Over Webster Moving N At 15 MPH. Mobile Homes May Be Damaged. Damage to Roofs #txwx #weather,infrastructure_and_utility_damage,,,ROOT_VERB:Damaged|PREP(to)+POBJ(txwx),False,False
"Whether you’re a sports fan or not, State Farm is donating $1 for the Camp fire victims for every re-tweet of this. #retweet4good",rescue_volunteering_or_donation_effort,,,ROOT_VERB:donating|PREP(for)+POBJ(victims)|NER_LOC:Camp|PREP(for)+POBJ(re)|PREP(of)+POBJ(this),False,False
#PostStorm ADAP Clients: Lost or damaged medications can be reported to your local county health department.  #Irma,caution_and_advice,,,ROOT_VERB:reported|PREP(to)+POBJ(department),False,False
The Flood Warning is cancelled for the following rivers in Florida Manatee River Near Myakka Head The Flo,caution_and_advice,PREP+PROPN|PROPN+LOC_NOUN|LOC_NOUN,,ROOT_VERB:cancelled|PREP(for)+POBJ(rivers)|PREP(in)+POBJ(River),True,False
RT @pitchfork: Alice Coltrane’s ashram was destroyed in the Woolsey Fire,infrastructure_and_utility_damage,PREP+PROPN,,ROOT_VERB:destroyed|PREP(in)+POBJ(Fire)|NER_LOC:the|NER_LOC:Woolsey|NER_LOC:Fire,True,False
The Northern and Southern part of our state has been decimated by fires. This shit is absolutely crazy.,other_relevant_information,,,PREP(of)+POBJ(state)|ROOT_VERB:decimated,False,False
Help is still much needed after the earthquake in Oaxaca [Mexico],requests_or_urgent_needs,PREP+PROPN,ACTION_VERB,ROOT_VERB:needed|PREP(after)+POBJ(earthquake)|PREP(in)+POBJ(Oaxaca)|NER_LOC:Oaxaca|NER_LOC:Mexico,True,True
"South Florida animal shelter finding pets abandoned, chained to trees ahead of Irma",other_relevant_information,,,NER_LOC:South|NER_LOC:Florida|ROOT_VERB:abandoned|PREP(to)+POBJ(trees)|NER_LOC:Irma,False,False
RT @EPA: Were helping @FEMA provide assistance to PR &amp; VI following Hurricane #Maria.,rescue_volunteering_or_donation_effort,,,ROOT_VERB:helping|PREP(to)+POBJ(PR),False,False
RT @wundernerd8: If youd like to help me rebuild from Hurricane Irma please consider donating or sharing:  /,rescue_volunteering_or_donation_effort,PREP+PROPN,ACTION_VERB,PREP(from)+POBJ(Irma),True,True
"WOW At least weve backed down from a G2-level, but the ongoing #solarstorm is still very active! #Emergency #hamradio operators &amp; #GPS search &amp; rescue #drones prepping for #HurricaneFlorence expect communication &amp; reception issues for the next 48 hours before things settle down.",other_relevant_information,PREP+PROPN,DISTRESS_SIGNAL|ACTION_VERB,ROOT_VERB:backed|PREP(from)+POBJ(level)|PREP(for)+POBJ(HurricaneFlorence)|ROOT_VERB:expect|PREP(for)+POBJ(hours),True,True
Volunteers are need to respond to #Irma – learn more about how to serve here →,other_relevant_information,,ACTION_VERB,PREP(to)+POBJ(Irma)|ROOT_VERB:learn,False,True
RT @Daily_Express: Massive earthquake DESTROYS whole town leaving at least 63 dead #Italyearthquake,injured_or_dead_people,PREP+PROPN|PROPN+LOC_NOUN|LOC_NOUN,,ROOT_VERB:DESTROYS,True,False
"RT @latoyajackson: How devastating 6.2 magnitude #earthquake, #prayers to all affected by the #ItalyEarthquake! Please continue to be #safe",sympathy_and_support,,,ROOT_VERB:continue,False,False
UPDATE: @SalvationArmyUS Disaster Service Underway After #HurricaneHarvey Makes Landfall in Texas #Harvey2017,rescue_volunteering_or_donation_effort,PREP+PROPN,,PREP(in)+POBJ(Texas)|NER_LOC:Texas,True,False
Will someone tell our Fake-Prez that #Irma hit the U.S. Virgin Islands BEFORE the FL Keys. They need help too. Why didnt he visit them?,not_humanitarian,,NEED+RESOURCE|ACTION_VERB,ROOT_VERB:tell|NER_LOC:U.S.|PREP(BEFORE)+POBJ(Keys)|ROOT_VERB:need|ROOT_VERB:visit,False,True
"#Prabhas donated 1,23,45,678/- for #KeralaFloodRelief ὄF",rescue_volunteering_or_donation_effort,,,ROOT_VERB:donated|PREP(for)+POBJ(ὄF),False,False
Nobody wants to say it but I will. California has a record number of fires happening every day because there are too many people clustered in that state. Just imagine in 2050 when California’s population is 80 million,other_relevant_information,PREP+PROPN,,ROOT_VERB:wants|NER_LOC:California|ROOT_VERB:has|PREP(of)+POBJ(fires)|PREP(in)+POBJ(state),True,False
"Sir, I am informed Kerala Government sought relief package of Rs 1200 crores fm the Centre and all it got is Rs 100 crores? Hope u will give our brother and sisters from Kerala all that they require in this hour is crisis to get their lives back in order at the earliest possible.",rescue_volunteering_or_donation_effort,PREP+PROPN,ACTION_VERB,ROOT_VERB:informed|PREP(of)+POBJ(crores)|PREP(fm)+POBJ(Centre)|NER_LOC:Centre|ROOT_VERB:give,True,True
I want to donate by yu hang my money (wallet to bank),rescue_volunteering_or_donation_effort,,ACTION_VERB,ROOT_VERB:want|PREP(by)+POBJ(yu),False,True
Evacuations Along Eastern Seaboard Ahead of Hurricane Florence  #Indiana105,displaced_people_and_evacuations,,,PREP(Along)+POBJ(Seaboard),False,False
"via @PerilofAfrica Bahama Netizens Share Dramatic Videos of Hurricane Dorian Destruction: The Bahamas has become the first stop of the extremely dangerous Category 5 Hurricane Dorian, which is forecast to ravage the islands for the rest of Sunday.",infrastructure_and_utility_damage,,,NER_LOC:Bahamas|ROOT_VERB:become|PREP(of)+POBJ(Dorian)|PREP(for)+POBJ(rest)|PREP(of)+POBJ(Sunday),False,False
"The place where Im from is and has been on fire. If youre inclined to do something kind on this Thanksgiving, please consider donating to victims of the Camp Fire.",rescue_volunteering_or_donation_effort,PREP+PROPN,,PREP(on)+POBJ(Thanksgiving)|ROOT_VERB:consider|PREP(to)+POBJ(victims)|PREP(of)+POBJ(Fire)|NER_LOC:the,True,False
"Friday, the community action partnership of Mid–Nebraska hosted a food pantry in Elm Creek to help assist those affected by the flooding. Tiffany Maddox caught up with them and has more:",rescue_volunteering_or_donation_effort,PREP+PROPN,ACTION_VERB,PREP(of)+POBJ(Mid)|NER_LOC:Nebraska|ROOT_VERB:hosted|PREP(in)+POBJ(Creek)|NER_LOC:Elm,True,True
"The Camp Fire in Northern California, which has killed 84 people, is now 95% contained, according to Cal Fire",injured_or_dead_people,PREP+PROPN,URGENCY_ADVERB,NER_LOC:Northern|NER_LOC:California|PREP(to)+POBJ(Fire),True,True
Just heard a public service announcement from @jamesbvalentine reminding people to take the time to donate to the Red Cross for Nebraska flood victims. Thanks James for taking time from your busy schedule to support your home state!,rescue_volunteering_or_donation_effort,PREP+PROPN,ACTION_VERB,ROOT_VERB:heard|PREP(from)+POBJ(@jamesbvalentine)|PREP(to)+POBJ(victims)|NER_LOC:Nebraska|PREP(from)+POBJ(schedule),True,True
WATCH: Coast Guard surveys Harvey damage on Texas Gulf Coast  - RT and follow @WebAdvisorInfo!,infrastructure_and_utility_damage,LOC_NOUN|PROPN+LOC_NOUN,,PREP(on)+POBJ(RT),True,False
"An appeal to help the survivors of cyclone Idai has been launched by the UK’s Disaster Emergency Committee (DEC). According to BBC, at least 300 people are confirmed dead in Mozambique along",injured_or_dead_people,PREP+PROPN,DISTRESS_SIGNAL|ACTION_VERB,PREP(of)+POBJ(Idai)|NER_LOC:UK|PREP(to)+POBJ(BBC)|ROOT_VERB:confirmed|PREP(in)+POBJ(Mozambique),True,True
"Yeah, thats going to get a research paper down the road. Tornado warning with catastrophic flooding. #houstonflood #houwx #txwx",caution_and_advice,LOC_NOUN,,ROOT_VERB:going|PREP(down)+POBJ(road)|ROOT_VERB:warning|PREP(with)+POBJ(flooding),True,False
Thoughts go out to victims of Hurricane Harvey. #StayStrongTexas,sympathy_and_support,,,ROOT_VERB:go|PREP(to)+POBJ(victims)|PREP(of)+POBJ(Harvey),False,False
"@rklein90 @HuffPost Instead of wasting resources housing children, our resources should be used to create schools and housing for people who have been victims of the Camp Fire.",other_relevant_information,,,ROOT_VERB:used|PREP(for)+POBJ(people)|PREP(of)+POBJ(Fire)|NER_LOC:the|NER_LOC:Camp,False,False
When a mattress store opens up for evacuees but a church wont,displaced_people_and_evacuations,,,PREP(for)+POBJ(evacuees),False,False
"Camping this weekend on Kiosk Lake in #algonquinpark was truly wonderful. From canoeing, swimming, reading by the water to cooking gourmet meals on a campfire and drinking delicious wine",not_humanitarian,PREP+PROPN,,PREP(on)+POBJ(Lake)|NER_LOC:Kiosk|NER_LOC:Lake|PREP(in)+POBJ(algonquinpark)|PREP(by)+POBJ(water),True,False
"All eyes are on Florida as Irma strikes. To friends and fans in the storms path, our thoughts are with you. Be safe.",sympathy_and_support,PREP+PROPN,,NER_LOC:Florida|NER_LOC:Irma|PREP(in)+POBJ(path),True,False
Please help my friend Paris Lincoln .. her house was burned down in LA fires she was only able to get out with a suitcase,requests_or_urgent_needs,PREP+PROPN,PLEA_PATTERN|ACTION_VERB,ROOT_VERB:help|ROOT_VERB:burned|PREP(in)+POBJ(fires)|NER_LOC:LA|PREP(with)+POBJ(suitcase),True,True
They veterinary profession must have deep involvement far away laws and rules in disaster relief of farm animals. #Florence #HurricaneFlorence #AnimalWelfare #Sustainability #OneWelfare #AWVetNet support that agenda,other_relevant_information,PREP+PROPN,,ROOT_VERB:have|PREP(in)+POBJ(relief)|PREP(of)+POBJ(animals),True,False
ἰ0὎2 #HurricaneFlorence #NorthCarolina #SouthCarolina ὀ4 ὁ0#Livestock ὁ3ὁ6#DisasterAnimals #DisasterPrep ὃ4 #Horses ὀE ὌD FB group CrowdSource Rescue is assisting #CajunNavy in #DisasterPrep &amp; moving livestock out of #Flooding areas - theyre in need of #Trailers ℹ⤵,rescue_volunteering_or_donation_effort,PREP+PROPN,ACTION_VERB,ROOT_VERB:re|PREP(in)+POBJ(need)|PREP(of)+POBJ(Trailers),True,True
"In an effort to assist in Hurricane Irma relief, we are honored to host @FLGuard at the @UCFKnights Spectrum Stadium facilities. Thank you.",rescue_volunteering_or_donation_effort,PREP+PROPN,ACTION_VERB,PREP(In)+POBJ(effort)|PREP(in)+POBJ(relief)|ROOT_VERB:honored|PREP(at)+POBJ(facilities)|NER_LOC:Spectrum,True,True
DXFD has two members leaving tomorrow morning for Raleigh NC as part of a swift water rescue team. Follow our account for live updates from this major rescue deployment. #DXFD #PCTRT,rescue_volunteering_or_donation_effort,PREP+PROPN,ACTION_VERB,ROOT_VERB:has|PREP(for)+POBJ(NC)|PREP(as)+POBJ(part)|PREP(of)+POBJ(team)|ROOT_VERB:Follow,True,True
"Zim is set to get €4 million from the EU to assist victims of the Tropical Cyclone Idai devastating floods.A total of €12 million that will be equally shared by Mozambique, Zimbabwe, and Malawi was raised by the EU and pledged EU’s continued support #CycloneIdaiZW",rescue_volunteering_or_donation_effort,PREP+PROPN,ACTION_VERB,ROOT_VERB:set|PREP(from)+POBJ(EU)|PREP(of)+POBJ(floods)|PREP(of)+POBJ(million)|NER_LOC:Mozambique,True,True
Ὢ8NEW HANOVER COUNTY - NC Ὢ8 VOLUNTARY EVACUATION ANYONE NEEDING INFO REGARDING SHELTER OR EVACUATING ASSISTANCE CALL PUBLIC INFO HOTLINE BEGINNING NOON TOMORROW (910) 798-6800 STAY UP TO DATE ---&gt;  #NewHanoverCounty #HurricaneFlorence #Florence,displaced_people_and_evacuations,,ACTION_VERB,NER_LOC:HANOVER|NER_LOC:COUNTY|NER_LOC:-|PREP(REGARDING)+POBJ(SHELTER),False,True
Hurricane Irma has completely destroyed a trailer park in the Florida Keys community of Islamorada.,infrastructure_and_utility_damage,PREP+PROPN,,ROOT_VERB:destroyed|PREP(in)+POBJ(community)|NER_LOC:Florida|PREP(of)+POBJ(Islamorada)|NER_LOC:Islamorada,True,False
"FYI, if youre headed out to KXT 91.7 Presents Sylvan Esso tonight, there will be a canned food drive for victims of #HurricaneHarvey.",other_relevant_information,,,PREP(to)+POBJ(KXT)|PREP(for)+POBJ(victims)|PREP(of)+POBJ(HurricaneHarvey),False,False
"Intensifying our efforts towards #KeralaFloodRelief, we have sent 28 small pumps to drain flood water from the interior affected areas in Kerala. These are in addition to 8 large heavy-duty Autoprime pumps delivered earlier.",rescue_volunteering_or_donation_effort,PREP+PROPN,,PREP(towards)+POBJ(KeralaFloodRelief)|ROOT_VERB:sent|PREP(from)+POBJ(areas)|PREP(in)+POBJ(Kerala)|NER_LOC:Kerala,True,False
Meanwhile the racist fake POTUS is threatening to withhold disaster relief funds so he can build a wall between us.,not_humanitarian,,,ROOT_VERB:threatening|PREP(between)+POBJ(us),False,False
Well it’s time to began the long process of trying to catalog my vinyl collection &amp; each of these cases holds 150 albums &amp; I might be 1/8 of the way there #SlowAndSteady #vinyl #album,not_humanitarian,,,,False,False
RT @GhaffarDawnNews: BREKING NEWS: according Initial reports 19 people died after #earthquake in Pakistan.,injured_or_dead_people,PREP+PROPN,,ROOT_VERB:according|PREP(after)+POBJ(earthquake)|PREP(in)+POBJ(Pakistan)|NER_LOC:Pakistan,True,False
Im in Chicago which is pretty much Gotham city so someone bring me the Batman or Ill flood the water supply w/ clown fish.,other_relevant_information,PREP+PROPN|PROPN+LOC_NOUN|LOC_NOUN,,ROOT_VERB:m|PREP(in)+POBJ(Chicago)|NER_LOC:Chicago|NER_LOC:Ill,True,False
"Evacuation shelter #HydeCounty #NC Location: Knightdale High School 100 Bryan Chalk Lane Knightdale ➡️ PET FRIENDLY shelter opens at 2pm, Tues 9/11 #HurricaneFlorence #Florence #NorthCarolina",displaced_people_and_evacuations,,,ROOT_VERB:opens|PREP(at)+POBJ(pm),False,False
"The Local 10 #CareForce is looking for supplies, other items for #Irma victims. Here’s when &amp; where to donate",rescue_volunteering_or_donation_effort,,ACTION_VERB,ROOT_VERB:looking|PREP(for)+POBJ(supplies)|PREP(for)+POBJ(victims),False,True
"Someone drove around in a truck and killed people. but #ChuckTodd feel as if #HurricaneDorian is just so important to a state that goes through the same shit every year, it’s very imperative to talk about it first! #MTP isn’t what it use to be. @MeetThePress #MTPDaily",not_humanitarian,PREP+PROPN,,ROOT_VERB:drove|PREP(in)+POBJ(truck)|PREP(through)+POBJ(shit)|ROOT_VERB:’s|PREP(about)+POBJ(it),True,False
Want to help our fellow @thecubscouts @boyscouts @venturingbsa that are in need after #Harvey? Donate via BSA,rescue_volunteering_or_donation_effort,PREP+PROPN,ACTION_VERB,ROOT_VERB:Want|ROOT_VERB:Donate|PREP(via)+POBJ(BSA),True,True
"FOX5ATLANTA reports SAN JUAN, Puerto Rico (AP) Officials say 1 person has died in Anguilla, raising Hurricane Irmas death toll to at leas",injured_or_dead_people,PREP+PROPN,,ROOT_VERB:reports|NER_LOC:SAN|NER_LOC:JUAN|NER_LOC:Puerto|NER_LOC:Rico,True,False
Our state of Kerala is witnessing one of the worst floods in our History Death Toll is rising PLEASE PRAY FOR USὤFὤFὤF #PrayForKerala #IndiaForKerala #SOSKerala,injured_or_dead_people,PREP+PROPN,,PREP(of)+POBJ(Kerala)|NER_LOC:Kerala|ROOT_VERB:witnessing,True,False
Wishing all a beautiful Friday and lovely start to the holiday weekend! Hoping all in Dorians path will make it through this storm safe and sound ~ please help each other (humans and animals).Ὁ7,sympathy_and_support,PREP+PROPN,PLEA_PATTERN|ACTION_VERB,ROOT_VERB:Wishing|PREP(to)+POBJ(weekend)|PREP(in)+POBJ(path)|PREP(through)+POBJ(storm)|ROOT_VERB:help,True,True
"U.S. - Hurricane Maria leaves Puerto Rico in darkness as heavy floods, wi-",infrastructure_and_utility_damage,PREP+PROPN,,NER_LOC:U.S.|NER_LOC:Maria|ROOT_VERB:leaves|NER_LOC:Puerto|NER_LOC:Rico,True,False
A major Air Force base was damaged in the Nebraska flood  #wuwei #today #best #news #daily #feed,infrastructure_and_utility_damage,PREP+PROPN,,ROOT_VERB:damaged|PREP(in)+POBJ(wuwei)|NER_LOC:Nebraska,True,False
"North Wayanad is most hit and isolated. We need kits with these URGENTLY. if you can help, let me know. Ill send you my address which is a collection centre. #KeralaFloodRelief 5kg rice 1kg sugar 250gm tea powder 1/2 kg salt Whole moong (cherupayar) 1 ltr cooking oil.",requests_or_urgent_needs,,URGENCY_ADVERB|ACTION_VERB,NER_LOC:North|NER_LOC:Wayanad|ROOT_VERB:hit|ROOT_VERB:need|PREP(with)+POBJ(URGENTLY),False,True
RT @Primageographer: Hurricane Matthew: one dead as violent storm makes landfall in Haiti  #geographyteacher &gt;Feelin,injured_or_dead_people,PREP+PROPN,,ROOT_VERB:makes|PREP(in)+POBJ(Haiti)|NER_LOC:Haiti,True,False
I think we the only family that didn’t go food shopping for this hurricane ᾒ3ᾒ3 #hurricandorian #Dorian2019 #Dorian,other_relevant_information,,,ROOT_VERB:think|PREP(for)+POBJ(hurricane),False,False
Starting to see damage from Marsh Harbour. #HurricaneDorian #MarshHarbour #Damage,infrastructure_and_utility_damage,PREP+PROPN,,ROOT_VERB:Starting|PREP(from)+POBJ(Harbour)|NER_LOC:Marsh|NER_LOC:Harbour,True,False
Thomas kept Wanamaker at Fowlers during Irma #EVACUATIONS #NOW  The PGA champion dropped off the stuff at his budd,displaced_people_and_evacuations,PREP+PROPN,URGENCY_ADVERB,ROOT_VERB:kept|PREP(at)+POBJ(Fowlers)|PREP(during)+POBJ(EVACUATIONS)|PREP(off)+POBJ(stuff)|PREP(at)+POBJ(budd),True,True
"If you have family that needs rescued in #PortArthur #Beaumont areas, here are numbers to call! #HurricaneHarvey",rescue_volunteering_or_donation_effort,,ACTION_VERB,PREP(in)+POBJ(areas)|NER_LOC:Beaumont,False,True
"RT @wjz: HURRICANE TASK FORCE | The 80-member search and rescue team was deployed to Columbia, SC to assist FEMA.",rescue_volunteering_or_donation_effort,,ACTION_VERB,PREP(to)+POBJ(Columbia)|ROOT_VERB:assist,False,True
Hey @narendramodi &amp; @AnupamPKher do you have any news on #earthquake in #Kashmir? @UN must ask Modi to update on earthquake in Kashmir. Its criminal that they cut phone &amp; internet. Shame! @amnesty @hrw @UNHumanRights must immediate to act. Hope Kashmiries are safe!,not_humanitarian,PREP+PROPN,,ROOT_VERB:have|PREP(on)+POBJ(earthquake)|PREP(in)+POBJ(Kashmir)|NER_LOC:Kashmir|ROOT_VERB:ask,True,False
"#Greece #GreeceFires - list of veterinarians in Attica, Preveza, Corinthia offering free services for affected animals:  #πυρκαγιες #Αττικής #disasteranimals",rescue_volunteering_or_donation_effort,PREP+PROPN,,PREP(of)+POBJ(veterinarians)|PREP(in)+POBJ(Attica)|NER_LOC:Attica|PREP(for)+POBJ(animals),True,False
"@ESYINDIA urges everyone to come forward with small contributions towards #Kerala flood relief and we will match your contributions. Remember, every little helps! Pls follow the instructions in this thread. #KeralaDonationChallenge #KeralaFloods",rescue_volunteering_or_donation_effort,PREP+PROPN,,ROOT_VERB:urges|PREP(with)+POBJ(contributions)|PREP(towards)+POBJ(relief)|ROOT_VERB:Remember|ROOT_VERB:follow,True,False
"@dongwon This links to direct-to-island aid, most fundations being by puerto ricans for puerto ricans, and not red cross:",other_relevant_information,,,ROOT_VERB:@dongwon|PREP(to)+POBJ(aid)|PREP(to)+POBJ(island)|PREP(for)+POBJ(ricans),False,False
#KollamNanbans boys are out on the field in road-sea as Volunteers for rescue operations. #KeralaFloodRelief Others are delivering essential materials for people affected by #KeralaFloods . Much more to come. Urge more youngsters to come out on the field and do their bit,rescue_volunteering_or_donation_effort,PREP+PROPN|LOC_NOUN,ACTION_VERB,ROOT_VERB:delivering|PREP(for)+POBJ(people)|ROOT_VERB:Urge|PREP(on)+POBJ(field),True,True
Read the thread. #PuertoRico #emergency #assistance,other_relevant_information,,DISTRESS_SIGNAL,ROOT_VERB:Read,False,True
"I do not miss hurricane season from my time living in Florida and up the east coast. Prayers everyone is safe and prepared, ready to evacuate as needed, and minimal property damage.",sympathy_and_support,PREP+PROPN|PROPN+LOC_NOUN|LOC_NOUN,ACTION_VERB,ROOT_VERB:miss|PREP(from)+POBJ(time)|PREP(in)+POBJ(Florida)|NER_LOC:Florida|NER_LOC:the,True,True
"11am #HurricaneDorian Advisory: Track continues to shift east but #Florida, #Georgia and the #Carolinas are still well within the forecast cone. Dangerous storm surge, coastal flooding, high winds and heavy rain threaten the entire southeast coastline into next week.",caution_and_advice,,,ROOT_VERB:continues|NER_LOC:Florida|NER_LOC:Georgia|ROOT_VERB:threaten|PREP(into)+POBJ(week),False,False
"@BettieBoop77 Are you, Dorian, ajacent?? Be careful.ὉC Hotjust, horrible, hot, here! 103 at 630? Donate, tmrw, morn Then, hiding with friendsinside!",rescue_volunteering_or_donation_effort,,ACTION_VERB,PREP(with)+POBJ(friendsinside),False,True
#CallingAllTitans Join Nissan and the American Red Cross in helping people affected by #HurricaneFlorence. Tune into Facebook Live on 9/20/18 via the @NissanUSA Facebook page for the first-ever TITAN Live Drive.,rescue_volunteering_or_donation_effort,PREP+PROPN,,PREP(into)+POBJ(Live)|PREP(via)+POBJ(page)|PREP(for)+POBJ(Drive),True,False
#HurricaneHarvey Expect oilfield flooding. Anadarko and Noble have been through this before in CO:,caution_and_advice,,,ROOT_VERB:Expect,False,False
A huge percentage of the forests in California are federally managed. Has there been any reseach into what portion of the current fires are on federal land?,not_humanitarian,PREP+PROPN,,PREP(of)+POBJ(forests)|PREP(in)+POBJ(California)|NER_LOC:California|ROOT_VERB:managed|PREP(of)+POBJ(fires),True,False
.@SpeakerRyan voted against relief for Hurricane Sandy. Hopefully hes had a change in heart for #HurricaneHarvey.,other_relevant_information,PREP+PROPN,,ROOT_VERB:voted|PREP(against)+POBJ(relief)|PREP(for)+POBJ(Sandy)|ROOT_VERB:had|PREP(in)+POBJ(heart),True,False
@salonpas Would provide back relief from all the tree work hurricane Irma left us 😝,other_relevant_information,PREP+PROPN,,ROOT_VERB:provide|PREP(from)+POBJ(Irma)|NER_LOC:Irma,True,False
"Our movement is deeply concerned about our fellow Africans in Mozambique, Malawi and Zimbabwe. Our African brothers and sisters need your immediate support! #cycloneIdai #Mozambique #Malawi #Zimbabwe #Support #AfricansRising #Donate #Unity #CycloneIdai",rescue_volunteering_or_donation_effort,PREP+PROPN,ACTION_VERB,NER_LOC:Mozambique|NER_LOC:Zimbabwe|ROOT_VERB:need,True,True
"How heartless and sick. 23 people are dead. This man has no soul, no compassion. #californiafires",injured_or_dead_people,,,ROOT_VERB:has,False,False
As some of you may know Puerto Rico was severely damaged from the path of Hurricane Maria.,infrastructure_and_utility_damage,PREP+PROPN,,NER_LOC:Puerto|NER_LOC:Rico|ROOT_VERB:damaged|PREP(from)+POBJ(path)|PREP(of)+POBJ(Maria),True,False
"Celebrate this week with a fresh Lobster Roll from @NCFishMarket in Ballantyne. Order online now, link in profile. #seafood #foodie #food #foodporn #foodblogger #yummy #foodhotography",not_humanitarian,PREP+PROPN,URGENCY_ADVERB,ROOT_VERB:Celebrate|PREP(with)+POBJ(Roll)|NER_LOC:Ballantyne|ROOT_VERB:link|PREP(in)+POBJ(profile),True,True
"I cannot help myself in doing anything except praying to Allah that I’mfar from home and my family is alone at Mirpur where the death toll is rising, great number of people injured, aftershocks are still being felt and people are in panic. Moreover the way is blocked. #earthquake",injured_or_dead_people,PREP+PROPN,VICTIM_STATE|ACTION_VERB,ROOT_VERB:help|PREP(to)+POBJ(Allah)|NER_LOC:Mirpur|PREP(of)+POBJ(people)|ROOT_VERB:blocked,True,True
Have been donating to @ReachOutWW since 2013 and will continue. You guys are a blessing for people in need of help ! 👍👏 #ThankUROWW,rescue_volunteering_or_donation_effort,PREP+PROPN,ACTION_VERB,ROOT_VERB:donating|PREP(to)+POBJ(@ReachOutWW)|PREP(since)+POBJ(2013)|PREP(for)+POBJ(people)|PREP(in)+POBJ(need),True,True
"Weve partnered with Convoy of Care for disaster relief since 2016. Many of you stepped up and donated to the victims of hurricane Harvey last year. We need your help again. On our next hour of Channel 2 Action News SundayAM, Ill show you can help Hurricane Florence victims.",rescue_volunteering_or_donation_effort,,ACTION_VERB,ROOT_VERB:partnered|PREP(with)+POBJ(Convoy)|PREP(for)+POBJ(relief)|PREP(since)+POBJ(2016)|ROOT_VERB:stepped,False,True
The Coca-Cola Foundation Pledges $1 Million to American Red Cross for Hurricane Harvey Relief,rescue_volunteering_or_donation_effort,,,,False,False
RT @ctvwinnipeg: Manitoba Urban Search and Rescue returns from front lines of Alberta wildfire: Manitobas Urban Search and Re,rescue_volunteering_or_donation_effort,PREP+PROPN,ACTION_VERB,PREP(from)+POBJ(lines)|PREP(of)+POBJ(wildfire)|NER_LOC:Alberta,True,True
"Convoy of trukcs with the Relief materials to the flood hit areas, still some people are asking what has Sangh done, whats Sangh doing!! #SanghShakthi #SevaParamoDharma",other_relevant_information,,,ROOT_VERB:asking,False,False
Nine trillion gallons of water..  #HurricaneHarvey #Houston #Environment #Weather #Meteorology,other_relevant_information,,,PREP(of)+POBJ(water),False,False
"The death toll from May 29, since the beginning of monsoon in Kerala, stands at 324, as per official figures. #KeralaFloods #KeralaRains",injured_or_dead_people,PREP+PROPN,,PREP(from)+POBJ(May)|PREP(since)+POBJ(beginning)|PREP(of)+POBJ(monsoon)|PREP(in)+POBJ(Kerala)|NER_LOC:Kerala,True,False
"A completely incompetent President, while the Bahamas are being destroyed, he could both care less and has no clue. Still believes that Climate Change is a Chinese Hoax. It will get worse. #ClimateChangeIsReal #TrumpIsADisgrace",not_humanitarian,,,NER_LOC:Bahamas|ROOT_VERB:care|ROOT_VERB:believes|ROOT_VERB:get,False,False
"Hahaha, this dude though. He has DID it again. So, why in the first place did he leave knowing fully well that that devastating cyclone was coming? A very unnecessary waste of money that would he have been diverted straightaway to the #CycloneIdai victims. Gosh #GodHelpZimbabwe",rescue_volunteering_or_donation_effort,PREP+PROPN,,NER_LOC:Hahaha|ROOT_VERB:DID|PREP(in)+POBJ(place)|ROOT_VERB:leave|PREP(of)+POBJ(money),True,False
"KJLH ENTERTAINMENT: Kanye West Donates $500,000 To California Wildfire Relief",rescue_volunteering_or_donation_effort,,,NER_LOC:California,False,False
"See how #MSF is responding to #CycloneIdai. In addition, MSF teams have also been to Rusitu, Biriri, Nyanyadzi and Junction Gate clinics for health assessments and provision of medical supplies. Today the team is conducting outreach at Marumauta Village, 27km from Chimanimani",rescue_volunteering_or_donation_effort,PREP+PROPN|PROPN+LOC_NOUN|LOC_NOUN,,ROOT_VERB:See|PREP(to)+POBJ(CycloneIdai)|NER_LOC:Rusitu|NER_LOC:Biriri|NER_LOC:Nyanyadzi,True,False
Shoutout to the selfless and brave firefighters who are leaving their homes in Colorado to fight the Camp Fire that has devestated an area the size of Longmont in Northern California,rescue_volunteering_or_donation_effort,PREP+PROPN|PROPN+LOC_NOUN|LOC_NOUN,,PREP(to)+POBJ(firefighters)|PREP(in)+POBJ(Colorado)|NER_LOC:Colorado|NER_LOC:the|NER_LOC:Camp,True,False
"@RedTRaccoon With the current trade war, its probably more profitable for hog farmers to lose their livestock and claim the loss on insurance. Look for even more this time if Dorian sits down east and floods again.",other_relevant_information,,,ROOT_VERB:@RedTRaccoon|PREP(With)+POBJ(war)|PREP(on)+POBJ(insurance)|ROOT_VERB:Look|PREP(for)+POBJ(more),False,False
"Our thoughts are with those affected by flooding across Nebraska and Iowa. Were proud of our students for stepping up to help and grateful to our staff for leading, facilitating, and supporting those efforts. READ MORE:",sympathy_and_support,,ACTION_VERB,PREP(across)+POBJ(Nebraska)|NER_LOC:Nebraska|NER_LOC:Iowa|ROOT_VERB:READ,False,True
"NEW WILDFIRE DANGER: The wildfires across California are now the deadliest and most destructive in state history -- the Woolsey Fire in Southern California roaring back to life and residents escaping the Camp Fire. @WillCarr is in Paradise, California.",other_relevant_information,PREP+PROPN,URGENCY_ADVERB,NER_LOC:NEW|NER_LOC:WILDFIRE|PREP(across)+POBJ(California)|NER_LOC:California|NER_LOC:the,True,True
"@realDonaldTrump @DebraMessing And, hes back to ME, ME, ME. What an insecure, petty, little child. One againI predict that more damage will be inflicted today by tweetstorm donnie than by hurricane Dorian.",not_humanitarian,,,ROOT_VERB:@realDonaldTrump|ROOT_VERB:predict,False,False
Its been a continuing buzzzzzz of activity since the 7.8 earthquake. Thank you to all for supporting our efforts #eqnz,rescue_volunteering_or_donation_effort,,,PREP(of)+POBJ(activity)|PREP(since)+POBJ(earthquake)|ROOT_VERB:Thank|PREP(to)+POBJ(all),False,False
@DaveMustaine pray for victims in Ecuador for yesterdays earthquake,sympathy_and_support,PREP+PROPN,,PREP(for)+POBJ(victims)|PREP(in)+POBJ(Ecuador)|NER_LOC:Ecuador|PREP(for)+POBJ(yesterdays),True,False
"Sending love to all of our human friends impacted by this tragedy. Our hearts go out to all the brave workers, volunteers, and people who are making the effort to help rescue animals, of all kinds, to safety from Californias wildfires.",sympathy_and_support,PREP+PROPN,ACTION_VERB,ROOT_VERB:Sending|ROOT_VERB:go|PREP(to)+POBJ(workers)|PREP(of)+POBJ(kinds)|PREP(to)+POBJ(safety),True,True
Osprey coming in for a landing back at Fort Myers. @VP flew aboard one of the Ospreys today for aerial survey of Irma damage &amp; flooding.,infrastructure_and_utility_damage,PREP+PROPN,,ROOT_VERB:coming|PREP(for)+POBJ(landing)|NER_LOC:Fort|NER_LOC:Myers|ROOT_VERB:flew,True,False
RT @hellyeahband: Our thoughts and prayers go out to those effected by the #Earthquake in #Ecuador stay safe and best wishes,sympathy_and_support,,,NER_LOC:RT|ROOT_VERB:go|PREP(to)+POBJ(those)|NER_LOC:Ecuador,False,False
RT @kidsleepy: I donated $100 to Puerto Rico and you can too! #kylieispregnant,rescue_volunteering_or_donation_effort,,,ROOT_VERB:donated|PREP(to)+POBJ(Rico)|NER_LOC:Puerto|NER_LOC:Rico,False,False
RT @YahooNewsUK: Injured dog found in wreckage of house gutted by Greece wildfires.,rescue_volunteering_or_donation_effort,PREP+PROPN,VICTIM_STATE,PREP(in)+POBJ(wreckage)|PREP(of)+POBJ(house)|NER_LOC:Greece,True,True
Has anyone started a pool for when President* #IQ45 will make a comment about the damage Mar A Lago has sustained post #HurricaneDorian while missing the lives impacted by a Cat4 hurricane on everyone else? #AskingForIndividual1 #OneVoice1,not_humanitarian,,VICTIM_STATE,ROOT_VERB:started|PREP(about)+POBJ(damage)|PREP(on)+POBJ(everyone),False,True
We are on our way to Mutare today to hand over our donation to the victims of #CycloneIdaiZW Follow us for live updates as we embark on our journey. #NMBBank #PurseExcellence #NMBPartnerships,rescue_volunteering_or_donation_effort,,,PREP(to)+POBJ(Mutare)|NER_LOC:Mutare|PREP(to)+POBJ(victims)|PREP(of)+POBJ(CycloneIdaiZW)|PREP(for)+POBJ(updates),False,False
"These are the first words of comfort to the thousands of displaced families who lost everything over night - homes, pets, a lifetime of me@pries - right before the Holidays - and our leader” has this to say ὄ7 No wonder the hashtag #POS has taken off for him.",not_humanitarian,,,PREP(of)+POBJ(comfort)|PREP(to)+POBJ(thousands)|PREP(of)+POBJ(families)|PREP(over)+POBJ(homes)|PREP(of)+POBJ(me@pries),False,False
Can we expect @RBI to open the gates for Indian cryptocurrency exchanges on a pilot basis so that more donations can be raised to rebuild Kerala?  cc: @PocketBitsIndia #KeralaFloods,rescue_volunteering_or_donation_effort,,,ROOT_VERB:expect|PREP(for)+POBJ(exchanges)|PREP(on)+POBJ(basis)|NER_LOC:Kerala,False,False
RT @syedaFatimahuda: Reminder Dont forget to pray Namaz e Ayaat #earthquake,sympathy_and_support,,,ROOT_VERB:forget,False,False
Hurricane Matthew: Photos of the Destruction in Haiti: The storm killed at least 25 on its path through the i,injured_or_dead_people,PREP+PROPN,,PREP(of)+POBJ(Destruction)|NER_LOC:Haiti|PREP(through)+POBJ(i),True,False
@elizabethforma Puerto Rico needs military to secure streets and drive vehicles to people who are dying w out it! #HurricaneMaria #HELP,requests_or_urgent_needs,,ACTION_VERB,ROOT_VERB:needs|PREP(to)+POBJ(people)|PREP(out)+POBJ(it),False,True
"Earthquake rescue, relief and rebuilding–It’s up to me!  on @bloglovin",rescue_volunteering_or_donation_effort,,ACTION_VERB,ROOT_VERB:’s,False,True
"Geralite 1 - Where is Rajasdan.. Geralite 2 - Near Pagisdan.., Where we donated 5 Cr for Floods..",rescue_volunteering_or_donation_effort,PREP+PROPN,,,True,False
"The people in Kerala need all the help possible, to deal with the crisis and get back on their feet. Heres some information on where and how you can help them out. #PrayForKerala #SOSKerala #KeralaFloods",rescue_volunteering_or_donation_effort,PREP+PROPN,ACTION_VERB,PREP(in)+POBJ(Kerala)|NER_LOC:Kerala|ROOT_VERB:need|PREP(with)+POBJ(crisis)|PREP(on)+POBJ(feet),True,True
RT @IAFFTreg: Hurricane Irma damage in Cudjoe Key Florida.,infrastructure_and_utility_damage,PREP+PROPN,,PREP(in)+POBJ(Florida),True,False
#PuertoRico dies while #DonaldTrump flies. #SavePuertoRico &amp; #ImpeachTrumpNOW! Please donate to any of these:  #Maria,rescue_volunteering_or_donation_effort,,ACTION_VERB,ROOT_VERB:dies|ROOT_VERB:donate|PREP(to)+POBJ(any),False,True
Flagged off a train full of relief material including food and clothing for flood victims of Kerala from Vadodara Railway Station organised by @mpvadodara and citizens of Vadodara. I salute people of Vadodara for their humanitarian approach.,rescue_volunteering_or_donation_effort,PREP+PROPN|LOC_NOUN,,ROOT_VERB:Flagged|PREP(including)+POBJ(food)|PREP(for)+POBJ(victims)|PREP(of)+POBJ(Kerala)|NER_LOC:Kerala,True,False
Hurricane Harvey Evacuees Free Admission this Friday Night.,displaced_people_and_evacuations,,,,False,False
"Donate $40 to #Food4Florence &amp; feed a hungry family of 4 for 3 days. #HurricaneFlorence has displaced families up to 40 miles inland, who are in desperate need of food/H2O, into shelters, hotels &amp; streets. CLICK TO DONATE:",rescue_volunteering_or_donation_effort,PREP+PROPN,ACTION_VERB,ROOT_VERB:Donate|PREP(to)+POBJ(#)|PREP(of)+POBJ(4)|PREP(for)+POBJ(days)|ROOT_VERB:displaced,True,True
RT @ItsAngryBob: California anon talks about the fires. #Qanon,not_humanitarian,,,NER_LOC:California|PREP(about)+POBJ(fires),False,False
"#KeralaFloods More than 500 killed, Lakhs rendered homeless, Loads of Infrastructure destroyed, 25000 Crores loss to the exchequer and still counting, Met Dept warnings unheeded by Govt - no accountability &amp; responsibility Political class made disaster - hiding behind #Nature",injured_or_dead_people,,,PREP(to)+POBJ(exchequer)|ROOT_VERB:made|PREP(behind)+POBJ(#),False,False
Please support the wonderful efforts of the @AmericanHumane in helping #rescue #pets during #HurricaneFlorence  ❤️ὃE❤️ὤFἿDὤFἿD,rescue_volunteering_or_donation_effort,PREP+PROPN,ACTION_VERB,ROOT_VERB:support|PREP(of)+POBJ(@AmericanHumane)|PREP(during)+POBJ(HurricaneFlorence),True,True
See Sac Republic FC give temporary home to victims of the Camp Fire,rescue_volunteering_or_donation_effort,,,ROOT_VERB:See|PREP(of)+POBJ(Fire)|NER_LOC:the|NER_LOC:Camp|NER_LOC:Fire,False,False
#eqnz as it affects USA,not_humanitarian,,,NER_LOC:USA,False,False
Prayers for my Muslim friends and their families and relatives in Pakistan. ὤFἿCὤFἿCὤFἿC Keep safe everyone and pray continually. No aftershocks pleeeaaasseee. ὡ4 #earthquake #Pakistan,sympathy_and_support,PREP+PROPN,,PREP(for)+POBJ(friends)|PREP(in)+POBJ(Pakistan)|NER_LOC:Pakistan|ROOT_VERB:Keep|ROOT_VERB:pleeeaaasseee,True,False
RT @urbanjibaro: The death toll in my timeline seems to be higher than what the news is reporting. We need transparency. #HurricaneMaria,injured_or_dead_people,PREP+PROPN,ACTION_VERB,PREP(in)+POBJ(timeline)|ROOT_VERB:need,True,True
#BREAKING NWS issues 3p EDT update re: #HurricaneDorian: • About 0 mi E of #GreatAbaco Island • Moving W at 7 mph • Max sust winds at 185 mph • Wind gusts over 220 mph • [L]ife-threatening situation. Residents in the #Abacos should stay in their shelter. #Dorian #Bahamas,caution_and_advice,PREP+PROPN,,PREP(of)+POBJ(Island)|PREP(at)+POBJ(winds)|PREP(over)+POBJ(mph)|PREP(in)+POBJ(Abacos)|ROOT_VERB:stay,True,False
Those affected by Hurricanes Harvey and Irma urgently need your help. Please. You can change a life. Thank you.,requests_or_urgent_needs,,URGENCY_ADVERB|ACTION_VERB,NER_LOC:Irma|ROOT_VERB:need|ROOT_VERB:change|ROOT_VERB:Thank,False,True
"Nine days after Hurricane Maria hit, criticism grows of the Trump administrations relief effort",other_relevant_information,,,ROOT_VERB:grows|PREP(of)+POBJ(effort),False,False
"#FortMcMurray wildfire: First #clearsatelliteimagesshow deserted streets, burned homes",infrastructure_and_utility_damage,,,ROOT_VERB:burned,False,False
#KeralaFloods | Green chilly sold for Rs 400/kg in Kochi as vegetable prices shoot up due to Kerala floods,other_relevant_information,PREP+PROPN,,ROOT_VERB:sold|PREP(for)+POBJ(kg)|PREP(in)+POBJ(Kochi)|NER_LOC:Kochi|NER_LOC:Kerala,True,False
"Trump is monitoring Hurricane Dorian. Just like big tech censorship, and second amendment legislative over reach, Trump is monitoring the situation as everything is destroyed! With the power of a cell phone touch screen, Trump will be watching, doing nothing!",not_humanitarian,,,ROOT_VERB:monitoring|PREP(like)+POBJ(censorship)|PREP(over)+POBJ(reach)|ROOT_VERB:monitoring|PREP(With)+POBJ(power),False,False
"Tornado Warning including Chase City VA, Clarksville VA, Boydton VA until 11:00 AM EDT",caution_and_advice,LOC_NOUN|PROPN+LOC_NOUN,,NER_LOC:Clarksville|NER_LOC:VA|NER_LOC:Boydton|NER_LOC:VA,True,False
"@mikeashcraft This is so amazing, thanks to @portcitychurch and all the other churches and volunteers who are helping our community! #HurricaneFlorence #ILMStrong",sympathy_and_support,,,PREP(to)+POBJ(@portcitychurch),False,False
RT @NZcivildefence: People on the East Coast should move to higher ground - rest of NZ stay off beaches and away from the water. #eqnz,caution_and_advice,PREP+PROPN|PROPN+LOC_NOUN|LOC_NOUN,ACTION_VERB,PREP(on)+POBJ(Coast)|NER_LOC:the|NER_LOC:East|NER_LOC:Coast|ROOT_VERB:move,True,True
RT @Andyrockz2012: #Earthquake Roads in #Pakistan Occupied #Kashmir are extensively damaged after the 5.8 magnitude #earthquake. /,infrastructure_and_utility_damage,,,PREP(in)+POBJ(Pakistan)|NER_LOC:Pakistan|ROOT_VERB:damaged|PREP(after)+POBJ(magnitude),False,False
"These Reserve Airmen are evacuating victims of Hurricane Maria in the US Virgin Islands, one of many relief efforts.",displaced_people_and_evacuations,PREP+PROPN,,ROOT_VERB:evacuating|PREP(of)+POBJ(Maria)|PREP(in)+POBJ(Islands)|NER_LOC:US,True,False
But are all these fires in California suspect to anyone else ?,not_humanitarian,PREP+PROPN,,PREP(in)+POBJ(California)|NER_LOC:California|PREP(to)+POBJ(anyone),True,False
Join us @NationalMiami Oct. 11th for a dee-lish fundraiser to help after Hurricane Irma &amp; Maria! Get tix online:,rescue_volunteering_or_donation_effort,,ACTION_VERB,ROOT_VERB:Join|PREP(after)+POBJ(Irma)|ROOT_VERB:Get,False,True
A Kenyan #immigrant was part of the @USAID @LACo_FD rescue team at #mexicoearthquake. #FuerzaMexico My report:,rescue_volunteering_or_donation_effort,,ACTION_VERB,PREP(of)+POBJ(@USAID),False,True
To everyone in areas affected by Hurricane Florence: Floodwaters can rise rapidly. Be prepared and stay safe with these flood safety resources:,caution_and_advice,PREP+PROPN,,PREP(To)+POBJ(everyone)|ROOT_VERB:rise|PREP(with)+POBJ(resources),True,False
#Houston #HoustonFlood #TexasFlood #Harvey2017 River Flooding Continues,caution_and_advice,LOC_NOUN,,ROOT_VERB:Continues,True,False
"HELP NEEDEDὤFἿE Please help the survivors of #CycloneIdai #CycloneIdaiZW in Zimbabwe by donating anything that you can give, clothes,blankets etc it would really go a long way. Please RT and share these details it would really make a difference. Anything is appreciated ὤFἿE",requests_or_urgent_needs,PREP+PROPN,PLEA_PATTERN|ACTION_VERB,ROOT_VERB:HELP|PREP(of)+POBJ(CycloneIdaiZW)|PREP(in)+POBJ(Zimbabwe)|NER_LOC:Zimbabwe|PREP(etc)+POBJ(it),True,True
My parents have an absolute mess with the Irma floods. And they honestly have minimal damage to an office villa. Others lost a lot more. 💔💔,infrastructure_and_utility_damage,,,ROOT_VERB:have|PREP(with)+POBJ(floods)|ROOT_VERB:have|PREP(to)+POBJ(villa)|ROOT_VERB:lost,False,False
"RT @KearneyHub: Bridges, roads to somewhere: The massive task of rebuilding after floods in Nebraska, Iowa",infrastructure_and_utility_damage,PREP+PROPN,,PREP(after)+POBJ(floods)|PREP(in)+POBJ(Nebraska)|NER_LOC:Nebraska|NER_LOC:Iowa,True,False
California will soon hire leaf rakers to prevent forest fires. Trump figured this out himself. Rake the Forest! LMFAO,not_humanitarian,,,NER_LOC:California|ROOT_VERB:hire|ROOT_VERB:figured|ROOT_VERB:Rake,False,False
"🚨Your emergency operations center is hard at work and the #Irma hotline is fully staffed, call 844-852-8889 with questions.🚨",rescue_volunteering_or_donation_effort,PREP+PROPN,DISTRESS_SIGNAL|ACTION_VERB,PREP(with)+POBJ(questions),True,True
@patralekha2011 @CGTNOfficial .Current disaster emergency has diminished. Stock taking now. #lka govt must draw &amp; heed lessons. Public trust in systems is low. #FloodSL,caution_and_advice,PREP+PROPN,DISTRESS_SIGNAL|URGENCY_ADVERB,ROOT_VERB:diminished|ROOT_VERB:taking|ROOT_VERB:draw|PREP(in)+POBJ(systems),True,True
Together we can make a difference helping the victims of #HurricaneHarvey by #Donating @RedCross  #disasterrelief,rescue_volunteering_or_donation_effort,,,ROOT_VERB:make|PREP(of)+POBJ(HurricaneHarvey)|PREP(by)+POBJ(#),False,False
Mahesh anna small request kerala flood relief u gives 25 lacks i gues minimum 5 cr iam not happy tamil hero vijay gives 14 cr plz sir give 5 cr i proud to tell all heros fan to ur donetion,rescue_volunteering_or_donation_effort,,,,False,False
"@MiamiHerald The islands in the path of Dorian will be totally destroyed, the islands will be changed forever and I worry that some may try to ride this out. I was in Michael and it was a nightmare. I can only pray for Bahamas, God be with these people. #HurricaneDorian",sympathy_and_support,PREP+PROPN,,PREP(in)+POBJ(path)|PREP(of)+POBJ(Dorian)|ROOT_VERB:changed|NER_LOC:Bahamas|ROOT_VERB:be,True,False
"#SCwx is very likely to see impacts from #Dorian (heavy rain, strong winds, coastal flooding, high surf). That being said, it remains to be seen whether the center will actually make landfall there. Id personally put the odds of landfall around 30-40%",other_relevant_information,,,PREP(from)+POBJ(Dorian)|ROOT_VERB:remains|ROOT_VERB:put|PREP(of)+POBJ(landfall),False,False
"@KentPitman That might change. Dorian wind speeds are up to 175 MPH and is a Cat 5 now. if it misses FL, people will breath a sigh of relief and go back to business as usual. But if it hits #AMJoy",other_relevant_information,,URGENCY_ADVERB,ROOT_VERB:change|ROOT_VERB:breath|PREP(of)+POBJ(relief),False,True
RT @lucydecoutere: Easy way to help with Wildfire Relief: Text 30333 and type in REDCROSS to make a $5 donation right away and in under a,rescue_volunteering_or_donation_effort,PREP+PROPN,ACTION_VERB,PREP(with)+POBJ(Relief)|PREP(in)+POBJ(REDCROSS),True,True
RT @Buckette84: All eyes on #Dorian. Wilmington residents are crossing their fingers that its not #Florence all over again.,other_relevant_information,,,PREP(on)+POBJ(Dorian)|ROOT_VERB:crossing,False,False
Ὢ8Ὢ8Ὢ8Ὢ8 EVACUATION LIFT UPDATE!! ὄ7ἿCὄ7ἿC,displaced_people_and_evacuations,,,,False,False
"Dear All, PepsiCo is supporting the relief camps with Aquafina &amp; Quaker oats. We already given 2 lakhs bottles. Pls call me if anybody needs Aquafina/Quaker oats. Sudeep : 9495562562 Trivandrum to Ekm evde enkilm kudivellam avashyamundenkil contact #KeralaFloods #KeralaSOS",rescue_volunteering_or_donation_effort,,ACTION_VERB,ROOT_VERB:supporting|PREP(with)+POBJ(Aquafina)|ROOT_VERB:given|ROOT_VERB:call|NER_LOC:Aquafina,False,True
RT @SteeveArul: Actor Vijay has donated 70 lakhs to #KeralaFloods . #KeralaFloodRelief,rescue_volunteering_or_donation_effort,,,ROOT_VERB:donated|PREP(to)+POBJ(KeralaFloods),False,False
"RT @rohu__: Food Available for 100 people in #ernakulam Genuine and verified DM, If needed #KeralaFloods",rescue_volunteering_or_donation_effort,,,PREP(for)+POBJ(people)|PREP(in)+POBJ(ernakulam)|NER_LOC:Genuine,False,False
"Anheuser-Busch announced Monday theyll send more than 100,000 cans of water to Nebraska to help people impacted by flooding.",rescue_volunteering_or_donation_effort,,ACTION_VERB,ROOT_VERB:announced|PREP(of)+POBJ(water)|PREP(to)+POBJ(Nebraska)|NER_LOC:Nebraska,False,True
#Barca and #Liverpool have offered their support to fund our relief measures more effectively. Hopes more football clubs joins them. #StandwithKerala #KeralaRains #KeralaFloods @TeamMessi @Cristiano @realmadrid @juventusfc @chetrisunil11 @ManUtd @ManCity @ChelseaFC @psg_inside,rescue_volunteering_or_donation_effort,,,ROOT_VERB:offered|ROOT_VERB:joins,False,False
RT @elifalduman: My prayers are with the people of Ecuador. Condolences to the families who lost their lives in the earthquake. .,sympathy_and_support,PREP+PROPN,,PREP(of)+POBJ(Ecuador)|NER_LOC:Ecuador|PREP(to)+POBJ(families)|PREP(in)+POBJ(earthquake),True,False
"9-28-17 Cerro de Punta #PuertoRico: HomelandSecurity fixing coms towers, #Hurricane #Maria damage  v/@LiveStormsMedia",infrastructure_and_utility_damage,,,,False,False
Irma update on packing 2400 hundred food boxes in Naples Florida,rescue_volunteering_or_donation_effort,PREP+PROPN,,PREP(in)+POBJ(Florida)|NER_LOC:Naples|NER_LOC:Florida,True,False
"Hurricane Florence has the potential to bring heavy rains and high winds to North Carolina this week, with the chance of inland flooding.",caution_and_advice,,,ROOT_VERB:has|NER_LOC:North|NER_LOC:Carolina|PREP(with)+POBJ(chance)|PREP(of)+POBJ(flooding),False,False
"Dispatch from Copenhagen today with 43 tonnes of supplies for children displaced by #CycloneIdai: Emergency supplies are on the way for safe water, healthcare &amp; nutrition, as well as School-in-a-Box kits, tarpaulin, tents for continued learning in temporary shelters. #CycloneIdai",rescue_volunteering_or_donation_effort,PREP+PROPN,DISTRESS_SIGNAL,PREP(from)+POBJ(Copenhagen)|PREP(with)+POBJ(tonnes)|PREP(of)+POBJ(supplies)|PREP(for)+POBJ(children)|PREP(for)+POBJ(water),True,True
"Green Bay Packers quarterback Aaron Rodgers has announced that hell donate $1,000,000 to help the victims of the California wildfires.",rescue_volunteering_or_donation_effort,,ACTION_VERB,ROOT_VERB:announced|PREP(of)+POBJ(wildfires)|NER_LOC:California,False,True
Dominican Republic was battered #HurricaneMaria. Heavy rains have triggered flooding. Red Cross is helping people get to safety.,other_relevant_information,,,NER_LOC:Dominican|NER_LOC:Republic|ROOT_VERB:battered|ROOT_VERB:triggered|ROOT_VERB:helping,False,False
Looking for a furry friend? PETSinc rescues Shelter Pets from #Irma Angela Rogers reports #abccola,rescue_volunteering_or_donation_effort,,,ROOT_VERB:Looking|PREP(for)+POBJ(friend)|ROOT_VERB:rescues|PREP(from)+POBJ(Rogers),False,False
Breaking Hurricane Harveys Death Toll Has Unfortunately Risen To 20. Developing,injured_or_dead_people,,,ROOT_VERB:Risen|PREP(To)+POBJ(20)|ROOT_VERB:Developing,False,False
A heartwarming story amid such tragedy in Butte County. I hope more families get positive news like this. The death toll of #CampFire now at 42.,injured_or_dead_people,PREP+PROPN,URGENCY_ADVERB,PREP(amid)+POBJ(tragedy)|PREP(in)+POBJ(County)|NER_LOC:Butte|NER_LOC:County|ROOT_VERB:hope,True,True
RT @akshays_Martial: Akshay sir donated 25lakhs as first installment towards Kerala Floods PROUD FAN..#KeralaFloodRelief,rescue_volunteering_or_donation_effort,PREP+PROPN,,ROOT_VERB:donated|PREP(as)+POBJ(installment)|PREP(towards)+POBJ(Floods),True,False
Do your little bit of good no matter where you go and how you are! #standforkerala #doitforkerala #KeralaFloodRelief @MyKartavya @NASSCOMfdn For monetary donations  For resource based donations,rescue_volunteering_or_donation_effort,,,ROOT_VERB:Do|PREP(of)+POBJ(good)|PREP(For)+POBJ(donations),False,False
.@marialaganga writes about a truly heroic effort to get 91 nursing home patients in Paradise to safety. The final image in the kicker is haunting,rescue_volunteering_or_donation_effort,PREP+PROPN,,ROOT_VERB:writes|PREP(about)+POBJ(effort)|PREP(in)+POBJ(Paradise)|NER_LOC:Paradise|PREP(to)+POBJ(safety),True,False
"Irma leaves a trail of damage in Apopka  #MANDATORY #EVACUATION If they order a mandatory evacuation, well close",displaced_people_and_evacuations,PREP+PROPN,,ROOT_VERB:leaves|PREP(of)+POBJ(damage)|PREP(in)+POBJ(Apopka),True,False
How to Avoid Disaster Relief Scams  #Harvey #scnews #sctweets,other_relevant_information,,,ROOT_VERB:Avoid,False,False
Pets displaced by #HurricaneIrma need a place to stay. So 100 cats and dogs hit the road with help from @ASPCA.,displaced_people_and_evacuations,LOC_NOUN,ACTION_VERB,ROOT_VERB:need|ROOT_VERB:hit|PREP(with)+POBJ(help)|PREP(from)+POBJ(@ASPCA),True,True
"RT @Newsday: A former Long Island man was among those killed in the Ecuador earthquake, his family says",injured_or_dead_people,PREP+PROPN,,NER_LOC:Long|NER_LOC:Island|PREP(in)+POBJ(earthquake)|NER_LOC:Ecuador|ROOT_VERB:says,True,False
@realDonaldTrump The California fires are real. We pay more federal taxes than any other state. To threaten emergency funding for any reason is appalling and sickening. We exist. This loss of life is devastating.,not_humanitarian,,DISTRESS_SIGNAL,NER_LOC:California|ROOT_VERB:pay|PREP(for)+POBJ(reason)|ROOT_VERB:exist|PREP(of)+POBJ(life),False,True
"BREAKING: 14 Dead, Nearly A Million w/out Power: #Florence sweeps deeper into NC &amp; DAYS of flooding lie ahead  via @newsobserver @CharlesMunn1 @ChuckBell4 @DZA13 @afaduln2 @SusanDV @Spartan2dn @Sbuttsie @sbhendershot @waltb31 @climateguyw @rag772",injured_or_dead_people,,,PREP(into)+POBJ(NC)|PREP(of)+POBJ(flooding)|PREP(via)+POBJ(@newsobserver)|ROOT_VERB:@afaduln2,False,False
"One of the hottest restaurants on the South Florida food scene, Mandolin Aegean Bistro, donated their profits to the relief effort in Greece after the devastating wildfires. Read more about their efforts&gt;&gt;  #Florida #Business",rescue_volunteering_or_donation_effort,PREP+PROPN,,PREP(on)+POBJ(scene)|NER_LOC:South|NER_LOC:Florida|ROOT_VERB:donated|PREP(to)+POBJ(effort),True,False
Great to see! Look forward to working closely together on relief efforts in the coming weeks,rescue_volunteering_or_donation_effort,PREP+PROPN,,ROOT_VERB:Look|PREP(on)+POBJ(efforts)|PREP(in)+POBJ(weeks),True,False
RT @TheSignOfFive: Indians off to help other Indians. Doc @amitsurg &amp; his team of volunteers take off for #keralaFloodRelief,sympathy_and_support,,ACTION_VERB,PREP(of)+POBJ(volunteers)|ROOT_VERB:take|PREP(for)+POBJ(keralaFloodRelief),False,True
"Tsipras’ words mean little to fire-stricken Greeks standing on ashes, says   Greek Prime Minister Alexis Tsipras faced mounting criticism on Saturday after wildfires that killed at least 88 people plunged Greece into grief just",not_humanitarian,PREP+PROPN,,PREP(on)+POBJ(ashes)|ROOT_VERB:says|PREP(on)+POBJ(Saturday)|NER_LOC:Greece|PREP(into)+POBJ(grief),True,False
"Even though #HurricaneErnesto hit #NorthCarolina, I saw people walking down #VirginiaBeach Boulevard (one of the main drags in town) in HIP- DEEP-water. It took a DAY for that water to go down. And even though the city put in better drainage since then #HurricaneFlorence",other_relevant_information,PREP+PROPN|PROPN+LOC_NOUN|LOC_NOUN,,ROOT_VERB:saw|PREP(in)+POBJ(town)|PREP(in)+POBJ(water)|ROOT_VERB:took|ROOT_VERB:put,True,False
Hurricane Irma’s Flagler damage exceeds Matthew; Volusia total continues to rise,infrastructure_and_utility_damage,,,NER_LOC:Volusia|ROOT_VERB:continues,False,False
Volunteers from the American Red Cross will be in our studios until 7PM to take your calls and donations to help families affected by Hurricane Florence. Call (614) 469-10TV (1088) You can also text REDCROSS” to 90999 or visit  #10TV,rescue_volunteering_or_donation_effort,PREP+PROPN,ACTION_VERB,PREP(from)+POBJ(Cross)|NER_LOC:Hurricane|NER_LOC:Florence|ROOT_VERB:text|PREP(to)+POBJ(90999),True,True
#Mexicos response to @realDonaldTrump tweet offers help and aid to victims of #Harvey,rescue_volunteering_or_donation_effort,,ACTION_VERB,ROOT_VERB:offers|PREP(to)+POBJ(victims)|PREP(of)+POBJ(Harvey),False,True
"@libertybells_ @nytimes @MrEddieHuang I live in Scottsbluff, Nebraska. There’s not much in the way of making money, let alone the kind of money and fame he obtained because of his predilections. His name was HUSSLE, after all. I’m more concerned with driving my neighbors to the food bank once a month.",not_humanitarian,PREP+PROPN,,ROOT_VERB:live|PREP(in)+POBJ(Scottsbluff)|NER_LOC:Scottsbluff|NER_LOC:Nebraska|ROOT_VERB:’s,True,False
Theyre like the Red Cross for animals! Team from @atlantahumane makes sure shelter animals in the path of #HurricaneFlorence evacuate to a safe place #fox5atl,rescue_volunteering_or_donation_effort,PREP+PROPN,ACTION_VERB,ROOT_VERB:re|PREP(like)+POBJ(Cross)|PREP(for)+POBJ(animals)|PREP(from)+POBJ(@atlantahumane)|NER_LOC:@atlantahumane,True,True
"Acer representatives from Kerala with Mr.Nooh Bava IAS - Honerable District Collector, Pathanamthitta, after handing over rehabilitation materials for 250 families. #KeralaFloodRelief #KeralaFloods",rescue_volunteering_or_donation_effort,PREP+PROPN|PROPN+LOC_NOUN|LOC_NOUN,,PREP(from)+POBJ(Kerala)|NER_LOC:Kerala|PREP(with)+POBJ(Collector)|PREP(for)+POBJ(families),True,False
"Were working with local, state, &amp; federal agencies to provide guidance on water quality in flooded-impacted areas:",other_relevant_information,PREP+PROPN,,ROOT_VERB:working|PREP(on)+POBJ(quality)|PREP(in)+POBJ(areas),True,False
"#Idai victims buried in mass grave in Sussundenga, at least 60 missing – #Mozambique  #CycloneIdai #CicloneIdai",missing_or_found_people,PREP+PROPN,VICTIM_STATE,PREP(in)+POBJ(grave)|PREP(in)+POBJ(Sussundenga)|NER_LOC:Sussundenga,True,True
RT @fppoulet: Where is our Government? Puerto Rico needs help.,requests_or_urgent_needs,,ACTION_VERB,NER_LOC:Puerto|NER_LOC:Rico|ROOT_VERB:needs,False,True
"As water swamps many of Houstons neighborhoods, it’s also a cautionary tale of sidelining science &amp; common sense",other_relevant_information,,,,False,False
"In Irma-devastated Virgin Islands, resolve blends with worry of being forgotten",other_relevant_information,PREP+PROPN,,PREP(In)+POBJ(Islands)|NER_LOC:Irma|NER_LOC:Virgin|NER_LOC:Islands|PREP(with)+POBJ(worry),True,False
Stay safe to all those in Petone and Lower Hutt areas with Tsunami sirens going off keep moving and stay safe! #eqnz,sympathy_and_support,PREP+PROPN,,ROOT_VERB:Stay|PREP(with)+POBJ(Tsunami)|NER_LOC:Tsunami,True,False
North Port residents assess damage afters #Irma winds ripped through the city:,infrastructure_and_utility_damage,LOC_NOUN|PROPN+LOC_NOUN,,NER_LOC:North|NER_LOC:Port|ROOT_VERB:assess|PREP(through)+POBJ(city),True,False
Well my planner and my life are completely destroyed!! Thanks Irma for ruining me!!!,infrastructure_and_utility_damage,,,ROOT_VERB:destroyed,False,False
71% High Risk Homes Uninsured for Flood in Areas Impacted by Harvey,other_relevant_information,PREP+PROPN,,,True,False
my friends boyfriend and his family lost everything in the fire in northern california if you can please donate to his gofundme or retweet to help them out Ὁ6,requests_or_urgent_needs,PREP+PROPN,ACTION_VERB,ROOT_VERB:lost|PREP(in)+POBJ(fire)|PREP(in)+POBJ(california)|NER_LOC:california|PREP(to)+POBJ(gofundme),True,True
Here is the Viral Audio Wala guy named ‘Suresh’ giving Gyan to Karyakartas.. He is the guy who asked people not to donate because only rich people are affected in #KeralaFloods,rescue_volunteering_or_donation_effort,,ACTION_VERB,NER_LOC:Karyakartas|PREP(in)+POBJ(KeralaFloods),False,True
"Rescuers are searching for a 39-year-old National Guard member Monday who was reported missing a day after he was swept away by fast-moving floodwaters in Maryland’s Ellicott City while attempting to rescue people during devastating floods, family and of",rescue_volunteering_or_donation_effort,PREP+PROPN|PROPN+LOC_NOUN|LOC_NOUN,VICTIM_STATE|URGENCY_ADVERB|ACTION_VERB,ROOT_VERB:searching|PREP(for)+POBJ(member)|PREP(in)+POBJ(City)|NER_LOC:Maryland|NER_LOC:Ellicott,True,True
"September 12, 2017 at 03:57PM Irma death toll in US rises to 10; leaves devastation in Florida Keys - ABC News read more @ www.brightbeg",injured_or_dead_people,PREP+PROPN,,PREP(in)+POBJ(US)|NER_LOC:US|PREP(to)+POBJ(10)|ROOT_VERB:leaves|PREP(in)+POBJ(News),True,False
UC Davis Veterinary Medical Teaching Hospital has been hosting a menagerie of farm animals rescued from the devasting #CampFire in Butte County.”,rescue_volunteering_or_donation_effort,PREP+PROPN,,NER_LOC:UC|ROOT_VERB:hosting|PREP(of)+POBJ(animals)|PREP(from)+POBJ(devasting)|NER_LOC:Butte,True,False
Please help by giving - even if its $5-10 dollars! ❤️,rescue_volunteering_or_donation_effort,,PLEA_PATTERN|ACTION_VERB,ROOT_VERB:help,False,True
RT @dharmadispatch: Remember how Gujarat Cong MLAs ran away to Karnataka during floods there?,not_humanitarian,,,ROOT_VERB:Remember|NER_LOC:Karnataka|PREP(during)+POBJ(floods),False,False
.@PrimeministerGR Alexis Tsipras declares 3-day national mourning period for dozens killed by wildfires near Athens. #AthensFires #φωτιες #PrayForGreece #PrayForAthens #πυρκαγια,sympathy_and_support,PREP+PROPN,,ROOT_VERB:declares|PREP(for)+POBJ(dozens)|PREP(near)+POBJ(Athens)|NER_LOC:Athens,True,False
"Today, 1 month after #CycloneIdai hit, we were the 1st to reach J Manguena health post, and found 2 heroes: Albertina &amp; Maria. No water, no electricity, no phone, no medicines..working 24/7 saving lives, and still smiling. @PunainenRisti @redcrosscanada @ifrc Pic1 @Angelaislost",rescue_volunteering_or_donation_effort,,,ROOT_VERB:@Angelaislost,False,False
"RT @SherySyed2: #Pakistan after Magnitude 5.8 #Earthquake Emergency declared in Azad Kashmir Road in #Mirpur, #AJK",caution_and_advice,PREP+PROPN|LOC_NOUN,DISTRESS_SIGNAL,PREP(in)+POBJ(Road)|NER_LOC:Azad|NER_LOC:Kashmir|NER_LOC:Road|PREP(in)+POBJ(Mirpur),True,True
"Please, please, please go back out into the ocean and leave us all alone. My thoughts are w the people of the Bahamas.",other_relevant_information,,,ROOT_VERB:go|PREP(into)+POBJ(ocean)|PREP(of)+POBJ(Bahamas)|NER_LOC:Bahamas,False,False
"Emergency has been declared in Mirpur, Azad Kashmir. #PakArmy has also mobilized its rescue teams. Due to shortage of space in hospitals, injured are being treated on roadsides. Communication and electrical infrastructure has been badly effected. #earthquake",caution_and_advice,PREP+PROPN,DISTRESS_SIGNAL|VICTIM_STATE|ACTION_VERB,ROOT_VERB:declared|PREP(in)+POBJ(Mirpur)|ROOT_VERB:mobilized|PREP(Due)+POBJ(shortage)|PREP(of)+POBJ(space),True,True
RT @MorningStarCCC: We pray for those affected by the earthquake in Ecuador. #PrayForEcuador #peace #Healing #Morningstarccc,sympathy_and_support,PREP+PROPN,,ROOT_VERB:pray|PREP(for)+POBJ(those)|PREP(in)+POBJ(Ecuador)|NER_LOC:Ecuador,True,False
RT @Iconix22: #ymmhelps #FortMacFire #ymmfire #FortMcMurray An Angel with its wings spread trying to put out the fires,other_relevant_information,,,ROOT_VERB:spread,False,False
If you want to file Insurance against any Insurance company. California Wildfire Lawerys has the best guidelines for you to claim your compensation for the damages in a fire. for more help to visit.  #Insurance # Damage,other_relevant_information,PREP+PROPN,ACTION_VERB,ROOT_VERB:want|PREP(against)+POBJ(company)|NER_LOC:California|ROOT_VERB:has|PREP(for)+POBJ(damages),True,True
"RT @purposhes: please, sign this petition to help all the victims἞E἟9  #PrayingForItaly #prayforitaly",rescue_volunteering_or_donation_effort,,ACTION_VERB,ROOT_VERB:sign,False,True
"@DomajorReminor Theyre just asking for a storm to come and destroy their homes and cities. September is peak hurricane season, Dorian might not be the only one.",not_humanitarian,,,ROOT_VERB:asking,False,False
"#KanyeWest has donated $500,000 to the relief efforts following the devastating wildfires in California.",rescue_volunteering_or_donation_effort,PREP+PROPN,,ROOT_VERB:donated|PREP(to)+POBJ(efforts)|PREP(in)+POBJ(California)|NER_LOC:California,True,False
"#MegastarChiranjeevis mother Anjana Devi has donated Rs.1 lakh, #Chiranjeevi and #RamCharan donate Rs.25 lakhs each and #Upasana is going to donate medicines worth Rs.10 lakhs towards #KeralaFloodRelief #KeralaFloods #SaveKerala #HelpKerala",rescue_volunteering_or_donation_effort,,ACTION_VERB,ROOT_VERB:donated|PREP(towards)+POBJ(KeralaFloodRelief),False,True
Kappa Sig will be donating $0.25 for every RT and $0.10 for every like this tweet gets towards #HurricaneHarvey relief efforts in Houston.,rescue_volunteering_or_donation_effort,PREP+PROPN,,ROOT_VERB:donating|PREP(for)+POBJ(RT)|PREP(towards)+POBJ(efforts)|PREP(in)+POBJ(Houston)|NER_LOC:Houston,True,False
‘How are we going to survive here?’ Florida residents assess damage after Irma’s destruction.,infrastructure_and_utility_damage,,,ROOT_VERB:going|NER_LOC:Florida|ROOT_VERB:assess|PREP(after)+POBJ(destruction),False,False
Nearly 65% of Florida stations are out of gas in some areas as Hurricane Irma nears,other_relevant_information,PREP+PROPN,,PREP(of)+POBJ(stations)|NER_LOC:Florida,True,False
RT @InUthdotcom: #KeralaFloods: Snakes &amp; crocodiles are invading homes #KeralaFloodRelief #KeralaSOS,caution_and_advice,,,ROOT_VERB:invading,False,False
A World War II veteran displaced by the wildfires in Northern California has been taken in by a couple who he calls his saviors.”,displaced_people_and_evacuations,PREP+PROPN,,PREP(in)+POBJ(California)|NER_LOC:Northern|NER_LOC:California|ROOT_VERB:taken,True,False
What is the status of California? all the updates Im seeing are old. are the fires contained yet?,not_humanitarian,,,PREP(of)+POBJ(California)|NER_LOC:California|ROOT_VERB:contained,False,False
"(1/2) A big THANK YOU to @DominionEnergy for dropping off 3,000 CASES of water at our Harvest Hope Columbia branch. This water will help first responders and #HurricaneFlorence victims across South Carolina.",rescue_volunteering_or_donation_effort,PREP+PROPN,ACTION_VERB,ROOT_VERB:THANK|PREP(to)+POBJ(@DominionEnergy)|PREP(of)+POBJ(water)|PREP(at)+POBJ(branch)|NER_LOC:Harvest,True,True
White House Urged to Step Up Relief Effort via @NYTimes Trump preforming Abortions on US citizens in P R @cspanwj,rescue_volunteering_or_donation_effort,PREP+PROPN,,ROOT_VERB:Urged|PREP(via)+POBJ(@NYTimes)|NER_LOC:US|PREP(in)+POBJ(@cspanwj),True,False
Speaking as a recent guest of the Cajun Navys #harvey evacuation. Yeahno. They will shoot back.,displaced_people_and_evacuations,,,ROOT_VERB:Speaking|PREP(as)+POBJ(guest)|PREP(of)+POBJ(evacuation)|NER_LOC:Cajun|ROOT_VERB:shoot,False,False
"Harvey flooding in Texas causes blasts at chemical plant, transforms a city into an island  #Harvey2017",other_relevant_information,PREP+PROPN|LOC_NOUN,,PREP(in)+POBJ(Texas)|NER_LOC:Texas|ROOT_VERB:causes|PREP(at)+POBJ(plant)|PREP(into)+POBJ(island),True,False
"24.9.19 Massive earthquake with magnitude 5.8-6.1 We lost many lives, leaving many injured and a great loss to infrastructure. May Allah have mercy on all of us. #EarthquakeinPakistan #earthquake",injured_or_dead_people,,VICTIM_STATE,PREP(with)+POBJ(magnitude)|ROOT_VERB:lost|PREP(to)+POBJ(infrastructure)|ROOT_VERB:have|PREP(on)+POBJ(all),False,True
My pieces for sale at the Relief for Mexico fundraiser- 100% goes to earthquake relief in Mexico — attending Relief for Mexico Fundraiser,rescue_volunteering_or_donation_effort,PREP+PROPN,,PREP(for)+POBJ(sale)|PREP(at)+POBJ(Relief)|NER_LOC:Mexico|ROOT_VERB:goes|PREP(to)+POBJ(relief),True,False
"Extreme damage to a laundromat in Rockport, Texas. All walls and roof gone ! Only washing machines left behind. #HurricaneHarvey",infrastructure_and_utility_damage,PREP+PROPN,,PREP(to)+POBJ(laundromat)|PREP(in)+POBJ(Rockport)|NER_LOC:Rockport|NER_LOC:Texas|ROOT_VERB:gone,True,False
"#Florences forecast track continues to shift further south and unfortunately the possibility that it stalls out *just* offshore of the Carolinas late in the week is increasing. That means a prolonged period of hurricane-force winds, storm surge, and very dangerous flooding.",caution_and_advice,PREP+PROPN,,ROOT_VERB:continues|NER_LOC:Carolinas|ROOT_VERB:means|PREP(of)+POBJ(winds),True,False
Rains from #Harvey will lead to catastrophic &amp; life threatening flooding across the region for the next several days! #TurnAroundDontDrown,infrastructure_and_utility_damage,,,PREP(from)+POBJ(Harvey)|ROOT_VERB:lead|PREP(to)+POBJ(catastrophic)|PREP(across)+POBJ(region)|PREP(for)+POBJ(days),False,False
RT @WorldwideHerald: #Calgary — Wildfire evacuees line up across Alberta for financial assistance  #yyc,displaced_people_and_evacuations,,,ROOT_VERB:line|PREP(across)+POBJ(Alberta)|NER_LOC:Alberta|PREP(for)+POBJ(assistance),False,False
From #NPC sittings today;councilors paid two minute silence for those who were killed in Southern floods &amp; prayed speedy recovery #FloodSL,sympathy_and_support,PREP+PROPN,,PREP(From)+POBJ(sittings)|ROOT_VERB:paid|PREP(for)+POBJ(those)|PREP(in)+POBJ(floods),True,False
Need help! Go to my facebook page @idlifeLoganStout for detailed updates! #Harvey,requests_or_urgent_needs,,NEED+RESOURCE|ACTION_VERB,ROOT_VERB:Need|ROOT_VERB:Go|PREP(to)+POBJ(page)|PREP(for)+POBJ(updates),False,True
RT @bigbarkerusa: Rescuers Save Dog Trapped Under Rubble After Mexico’s Earthquake” ὣ1἟2἟D,rescue_volunteering_or_donation_effort,,VICTIM_STATE|ACTION_VERB,PREP(Under)+POBJ(Rubble)|PREP(After)+POBJ(Earthquake)|NER_LOC:Mexico,False,True
"if any Maryland residents want to thank someone for this, thank @GovLarryHogan and his anti-tax, anti-planned-development crusade #electionsmatter #elections2018",not_humanitarian,,,NER_LOC:Maryland,False,False
"Earthquake - 7.1 - 5km ENE of Raboso, Mexico: EARTHQUAKE (WARNING)",caution_and_advice,,,NER_LOC:Raboso|NER_LOC:Mexico,False,False
"Damage very serious as Hurricane Matthew slams Haiti, Cuba -  via",infrastructure_and_utility_damage,,,ROOT_VERB:Damage|NER_LOC:Haiti|NER_LOC:Cuba,False,False
"@Franklin_Graham @ChristopherHull @POTUS Well said @Franklin_Graham it is well orchestrated with Dem money, Beto sent $$ and George SOROS open society fnd. Even Mexicans calling invasion, Mexico offered jobs, caravan turned down, ground for asylum now void! We have Camp Fire citizens need help not caravan! #RuleOfLaw",not_humanitarian,,NEED+RESOURCE|URGENCY_ADVERB|ACTION_VERB,ROOT_VERB:said|NER_LOC:Mexico|ROOT_VERB:turned|PREP(for)+POBJ(asylum)|ROOT_VERB:have,False,True
"@Alexx_Shmalex Due to the power outages during Hurricane Irma, our network has been affected in some areas. We would be happy to",infrastructure_and_utility_damage,PREP+PROPN,,PREP(Due)+POBJ(outages)|PREP(during)+POBJ(Irma)|ROOT_VERB:affected|PREP(in)+POBJ(areas),True,False
"Swift payment of disaster relief to #fire victims a top priority, @c_spirtzis says - #Greecefires",rescue_volunteering_or_donation_effort,,,PREP(of)+POBJ(relief)|PREP(to)+POBJ(victims)|ROOT_VERB:says,False,False
‼️‼️ more info on how to reach the #CajunNavy for rescue help -including via text 👇🏻👇🏻‼️‼️ #HoustonFlood #HoustonSOS #Harvey,rescue_volunteering_or_donation_effort,,ACTION_VERB,PREP(for)+POBJ(help)|ROOT_VERB:-including|PREP(via)+POBJ(text),False,True
Bets are open as to how many historic disasters the US will have to endure before it joins intl #ClimateChange mitigation efforts. 🤔,other_relevant_information,,,NER_LOC:US,False,False
Please #pray for us — all the people on the #EastCoast in the potential path of #HurricaneFlorence! And pray against this possibly #catastrophic #storm and other #hurricanes and #tropical storm systems! Thank you!,sympathy_and_support,PREP+PROPN,,ROOT_VERB:pray|PREP(on)+POBJ(#)|PREP(of)+POBJ(HurricaneFlorence)|ROOT_VERB:pray|PREP(against)+POBJ(storm),True,False
RT @101stAASLTDIV: There are rumors that @USArmy Soldiers were told not to rescue pets. This is FALSE! #OldAbeApproves,rescue_volunteering_or_donation_effort,,ACTION_VERB,ROOT_VERB:are|ROOT_VERB:told,False,True
"Yo, everyone in the path of Florence. My home was destroyed by Hurricane Katrina while I was inside of it, and I was forced to move. Before that one, I had been through countless other hurricanes. All it takes is one. Please stay safe and get supplies.",caution_and_advice,PREP+PROPN,ACTION_VERB,PREP(of)+POBJ(Florence)|ROOT_VERB:destroyed|ROOT_VERB:stay,True,True
"@realDonaldTrump Obama offered amnesty 4 every natural disaster; hurricane, water, earthquake &amp;epidemic. When Amercns need most help, we dilute 4 illegals.",not_humanitarian,,ACTION_VERB,ROOT_VERB:offered|ROOT_VERB:dilute,False,True
RT @Aaron8News: AT 11: Staff at Puerto Rican Bakery &amp; Café are pitching in to help victims of Hurricane Maria living in PR. @8NEWS /,rescue_volunteering_or_donation_effort,PREP+PROPN,ACTION_VERB,PREP(at)+POBJ(Bakery)|ROOT_VERB:pitching|PREP(of)+POBJ(Maria)|PREP(in)+POBJ(PR),True,True
"National Airlines flies 70 tonnes of relief aid to Mozambique Orlando-based National Airlines has carried 70 tonnes of relief materials from the Canadian Red Cross Society to the victims affected by cyclone Idai in Mozambique, using a",rescue_volunteering_or_donation_effort,PREP+PROPN,,ROOT_VERB:flies|PREP(of)+POBJ(aid)|PREP(to)+POBJ(Airlines)|PREP(of)+POBJ(materials)|PREP(from)+POBJ(Society),True,False
Prayers with those affected by the earthquake. May Allah protect us from all forms of calamities #AzadKashmir #Earthquake.,sympathy_and_support,PREP+PROPN,,PREP(with)+POBJ(those)|ROOT_VERB:protect|PREP(from)+POBJ(forms)|PREP(of)+POBJ(calamities),True,False
a #Concord #Massachusetts church helps #HurricaneHarvey victims,rescue_volunteering_or_donation_effort,,,NER_LOC:Massachusetts|ROOT_VERB:helps,False,False
"Water from the Mullaperiyar dam caused #floods &amp; #havoc in #Kerala#KeralaGovt in #SC, a direct accusation at #Tamilnadu. The #Tamilians who donated in lakhs must have been shocked at seeing this #invectives. (சும்மாவா சொன்னாங்க, பாத்திரமறிந்து பிச்சையிடுனு)",rescue_volunteering_or_donation_effort,PREP+PROPN,,PREP(from)+POBJ(dam)|ROOT_VERB:caused|PREP(in)+POBJ(Kerala#KeralaGovt)|PREP(in)+POBJ(SC)|PREP(at)+POBJ(Tamilnadu),True,False
"Thank God there is someone who cares for our suffering countrymen and Kashmiri brethren. The government has not awakened from its toxic slumber, while its official mouthpiece (Advisor on Information) could only mock &amp; joke about the tragedy of the earthquake &amp; the deaths/injuries",not_humanitarian,PREP+PROPN,,ROOT_VERB:Thank|PREP(for)+POBJ(countrymen)|ROOT_VERB:awakened|PREP(from)+POBJ(slumber)|PREP(about)+POBJ(tragedy),True,False
Closed tomorrow - see everyone on Tuesday! #hurricaneflorence #karate #karatecary #martialarts #hurricane #flooding #judo #jujutsu #iaijutsu iaijutsu.cary jujutsu.cary @ United Martial,not_humanitarian,,,ROOT_VERB:see|PREP(on)+POBJ(Tuesday),False,False
South Brazoria County evacuations: RT @BrazoriaCounty: #harvey #brazoriacounty,displaced_people_and_evacuations,,,NER_LOC:South|NER_LOC:Brazoria|NER_LOC:County|ROOT_VERB:harvey,False,False
LAWYERS: Emergency court filings to Fla. district courts of appeal in #HurricaneIrma go to johntomasino@gmail.com. Court servers are down.,not_humanitarian,LOC_NOUN,DISTRESS_SIGNAL,PREP(to)+POBJ(courts)|NER_LOC:Fla.|PREP(of)+POBJ(appeal)|PREP(in)+POBJ(HurricaneIrma)|ROOT_VERB:go,True,True
RT @komonews: 130 homes at risk from Chelan County wildfire -,infrastructure_and_utility_damage,PREP+PROPN,,PREP(at)+POBJ(risk)|PREP(from)+POBJ(wildfire)|NER_LOC:Chelan|NER_LOC:County,True,False
@mjd1735 @IntelCrab Except its not stochastic - data from @webberweather &amp; others show extremely favorable conditions for Dorian &amp; rapidly accelerating wind speeds/pressure differentials,other_relevant_information,,,PREP(Except)+POBJ(data)|PREP(from)+POBJ(@webberweather)|ROOT_VERB:show|PREP(for)+POBJ(Dorian),False,False
"Deaths in Puerto Rico from Hurricane Maria will exceed 4,000-far more than 9/11. But as Cat 4 Florence moves in, Trump cut FEMA’s budget to give more $$$ to ICE.",injured_or_dead_people,PREP+PROPN,,PREP(in)+POBJ(Rico)|NER_LOC:Puerto|NER_LOC:Rico|PREP(from)+POBJ(Maria)|ROOT_VERB:exceed,True,False
MCZ Greendale Society thank you for donating towards the #CycloneIdai victims. May God bless you,rescue_volunteering_or_donation_effort,PREP+PROPN,,ROOT_VERB:thank|PREP(towards)+POBJ(victims)|ROOT_VERB:bless,True,False
"#HurricaneMaria The system has been basically destroyed. -R. Ramos, CEO Puerto Rico Electric Power Authority #HelpPR",infrastructure_and_utility_damage,,,ROOT_VERB:destroyed,False,False
"@MultiChoice This call is another opportunity for us to stretch our hands a little further as a nation,” added Charamba @mcafrikazim Sympathisers can donate sanitary wear, bottled water, baby clothes, children’s toys, ladies’ undergarments and toiletries. #DonateSaveALifeZW #CycloneIdai",rescue_volunteering_or_donation_effort,,ACTION_VERB,ROOT_VERB:added,False,True
Paytm Providing Direct Link For Donations Try It Guys. Save Kerala From Floods . Central government Kuda Mari 100crs Echindi So Sad. Many Building are Collapsing and Many Lifes gone and in trouble. Konchem Help Cheyyandi Chalu ὤFἿB #KeralaSOS #KeralaFloodRelief #KeralaFloods,rescue_volunteering_or_donation_effort,PREP+PROPN,ACTION_VERB,ROOT_VERB:Try|ROOT_VERB:Save|PREP(From)+POBJ(Floods)|ROOT_VERB:Collapsing|ROOT_VERB:Help,True,True
"Soooo, what’s the problem helping PR the same as Harvey &amp; Irma victims with suspending the Jones Act? Does dumbass not know their Americans?",not_humanitarian,,,ROOT_VERB:know,False,False
"Get as many of your circle jerk friends to pray the hurricane away. After it runs its course and dissipates, claim your victory of faith. It wont however, change the death toll, or the property damage. Prayer doesnt work.",not_humanitarian,,,ROOT_VERB:Get|ROOT_VERB:claim|PREP(of)+POBJ(faith)|ROOT_VERB:change|ROOT_VERB:work,False,False
"Hurricane Irma is raging but we have great teams of talented and brave people already in place and ready to help. Be careful, be safe! #FEMA",rescue_volunteering_or_donation_effort,PREP+PROPN,ACTION_VERB,ROOT_VERB:raging|PREP(of)+POBJ(people)|PREP(in)+POBJ(place),True,True
"RT @AnjumIqbalPTI: Aftershocks of #earthquake expected in the #Mirpur Azad Kashmir in the next 24 hours. Please take cares, Stay Safe. http",caution_and_advice,PREP+PROPN,,PREP(of)+POBJ(#)|PREP(in)+POBJ(Kashmir)|PREP(in)+POBJ(hours)|ROOT_VERB:take,True,False
Not That Plain Cheesecake. Choose Cherrysἵ2 #cake #desserts #cupcakes #cheesecakes #desserttables #dessertshooters #cakepops #cakelove #cakesicles #sweettooth #delicious #loved #foods #happy #tasty #birthday,not_humanitarian,,,ROOT_VERB:Choose,False,False
"Hurricane Maria swept through Puerto Rico almost two weeks ago, but families remain trapped in Utuado and elsewher",other_relevant_information,PREP+PROPN,VICTIM_STATE,ROOT_VERB:swept|PREP(through)+POBJ(Rico)|NER_LOC:Puerto|NER_LOC:Rico|PREP(in)+POBJ(Utuado),True,True
"Our thoughts are with our WOL Haiti family especially now, after Hurricane Matthew. We are determining where best to send more lights.",sympathy_and_support,,URGENCY_ADVERB|ACTION_VERB,NER_LOC:Haiti|ROOT_VERB:determining,False,True
Shelter in place for everyone &amp; everything if unable to evacuate. #ZooMiami #HurricaneIrma #flamingoes @NBCNews,displaced_people_and_evacuations,PREP+PROPN,ACTION_VERB,PREP(in)+POBJ(place)|PREP(for)+POBJ(everyone),True,True
"RT @JournAmHist: Neocolonialism, austerity exposed #PuertoRico to greater damage from Hurricane María. @hfranqui explains how.",infrastructure_and_utility_damage,PREP+PROPN,,PREP(to)+POBJ(damage)|PREP(from)+POBJ(María)|ROOT_VERB:explains,True,False
"RT @WTHRcom: #Irma death toll updated to 10. 8 killed in St. Martin &amp; St. Barthelemy, 1 in Barbuda &amp; 1 in Anguilla. #WTHRSunrise .",injured_or_dead_people,PREP+PROPN,,ROOT_VERB:updated|PREP(to)+POBJ(10)|PREP(in)+POBJ(Martin)|NER_LOC:Anguilla,True,False
"Wishing the best for so many people impacted by #HurricaneFlorence. However disruptive, heed warnings and evacuate. Save human life first, then rebuild property later. Call to action: *Our strong #civictech community, prepare to support friends and colleagues in impacted area!*",displaced_people_and_evacuations,PREP+PROPN|PROPN+LOC_NOUN|LOC_NOUN,ACTION_VERB,ROOT_VERB:Wishing|PREP(for)+POBJ(people)|ROOT_VERB:Save|ROOT_VERB:Call|PREP(to)+POBJ(action),True,True
Flying Ὦ9️ into the ὄ1️ Eye of the Storm. ⛈️ Lets hope and pray that it passes by quickly and without any damage our coastland. ἰ8 #Dorian2019,sympathy_and_support,,,ROOT_VERB:Flying|PREP(into)+POBJ(Eye),False,False
#Harvey flooding spurs concern about Houston’s #toxicwaste sites Harris Co has at least a 12 federal Superfund sites,other_relevant_information,PREP+PROPN,,ROOT_VERB:spurs|PREP(about)+POBJ(sites)|NER_LOC:Houston,True,False
Watch as @USCG #AirStationHouston comes to the rescue of a #Houston resident stuck in #Harvey floodwaters.,rescue_volunteering_or_donation_effort,,VICTIM_STATE|ACTION_VERB,ROOT_VERB:Watch|PREP(as)+POBJ(@USCG)|PREP(to)+POBJ(rescue)|PREP(of)+POBJ(resident)|PREP(in)+POBJ(floodwaters),False,True
Very sad to hear of the deaths at the nursing home in/after #irma. #tragic #family #haimolaw,injured_or_dead_people,PREP+PROPN,,PREP(of)+POBJ(deaths)|PREP(at)+POBJ(home),True,False
Hurricane Harvey costs mount up: Analysts say damage from the storm could approach  #FinanceNews - #economy #news,infrastructure_and_utility_damage,PREP+PROPN,,ROOT_VERB:say|PREP(from)+POBJ(storm),True,False
RT @NZDoctor_news: Boil-water notices issued to Seddon and Ward because of damage to water supplies - Nelson Marl DHB #eqnz,infrastructure_and_utility_damage,,,PREP(to)+POBJ(Seddon)|PREP(because)+POBJ(damage)|PREP(to)+POBJ(supplies),False,False
"My heart goes out to all those directly affected by the #ItalyEarthquake that has devastated the landscape. Indirectly, we are all affected",sympathy_and_support,,,ROOT_VERB:goes|PREP(to)+POBJ(those)|ROOT_VERB:affected,False,False
Guys beware of these dodgy Politicians masquerading as Saviours opening GoFundMe pages for #CycloneIdai some of them are common criminals! Beware of Wolves in Sheepskin! Batai mbavha!! Donate Wisely/ Donate to reliable sources!,rescue_volunteering_or_donation_effort,PREP+PROPN,ACTION_VERB,ROOT_VERB:beware|PREP(of)+POBJ(dodgy)|PREP(for)+POBJ(CycloneIdai)|ROOT_VERB:Beware|PREP(of)+POBJ(Wolves),True,True
"@JoyceMeyer dear Joyce I am from Ecuador South America. We had an earthquake yesterday, 7.8 degrees. Pray for us",sympathy_and_support,PREP+PROPN,,NER_LOC:Ecuador|NER_LOC:South|NER_LOC:America|ROOT_VERB:had|ROOT_VERB:Pray,True,False
"RT @emilydee53_dee: Wow - We want to help: Attawapiskat donates $5,000 to wildfire relief | CTV News #cdnpoli",rescue_volunteering_or_donation_effort,,ACTION_VERB,ROOT_VERB:donates,False,True
"#CycloneIdai has affected almost three million people across Mozambique, Zimbabwe and Malawi, killing hundreds and leaving tens of thousands homeless. Today the @UN and partners are meeting to discuss how to continue supporting the response. #InvestInHumanity",other_relevant_information,,,ROOT_VERB:affected|PREP(across)+POBJ(Mozambique)|NER_LOC:Mozambique|NER_LOC:Zimbabwe|ROOT_VERB:meeting,False,False
I wish @realDonaldTrump and his supporters cared about this- please donate!,rescue_volunteering_or_donation_effort,,ACTION_VERB,ROOT_VERB:wish,False,True
Bombay is flooding! Climate change causes erratic weather! #HurricaneHarvey &amp; #BombayRains are results of capitalism &amp; austerity!!,not_humanitarian,,,NER_LOC:Bombay|ROOT_VERB:flooding|ROOT_VERB:causes|PREP(of)+POBJ(capitalism),False,False
@METROHouston Roads are clear. Cars are getting around smoothly: Didnt see any flooding. 99 &amp; 399 #HoustonFlooding #Harvey2017 #Houston,other_relevant_information,PREP+PROPN,,ROOT_VERB:see,True,False
"#Engineers keep up checks on #fire hit #homes, 3,505 looked over #GO #AthensFires ἞C἟7",other_relevant_information,,,ROOT_VERB:keep|PREP(on)+POBJ(fire)|PREP(over)+POBJ(GO)|PREP(#)+POBJ(AthensFires),False,False
"Around 20 deaths upto now, more than 300 injured and well",injured_or_dead_people,,VICTIM_STATE|URGENCY_ADVERB,ROOT_VERB:injured,False,True
"Hurricane Florence could cause massive hog manure lagoon spills, poisoning water and animals in North Carolina  via @FortuneMagazine",caution_and_advice,PREP+PROPN,,ROOT_VERB:cause|PREP(in)+POBJ(Carolina)|NER_LOC:North|NER_LOC:Carolina|PREP(via)+POBJ(@FortuneMagazine),True,False
@GetWisdomDude When will enough be enough? Waiver shouldve been in place minutes after hurricane Maria hit. Where are aerial drops of supplies?,not_humanitarian,PREP+PROPN,,PREP(of)+POBJ(supplies),True,False
"#RelianceFoundation donated Rs 21 crores towards the Chief Minister’s Relief Fund. In addition, dry grocery worth Rs. 50cr; 7.5 lakh pieces of apparel &amp; 1.5 lakh footwear have been distributed to the flood-affected. #KeralaFloods #RFForKerala",rescue_volunteering_or_donation_effort,PREP+PROPN,,ROOT_VERB:donated|PREP(towards)+POBJ(Fund)|PREP(of)+POBJ(apparel)|ROOT_VERB:distributed|PREP(to)+POBJ(affected),True,False
RT @NBCNews: Desperate rescuers dig through rubble after powerful Mexico earthquake. See more:,rescue_volunteering_or_donation_effort,,,PREP(through)+POBJ(rubble)|PREP(after)+POBJ(earthquake)|NER_LOC:Mexico|ROOT_VERB:See,False,False
RT @FrontalFire7: 60 injured in PoK #earthquake,injured_or_dead_people,PREP+PROPN,VICTIM_STATE,PREP(in)+POBJ(PoK),True,True
"Thinking of everyone affected today! Yes, we are with you!",sympathy_and_support,,,ROOT_VERB:Thinking|PREP(of)+POBJ(everyone),False,False
#WATCH: Hurricane Florence Causes At Least 18 Deaths,injured_or_dead_people,PREP+PROPN,,,True,False
ὒ5Sending thoughts &amp; prayers to all those in the path of #Dorian2019 ὤFἿB please hunker down and don’t take any chances! Stay safe! #hurricane #hurricanedorion #Florida #BahamasStrong #Georgia #Carolinas ἟A἟8,sympathy_and_support,PREP+PROPN,,PREP(to)+POBJ(those)|PREP(of)+POBJ(Dorian2019)|ROOT_VERB:hunker|ROOT_VERB:Stay|NER_LOC:Florida,True,False
"MSNBC 1:27am LIFE-THREATENING, CATASTROPHIC FLASH FLOODING &amp;. SIGNIFICANT RIVER FLOODING LIKELY IN SOME AREAS HURRICANE FLORENCE",caution_and_advice,PREP+PROPN|PROPN+LOC_NOUN|LOC_NOUN,,ROOT_VERB:FLASH,True,False
RT @NeosKosmos: Update: Greece in mourning as wildfires death toll rises to 76 and counting:,injured_or_dead_people,PREP+PROPN,,NER_LOC:Greece|ROOT_VERB:rises|PREP(to)+POBJ(76),True,False
RT @paoloigna1: DIstruzione totale BBC and thought you should see it: #PuertoRico: Hurricane Maria destroyed everything -,infrastructure_and_utility_damage,,,ROOT_VERB:destroyed,False,False
RT @firstpost: #UAE has formed a committee to provide relief to #Kerala and has called forth its people to donate for the cause,rescue_volunteering_or_donation_effort,,ACTION_VERB,ROOT_VERB:formed|PREP(to)+POBJ(Kerala)|PREP(for)+POBJ(cause),False,True
"#Urgently required Over 50 ppl including the aged women and kids are stranded in a small island in Aranmula. Needs BP and Diabetes meds asap,sanitary napkin and under garments also needed. Is anyone available nearby to supply immediately? Gireesh 96566 52722 #KeralaFloodRelief",rescue_volunteering_or_donation_effort,PREP+PROPN,VICTIM_STATE|URGENCY_ADVERB,PREP(including)+POBJ(women)|PREP(in)+POBJ(island)|PREP(in)+POBJ(Aranmula)|NER_LOC:Aranmula|ROOT_VERB:needed,True,True
The California Fires loss from a car guys perspective Ouch!,other_relevant_information,PREP+PROPN,,NER_LOC:California|PREP(from)+POBJ(guys),True,False
"For all the California victims of fire, and the mass shooting, and their loved ones. God bless all their souls, and help us all to find peace. ♥️",sympathy_and_support,,ACTION_VERB,NER_LOC:California|PREP(of)+POBJ(fire)|ROOT_VERB:bless,False,True
RT @alexxdlr: Raising money for my mom. She lost everything in the #hurricanemaria #Arecibo If you can’t donate please RT RT,rescue_volunteering_or_donation_effort,PREP+PROPN,ACTION_VERB,ROOT_VERB:lost|PREP(in)+POBJ(hurricanemaria)|ROOT_VERB:donate,True,True
Donating to @GlobalGiving makes it easy to cover many of the #HurricaneIrma affected areas. 🌊💸👍,rescue_volunteering_or_donation_effort,,,ROOT_VERB:makes,False,False
NRG opens at 10. Curfew at 12. Houston is a rat maze of closed &amp; flooded roads. Be careful!! #Harvey2017 #HarveyShelter #Hope4Houston,caution_and_advice,,,ROOT_VERB:opens|PREP(at)+POBJ(10)|PREP(at)+POBJ(12)|NER_LOC:Houston|PREP(of)+POBJ(closed),False,False
TravelLeisure: What travelers should know about Miamis Hurricane Irma damage,caution_and_advice,,,PREP(about)+POBJ(damage)|NER_LOC:Miamis|NER_LOC:Hurricane|NER_LOC:Irma,False,False
"An other summer, an other Wildfire, an other crisis. +20 dead &amp; +100 wounded in Wildfires near #Athens. A State of Emergency is declared for Attica, the Army &amp; Navy are deployed.. As residents &amp; tourists seek refuge at sea. Cyprus sends 60 firefighters. Keep fighting #Greece..",injured_or_dead_people,PREP+PROPN,DISTRESS_SIGNAL,PREP(in)+POBJ(Wildfires)|NER_LOC:Wildfires|PREP(near)+POBJ(Athens)|PREP(for)+POBJ(Attica)|NER_LOC:Attica,True,True
The Latest: A shelter near Houston for at least 100 displaced people overrun by #Harvey floodwaters.,displaced_people_and_evacuations,PREP+PROPN,,PREP(near)+POBJ(Houston)|NER_LOC:Houston|PREP(for)+POBJ(overrun)|PREP(by)+POBJ(floodwaters),True,False
Donate to @hopeforhaitiFL Hurricane Matthew Emergency Relief Response  #HurricaneMatthew,rescue_volunteering_or_donation_effort,,DISTRESS_SIGNAL|ACTION_VERB,ROOT_VERB:Donate|PREP(to)+POBJ(Response),False,True
How Zoe Holohan was saved from Greek wildfires  #Greece #news,missing_or_found_people,PREP+PROPN,,ROOT_VERB:saved|PREP(from)+POBJ(news),True,False
"RT @sethdmichaels: . @PIH does very important work in Haiti, which has been hit hard by Hurricane Matthew. donate to help here:",rescue_volunteering_or_donation_effort,PREP+PROPN,ACTION_VERB,ROOT_VERB:does|PREP(in)+POBJ(Haiti)|NER_LOC:Haiti|ROOT_VERB:donate,True,True
RT @iamzacahmad: Pray for the Kashmir. #earthquake,sympathy_and_support,,,ROOT_VERB:Pray|PREP(for)+POBJ(Kashmir)|NER_LOC:Kashmir,False,False
RT @cctvnews: #UPDATE Death toll from #ItalyEarthquake rises to 281; state funeral for around 40 victims planned for Saturday /,injured_or_dead_people,,,PREP(from)+POBJ(ItalyEarthquake)|PREP(to)+POBJ(281)|PREP(for)+POBJ(victims)|PREP(for)+POBJ(Saturday),False,False
"Heres the latest advisory information on Hurricane #Dorian. Dorian remains a Category 4 hurricane. All of the latest on Spectrum News, including full tropical updates at :21 and :51 past the hour, as always.",other_relevant_information,,,PREP(on)+POBJ(Dorian)|ROOT_VERB:remains|PREP(at)+POBJ(21),False,False
"#OpKaruna #KeralaFloodRelief @IAF_MCC personnel and their family members at the Southern Air Command, Aakkulam Trivandrum packing relief materials for the flood affected areas. @SpokespersonMoD",rescue_volunteering_or_donation_effort,PREP+PROPN,,PREP(at)+POBJ(Command)|PREP(for)+POBJ(areas),True,False
Statement by President of USCCB to the people of Mexico following yesterdays powerful earthquake:,not_humanitarian,,,PREP(by)+POBJ(President)|PREP(to)+POBJ(people)|PREP(of)+POBJ(Mexico)|NER_LOC:Mexico|PREP(following)+POBJ(yesterdays),False,False
RT @BrettHagler: We just launched the Silicon Valley Relief for Haiti initiative:  #SV4HAITI,rescue_volunteering_or_donation_effort,,,ROOT_VERB:launched|NER_LOC:the|NER_LOC:Silicon|NER_LOC:Valley|NER_LOC:Relief,False,False
@yelyahwilliams please pray for my country Ecuador Yesterday an earthquake destroyed buildings and a lot of people died everywhere,sympathy_and_support,,,ROOT_VERB:pray|PREP(for)+POBJ(country)|NER_LOC:Ecuador|PREP(of)+POBJ(people),False,False
"Wonder what the then Central Govts attitude was towards accepting foreign aid when a massive earthquake struck Bhuj, Gujarat on 26 Jan 2001. #KeralaFloodRelief #KeralaReliefPolitics",not_humanitarian,PREP+PROPN,,ROOT_VERB:Wonder|NER_LOC:Bhuj|NER_LOC:Gujarat|PREP(on)+POBJ(Jan),True,False
#helpyourBuddy Please consider sharing. Any additional exposure would help tremendously! I was born with a hereditary joint disorder called spondeloepiphiseal,not_humanitarian,,ACTION_VERB,ROOT_VERB:consider|ROOT_VERB:help|ROOT_VERB:born|PREP(with)+POBJ(disorder),False,True
This is incredible aerial footage of the damage on #Tortola in the #BVI. #HurricaneIrma #BVIstrong,infrastructure_and_utility_damage,PREP+PROPN,,PREP(of)+POBJ(damage)|PREP(on)+POBJ(Tortola)|PREP(in)+POBJ(BVI),True,False
"Hurricane Irma pummels parts of the Caribbean, kills at least 4",injured_or_dead_people,PREP+PROPN,,ROOT_VERB:pummels|PREP(of)+POBJ(Caribbean)|NER_LOC:Caribbean,True,False
As a Ajith fan Must appreciate #Thalapathy #Vijay for devising a proper plan to ensure that relief materials worth ₹70 lakhs reaches the right set of people. 15 Trucks from 15 districts of TN for 12 flood affected areasὄCἿBὄFἿB #Kerala #KeralaReliefFund #KeralaFloodRelief,rescue_volunteering_or_donation_effort,,,ROOT_VERB:appreciate|PREP(of)+POBJ(people)|PREP(of)+POBJ(TN)|PREP(#)+POBJ(Kerala),False,False
#California #wildfires: at least 31 #dead and up to 200 missing. A pickup in winds could spell further danger  via @WSJ,injured_or_dead_people,PREP+PROPN,VICTIM_STATE,NER_LOC:California|ROOT_VERB:wildfires|PREP(in)+POBJ(winds)|ROOT_VERB:spell|PREP(via)+POBJ(@WSJ),True,True
RT @blogabouthr: Grocery line on St Croix and I heard they ran out of food #hurricanemaria #stcroix #usvi,other_relevant_information,,,PREP(on)+POBJ(Croix)|ROOT_VERB:stcroix,False,False
RT @PressTV: Images of the deadly #ItalyEarthquake! Our hearts and thoughts are with the people of #Italy.,sympathy_and_support,,,PREP(of)+POBJ(ItalyEarthquake)|PREP(of)+POBJ(Italy)|NER_LOC:Italy,False,False
"Despite downgrade of #HurricaneIrma to tropical storm, FL &amp; GA are in our thoughts as residents brace for possible storm surge. Stay safe!",other_relevant_information,PREP+PROPN,,PREP(of)+POBJ(HurricaneIrma)|PREP(to)+POBJ(storm)|PREP(for)+POBJ(surge)|ROOT_VERB:Stay,True,False
Thank you My President. #CycloneIdai victims this is their win President.,other_relevant_information,,,ROOT_VERB:Thank,False,False
"With roads here in old town Alexandria underwater again this morning, businesses are preparing for hurricane Florence. The Creamery ice cream shop boarding up windows. Owner says for Isabel water came as high as the top of these boards in this clip. @ABC7News",other_relevant_information,PREP+PROPN|PROPN+LOC_NOUN|LOC_NOUN,,PREP(in)+POBJ(Alexandria)|ROOT_VERB:preparing|PREP(for)+POBJ(Florence)|ROOT_VERB:says|PREP(of)+POBJ(boards),True,False
Please help us by donating 2€ to this number 45500 @Zoella @Joe_Sugg @Caspar_Lee @MarcusButler @TanyaBurr @JimChapman #PrayForItaly,rescue_volunteering_or_donation_effort,,PLEA_PATTERN|ACTION_VERB,ROOT_VERB:help|PREP(to)+POBJ(@Joe_Sugg),False,True
Surreal experience. Our @AnneCutler just interviewed @chefjoseandres from the Caribbean as he and his team from @WCKitchen prepares for #Dorian relief. See it on @fox5dc tonight.,other_relevant_information,PREP+PROPN,,ROOT_VERB:interviewed|PREP(from)+POBJ(Caribbean)|NER_LOC:Caribbean|PREP(from)+POBJ(@WCKitchen)|PREP(for)+POBJ(relief),True,False
Bucs DT @ClintMcDonald98 is using food trucks to feed those impacted by Hurricane Irma,rescue_volunteering_or_donation_effort,,,ROOT_VERB:using,False,False
"Dont forget, TODAY is the annual tornado drill day for Iowa and Nebraska. Its a great time to think about how you will receive a warning and practice your severe weather safety plan. A TEST watch will be issued at 10 am CDT A TEST warning will be issued at 1015 am CDT.",caution_and_advice,,,PREP(for)+POBJ(Iowa)|NER_LOC:Iowa|NER_LOC:Nebraska|ROOT_VERB:issued|PREP(at)+POBJ(am),False,False
"California Governor Jerry Brown will not give any money to Americans forced to live in tents, but will gladly give money to illegals to live in permanent structures. Billions to illegals not Americans. Face it CA you voted wrong this time! @realDonaldTrump",not_humanitarian,PREP+PROPN,,NER_LOC:California|ROOT_VERB:give|PREP(in)+POBJ(tents)|PREP(in)+POBJ(structures)|PREP(to)+POBJ(illegals),True,False
"Dreadful flood situation in #Kerala , one of the worst national disaster in history. Thoughts with the people of #Kerala Here’s hoping that rescue teams, medical aid and food relief can reach all those in need. Hope the worst is over, stay safe.",sympathy_and_support,PREP+PROPN,ACTION_VERB,PREP(in)+POBJ(Kerala)|PREP(in)+POBJ(history)|PREP(with)+POBJ(people)|PREP(of)+POBJ(#)|ROOT_VERB:hoping,True,True
This means so much @LeaMichele thank u for helping the people affected! We need so much help to rebuild the country &amp; every donation helps!,rescue_volunteering_or_donation_effort,,ACTION_VERB,ROOT_VERB:means|ROOT_VERB:helps,False,True
Please donate! ὤFἿCὉ9,requests_or_urgent_needs,,ACTION_VERB,ROOT_VERB:donate,False,True
WATCH NOW: First Look at #Harvey Destruction  @DRUDGE #HurricaneHarvey #tcot #realnews better than CNN,other_relevant_information,,URGENCY_ADVERB,ROOT_VERB:Look|PREP(at)+POBJ(tcot),False,True
"Our thoughts and prayers are with rural America after recent flooding in Nebraska. As a statewide effort, Arkansas Farm Credit has donated $10,000 to the @neagfoundation Disaster Relief Fund. To donate, visit",sympathy_and_support,PREP+PROPN,ACTION_VERB,NER_LOC:America|PREP(in)+POBJ(Nebraska)|NER_LOC:Nebraska|PREP(As)+POBJ(effort)|ROOT_VERB:donated,True,True
Prime Minister @ImranKhanPTI directs all the concerned departments to provide immediate assistance of all kinds to carry out relief activities in quake-hit areas. #APPNews #earthquake #Kashmir #AJK #Mirpur #Jatla,rescue_volunteering_or_donation_effort,PREP+PROPN,,ROOT_VERB:directs|PREP(of)+POBJ(kinds)|PREP(in)+POBJ(areas),True,False
Transphobic white nationalist Schilling travels to Puerto Rico to aid in relief effortsI think thats the line.,other_relevant_information,PREP+PROPN,,PREP(to)+POBJ(Rico)|NER_LOC:Puerto|NER_LOC:Rico|PREP(in)+POBJ(relief)|ROOT_VERB:think,True,False
PDA national response team to assess damage from #HurricaneHarvey and catastrophic flooding.  #PCUSA @PDACares,infrastructure_and_utility_damage,,,PREP(from)+POBJ(HurricaneHarvey),False,False
Pimp Cs wife says on instagram that all UGK archives have been destroyed in Hurricane Harvey,infrastructure_and_utility_damage,PREP+PROPN,,ROOT_VERB:says|PREP(on)+POBJ(instagram)|PREP(in)+POBJ(Harvey),True,False
"@realDonaldTrump Mr. President, I am horrified at your statements re: fires in California. US Citizens have lost their lives, homes are burning. You blame poor forest management and diversion of water. What water? Are you unaware of the drought? LA Forests? SHAME on YOU! I Vote.",not_humanitarian,PREP+PROPN,,ROOT_VERB:horrified|PREP(at)+POBJ(statements)|PREP(in)+POBJ(California)|NER_LOC:California|ROOT_VERB:burning,True,False
RT @margotwallstrom: My deepest condolences to all those affected by the devastating earthquake in Mexico.,sympathy_and_support,PREP+PROPN,,PREP(to)+POBJ(those)|PREP(in)+POBJ(Mexico)|NER_LOC:Mexico,True,False
RT @bradplumer: The death toll in Puerto Rico from Hurricane Maria is likely much higher than the official count of 16:,injured_or_dead_people,PREP+PROPN,,PREP(in)+POBJ(Rico)|NER_LOC:Puerto|NER_LOC:Rico|PREP(from)+POBJ(Maria)|PREP(of)+POBJ(16),True,False
"Local Red Cross assists in Hurricane Matthew relief effort: As Hurricane Matthew sweeps through Haiti, the regional",rescue_volunteering_or_donation_effort,PREP+PROPN,,PREP(in)+POBJ(effort)|ROOT_VERB:sweeps|PREP(through)+POBJ(Haiti)|NER_LOC:Haiti,True,False
"No FdS #HurricaneMaria injuries! But, the FdS Dom. Rep. facility sustained major damage. Please donate if",infrastructure_and_utility_damage,,ACTION_VERB,ROOT_VERB:sustained|ROOT_VERB:donate,False,True
Irma continues to hit Georgia hard with gusty winds &amp; heavy rain. Trees coming down &amp; power outages widespread.,infrastructure_and_utility_damage,,,ROOT_VERB:continues|NER_LOC:Georgia|PREP(with)+POBJ(winds)|ROOT_VERB:outages,False,False
"RT @sanjanah: 24,815 tweets archived to date with #floodsl, #floods17, #floodsl2017 or #slflood hashtags. Unprecedented level of tweeting.",other_relevant_information,,,PREP(to)+POBJ(date)|PREP(with)+POBJ(#)|PREP(of)+POBJ(tweeting),False,False
Midwest flooding: Farmers hit hard by deadly floodwaters react to devastating loss - CBS News,infrastructure_and_utility_damage,,,NER_LOC:Midwest|PREP(to)+POBJ(News),False,False
RT @AynRandPaulRyan: San Juan mayor outraged after DHS chief calls Hurricane Maria relief a good news story,other_relevant_information,,,NER_LOC:San|NER_LOC:Juan,False,False
Popular Launches Embracing Puerto Rico” and Donates $1M for Fundraising Account for Victims of Hurricane Maria.,rescue_volunteering_or_donation_effort,,,NER_LOC:Puerto|NER_LOC:Rico|PREP(for)+POBJ(Account)|PREP(for)+POBJ(Victims),False,False
"The #RF team collected 140 bottles of water, 50 packets of biscuits, 15 kg bananas and 400 sanitary napkins from Disaster Management Coordination Cell and distributed at St. Antonys School at Mulavukad village, Kanayannur taluk, Ernakulam Dist. #KeralaFloodRelief #RFForKerala",rescue_volunteering_or_donation_effort,PREP+PROPN|PROPN+LOC_NOUN|LOC_NOUN,,ROOT_VERB:collected|PREP(of)+POBJ(water)|PREP(of)+POBJ(biscuits)|PREP(from)+POBJ(Cell)|PREP(at)+POBJ(School),True,False
RT @France24_en: ▶️ Greece wildfires: Volunteers search for survivors as fear turns into anger,rescue_volunteering_or_donation_effort,,,NER_LOC:Greece|ROOT_VERB:search|PREP(for)+POBJ(survivors)|PREP(into)+POBJ(anger),False,False
#HurricaneFlorence update - Cape Fear River at flood stage according to @NWSRaleigh,other_relevant_information,PREP+PROPN|PROPN+LOC_NOUN|LOC_NOUN,,PREP(to)+POBJ(@NWSRaleigh),True,False
"DEMS CONTROLLING CALIFORNIA &amp; NO WARNING??? BEFORE FIRES CAME &amp; 6,000 HOMES DESTROYED DEATH TOTAL ONLY 25 PEEPS CAUSE FIRE IS ROARING OUT OF CONTROL IN SEVERAL COUNTIES DEMS CONTROLLED CALIFORNIA FAIL TO WORN WICKED FIRES COMING&gt;SAY NO DEMS INCOMPETENCE ON FIRES &amp; COUNTING VOTES&gt;",infrastructure_and_utility_damage,PREP+PROPN,,ROOT_VERB:TOTAL|PREP(IN)+POBJ(COUNTIES)|NER_LOC:CALIFORNIA|PREP(ON)+POBJ(FIRES),True,False
Save Kerala A sincere appeal 2 all good souls 2 contribute 2 the Chief Ministers Distress Relief Fund 2 help - people of Kerala  #Keralafloods #kerala #IndiaForKerala #cmrelieffund #prayer #help #sos #humanity #beinghuman #keralaflood #prayforkerala,rescue_volunteering_or_donation_effort,,DISTRESS_SIGNAL|ACTION_VERB,PREP(of)+POBJ(Kerala)|NER_LOC:Kerala|PREP(cmrelieffund)+POBJ(prayer)|PREP(sos)+POBJ(humanity),False,True
"If you live in the path of #HurricaneDorian, here are some tips from the @RedCross to help you stay safe. #redcrosschampion",caution_and_advice,PREP+PROPN,ACTION_VERB,PREP(in)+POBJ(path)|PREP(of)+POBJ(HurricaneDorian)|PREP(from)+POBJ(@RedCross),True,True
Former SWHS graduate Cody Buckaloo works to save victims trapped by Hurricane Harvey flood waters.  via @YouTube,other_relevant_information,,VICTIM_STATE|ACTION_VERB,ROOT_VERB:works|PREP(via)+POBJ(@YouTube),False,True
"Kerala flood 2018: Aid given is advance, more to follow: PM Modi tells Kerala governor ₹₹₹₹₹ why modi is telling the Governor and not to the CM who is responsible for rehabilitation. Modi is a disgusting PM.",other_relevant_information,,,NER_LOC:Kerala|NER_LOC:Kerala,False,False
Episcopal Relief &amp; Development is accepting donations to support relief efforts following Hurricane Florence. Use this link to donate -,rescue_volunteering_or_donation_effort,,ACTION_VERB,ROOT_VERB:accepting|PREP(following)+POBJ(Florence)|ROOT_VERB:Use,False,True
Soo this Weather Channel coverage of Hurricane Matthew over Haiti not well received,other_relevant_information,,,PREP(of)+POBJ(Matthew)|PREP(over)+POBJ(Haiti)|NER_LOC:Haiti|ROOT_VERB:received,False,False
"Thousands of people are still desperate for help on St. Martin and Anguilla, where #Irma hit hardest. @alextomo reports. #PBSNews",requests_or_urgent_needs,,ACTION_VERB,PREP(of)+POBJ(people)|PREP(on)+POBJ(Martin)|NER_LOC:St.|NER_LOC:Martin|NER_LOC:Anguilla,False,True
RT @IndiaHistorypic: I Have Donated to  Have You ? #IndiaForKerala #KeralaFloods,rescue_volunteering_or_donation_effort,,,,False,False
"Amid Hurricane Harveys destruction, Houstons churches are already responding to their communitys crisis.",infrastructure_and_utility_damage,,,PREP(Amid)+POBJ(destruction)|ROOT_VERB:responding|PREP(to)+POBJ(crisis),False,False
@kylegriffin1 Didnt that get destroyed in the Flood? No Flood? But I Filed a Hurricane damage Claim Mustve been a flood. The list was on The lawn -tRUMP,infrastructure_and_utility_damage,PREP+PROPN,,ROOT_VERB:destroyed|PREP(in)+POBJ(Flood)|ROOT_VERB:Filed,True,False
Just a simple #pasta #salad. ❤️ @ Zeppolis - Italian Comfort Food,not_humanitarian,,,ROOT_VERB:salad,False,False
"RT @NBCNightlyNews: LATEST: More than 350 dead and 2,500 injured after powerful magnitude 7.8 earthquake strikes Ecuador.",injured_or_dead_people,,VICTIM_STATE,NER_LOC:Ecuador,False,True
"If you know of anyone who has been evacuated from the California fires and does not have their eyewear, LensCrafters has a non profit called OneSight.",displaced_people_and_evacuations,PREP+PROPN,,PREP(of)+POBJ(anyone)|PREP(from)+POBJ(fires)|NER_LOC:California|ROOT_VERB:has,True,False
NOW HIRING! Debris Field Monitors: Make a difference &amp; be part of disaster recovery efforts from impending #hurricaneDorian. Onsite training is available &amp; overtime is likely. Apply today: MIAMI --  JACKSONVILLE --,other_relevant_information,PREP+PROPN,URGENCY_ADVERB,ROOT_VERB:HIRING|ROOT_VERB:Make|PREP(of)+POBJ(efforts)|ROOT_VERB:Apply|NER_LOC:JACKSONVILLE,True,True
Find and give to organizations that have set up #HurricaneMaria relief funds for #PuertoRico:  #PuertoRicoRelief,other_relevant_information,,,ROOT_VERB:Find|PREP(for)+POBJ(PuertoRico),False,False
"I didnt give Trump the credit he deserves. I said he was the dumbest President, but after blaming Californias deadly fires on not raking leaves I must say I clearly understated his stupidity. The only reason hes not the dumbest human, is the fact that he has followers.",not_humanitarian,,,ROOT_VERB:give|ROOT_VERB:said,False,False
"Bread aisle at Walmart is empty days before Hurricane #Florence is expected to strike Wilmington, N.C., bringing potentially catastrophic flooding.",other_relevant_information,PREP+PROPN,,PREP(at)+POBJ(Walmart)|NER_LOC:Wilmington|NER_LOC:N.C.,True,False
Twenty two people lost their lives and more than three hundred are injured. #Earthquake #Pakistan #Emergency,injured_or_dead_people,,DISTRESS_SIGNAL|VICTIM_STATE,ROOT_VERB:lost,False,True
"Great food for thought. @ Charleston, South Carolina",not_humanitarian,,,PREP(for)+POBJ(thought)|NER_LOC:Charleston|NER_LOC:South|NER_LOC:Carolina,False,False
CNN is so understanding and tolerant of other cultures. Theyre just a wonderful news organization. (Sarcasm),not_humanitarian,,,ROOT_VERB:re,False,False
TAG AN UP AND COMING TRAP/HIP-HOP/RAP ARTIST YOU THINK I SHOULD WORK WITH ON MY NEW MIXTAPE‼️ Ὢ8I WILL BE DISTRIBUTING THE MIXTAPE TO ALL PLATFORMS AND SPLITTING PROFITS EQUALLYὪ8 COME,not_humanitarian,,,ROOT_VERB:THINK|PREP(ON)+POBJ(Ὢ8I)|PREP(TO)+POBJ(PLATFORMS),False,False
#Tornado Warning for Galveston-TX &amp; Harris-TX until 04:00 AM CDT.,caution_and_advice,,,,False,False
"A group of locals has come together to provide food to one of the cities hit hard by Hurricane Harvey, Ingleside.",requests_or_urgent_needs,,,PREP(of)+POBJ(locals)|ROOT_VERB:come|PREP(to)+POBJ(one),False,False
"RT @carolfromindy: Please send ships to Puerto Rico-cruise ships, naval ships. Americans are struggling to survive.",requests_or_urgent_needs,,PLEA_PATTERN|ACTION_VERB,ROOT_VERB:send|PREP(to)+POBJ(ships)|NER_LOC:Puerto|NER_LOC:Rico|ROOT_VERB:struggling,False,True
"@Bethenny I think Nebraska could use you. Theyre still recovering and needing help , truck loads of feed are coming across state lines. Not a lot of media but Im sure could use you ! Xoxoxo #bestrong",requests_or_urgent_needs,,ACTION_VERB,ROOT_VERB:think|NER_LOC:Nebraska|ROOT_VERB:recovering|PREP(of)+POBJ(feed)|PREP(across)+POBJ(lines),False,True
Thinking of everyone affected by todays earthquakes. Its devastating seeing such a beautiful place go through this. Stay safe NZ Ὁ5 #eqnz,sympathy_and_support,,,ROOT_VERB:Thinking|PREP(of)+POBJ(everyone)|ROOT_VERB:seeing|PREP(through)+POBJ(this)|ROOT_VERB:Stay,False,False
"Stay safe out there - Hurricane Harvey barrels toward Texas, threatens catastrophic flooding -  #HurricaneHarvey",caution_and_advice,PREP+PROPN,,ROOT_VERB:Stay|PREP(toward)+POBJ(Texas)|NER_LOC:Texas,True,False
#HurricaneFlorence is getting closer by the hour and our shelter partners in North &amp; South Carolina need YOUR #HELP! We are bringing in 2 #emergency transport this Wednesday and we are desperate for #fosters. Please email fostering@luckydoganimalrescue.org ASAP if you can help!,requests_or_urgent_needs,PREP+PROPN,DISTRESS_SIGNAL|URGENCY_ADVERB|ACTION_VERB,PREP(by)+POBJ(hour)|PREP(in)+POBJ(North)|NER_LOC:North|NER_LOC:&|NER_LOC:South,True,True
This sucks #aftershocks #eqnz,not_humanitarian,,,ROOT_VERB:sucks,False,False
"The catastrophic wildfires in California have destroyed communities and killed or injured scores of people. Congress *must* act on the issues at the root of these deadly fires, including better forest health and climate change.",injured_or_dead_people,PREP+PROPN,VICTIM_STATE,PREP(in)+POBJ(California)|NER_LOC:California|ROOT_VERB:destroyed|PREP(of)+POBJ(people)|ROOT_VERB:act,True,True
From our state representative’s post.three of the four top rain hit areas were from Chesterfield County. #hurricaneflorence,other_relevant_information,PREP+PROPN,,PREP(of)+POBJ(areas)|NER_LOC:Chesterfield|NER_LOC:County,True,False
RT @firenation: Evacuation Convoy Leaves Alberta Wildfire Camps #FtMcMurray,displaced_people_and_evacuations,,,,False,False
Pres. Trump/Congress-pls make this your #1 priority! There are 3.4 million Americans who desperately need help. #PuertoRico #HurricaneMaria,requests_or_urgent_needs,,NEED+RESOURCE|ACTION_VERB,ROOT_VERB:make|ROOT_VERB:are,False,True
Aumenta ancora il carico di vittime saw this on the BBC and thought you should see it: California wildfires: Death toll rises to 25 -,injured_or_dead_people,,,PREP(on)+POBJ(BBC)|NER_LOC:California|PREP(to)+POBJ(25),False,False
"Just created a quick infodump about the #wildfires in Greece, in plain English. Not necessary to donate, but please RT. Hope someone stranded in or around the area finds it useful.  #PrayForGreece #PrayForAthens #elearning #articulate #πυρκαγια #ματι #Mati",rescue_volunteering_or_donation_effort,PREP+PROPN|PROPN+LOC_NOUN|LOC_NOUN,VICTIM_STATE|URGENCY_ADVERB|ACTION_VERB,ROOT_VERB:created|PREP(about)+POBJ(wildfires)|PREP(in)+POBJ(Greece)|NER_LOC:Greece|PREP(in)+POBJ(English),True,True
Join the @NFL and help those affected by Hurricane Harvey. Text HARVEY to 90999 to donate $10 to @RedCross.,rescue_volunteering_or_donation_effort,,ACTION_VERB,ROOT_VERB:Join|PREP(to)+POBJ(90999)|PREP(to)+POBJ(@RedCross),False,True
"AMERICAS TOP 1%.. Finance the Flood Ravaged Areas (Buffet, both GATES, Cuban, etc etc etc) DONT DONATE IT WHEN YOU DIE, (Tx/Fl) NEED IT NOW",not_humanitarian,,URGENCY_ADVERB|ACTION_VERB,ROOT_VERB:TOP|ROOT_VERB:DONATE|ROOT_VERB:NEED,False,True
I also donated via #paytm for the peoples of flood affected #Kerala.,rescue_volunteering_or_donation_effort,,,ROOT_VERB:donated|PREP(via)+POBJ(paytm)|PREP(for)+POBJ(peoples),False,False
"RT @PaulHenryShow: If you want to help victims of yesterdays quakes, @NZRedCross has a donation page set up here:",rescue_volunteering_or_donation_effort,,ACTION_VERB,PREP(of)+POBJ(quakes)|ROOT_VERB:has,False,True
"Stay strong, Texas ❤️. We will be dontating 5% of all profits through the end of September to help the victims of Hurricane Harvey.",rescue_volunteering_or_donation_effort,,ACTION_VERB,ROOT_VERB:Stay|NER_LOC:Texas|ROOT_VERB:dontating|PREP(of)+POBJ(profits)|PREP(through)+POBJ(end),False,True
@VEROCHICKY thinking about you and hoping for the best on the path of Dorian i am sure your prepared still thoughts and prayers be safe,sympathy_and_support,,,PREP(about)+POBJ(you)|PREP(for)+POBJ(best)|PREP(on)+POBJ(path)|PREP(of)+POBJ(Dorian),False,False
RT @KatieWallsWSB: Tropical storm force winds extend 200 miles from the center of #Maria; hence the Tropical Storm Watch issued for NC http,caution_and_advice,PREP+PROPN,,PREP(from)+POBJ(center)|PREP(of)+POBJ(Maria)|ROOT_VERB:issued|PREP(for)+POBJ(http)|NER_LOC:NC,True,False
RT LasVegasSun Fire death toll at 56 and counting in Northern California.  via LasVegasSun,injured_or_dead_people,PREP+PROPN,,PREP(at)+POBJ(56)|PREP(in)+POBJ(California)|NER_LOC:Northern|NER_LOC:California|PREP(via)+POBJ(LasVegasSun),True,False
The earthquakes and tsunami warnings are scary enough.. but this #EQNZ,caution_and_advice,,,,False,False
"We need to upgrade infrastructure: upgrade standards of performance on digital, energy, transport, water and flood defense infrastructure.",other_relevant_information,,ACTION_VERB,ROOT_VERB:need|PREP(of)+POBJ(performance)|PREP(on)+POBJ(infrastructure),False,True
Sending my love to everyone that was affected by the earthquake in one of the most beautiful places in the world ἞E἟9✨ #PrayForItaly,sympathy_and_support,PREP+PROPN,,PREP(in)+POBJ(one)|PREP(in)+POBJ(world),True,False
There is another big storm forming off the coast of Africa 70%. 2 x smaller areas that could develop. One in Gulf and one south of Bermuda 30%. #Dorian is just the beginning.,other_relevant_information,PREP+PROPN|PROPN+LOC_NOUN|LOC_NOUN,,ROOT_VERB:is|PREP(off)+POBJ(coast)|PREP(of)+POBJ(Africa)|NER_LOC:Africa|NER_LOC:Gulf,True,False
Heidi and I lift up prayers for Beaumont as it endures ongoing raining and flooding tonight.,sympathy_and_support,,,PREP(for)+POBJ(Beaumont)|NER_LOC:Beaumont,False,False
Michelle Obama running the Red Cross meal program?,other_relevant_information,,,ROOT_VERB:running,False,False
Hurricane Harvey is now affecting other cities Like Dallas where there is currently a huge shortage of Gas. Almost $5/gallon in some areas 😭,other_relevant_information,PREP+PROPN,URGENCY_ADVERB,NER_LOC:Hurricane|NER_LOC:Harvey|ROOT_VERB:affecting|PREP(Like)+POBJ(Dallas)|NER_LOC:Dallas,True,True
I humbly request UN help for flood struck southern state kerala almost 400/died so far in floodsmore thousands to die.Its beyond states control .we need all world to come together my parents left my house our town is submerged under water @antonioguterres plz help,requests_or_urgent_needs,PREP+PROPN|PROPN+LOC_NOUN|LOC_NOUN,ACTION_VERB,ROOT_VERB:request|PREP(for)+POBJ(flood)|PREP(in)+POBJ(floodsmore)|ROOT_VERB:control|PREP(under)+POBJ(@antonioguterres),True,True
HURRICANE DORIAN update from National Hurricane Center - prayers and thoughts hopefully all will heed warnings,sympathy_and_support,PREP+PROPN,,PREP(from)+POBJ(prayers)|ROOT_VERB:heed,True,False
Good Samaritans Rescue 2 Dogs From Porch During Hurricane Florence Link:  #pitbullpress #thepitbullpress #betheirvoice #enddogfighting #stopdogfighting #pitbulladvocate #endbsl #pitbulls #pitbull #adoptdontshop #rescue,rescue_volunteering_or_donation_effort,PREP+PROPN,ACTION_VERB,PREP(#)+POBJ(adoptdontshop),True,True
"Storm Surge *Warning* issued for Tampa Bay, #Florida. Danger of LIFE-THREATENING inundation in next 36 hours #Irma ?",caution_and_advice,PREP+PROPN,,PREP(for)+POBJ(Bay)|NER_LOC:Tampa|NER_LOC:Bay|NER_LOC:Florida|PREP(of)+POBJ(inundation),True,False
#KeralaFlood s kindly help in any manner one can this is a major catastrophe after 1924 it’s a disaster#Kerala needs all the help and #AHelpingHandForKerala In supplies of #FloodRelief Materials,sympathy_and_support,PREP+PROPN,ACTION_VERB,PREP(in)+POBJ(manner)|PREP(of)+POBJ(Materials),True,True
Gov. Scott takes @realdonaldtrump and Mrs. Whitey Pants to see damage from Irma at a local mobile home park. tRump Whats a mobile home?,infrastructure_and_utility_damage,PREP+PROPN,,ROOT_VERB:takes|PREP(from)+POBJ(Irma)|PREP(at)+POBJ(park),True,False
"The only buildings that are really built to handle this kind of wind are pretty much literal bunkers, so were probably going to see massive devastation in the Bahamas when the sun comes up. This is terrifying satellite imagery.",other_relevant_information,PREP+PROPN,,PREP(of)+POBJ(wind)|ROOT_VERB:going|PREP(in)+POBJ(Bahamas)|NER_LOC:Bahamas,True,False
RT @pzf: BREAKING NEWS: Tsunami warning issues for New Zealand after powerful earthquake. Evacuations ordered.,caution_and_advice,,,ROOT_VERB:BREAKING|NER_LOC:Tsunami|PREP(for)+POBJ(Zealand)|NER_LOC:New|NER_LOC:Zealand,False,False
"I have lived there and have so many great memories of the city and Main Street. Two 1,000 year floods in two yearsheartbreaking.",sympathy_and_support,PREP+PROPN|PROPN+LOC_NOUN|LOC_NOUN,,ROOT_VERB:lived|PREP(of)+POBJ(city)|NER_LOC:Main|NER_LOC:Street|PREP(in)+POBJ(yearsheartbreaking),True,False
Kentucky Branded donating sales of Teaming Up For Texas shirts to Hurricane Harvey Red Cross relief efforts,rescue_volunteering_or_donation_effort,,,ROOT_VERB:donating|PREP(For)+POBJ(shirts)|NER_LOC:Texas|PREP(to)+POBJ(efforts),False,False
"5PM Advisory On Hurricane Dorian: Winds 140 MPH EXTREMELY DANGEROUS HURRICANE DORIAN HEADING FOR THE NORTHWESTERN BAHAMAS HURRICANE WARNING ISSUED FOR THE NORTHWESTERN BAHAMAS Live updates on Hurricane #Dorian here:  Dorians track, as of 5PM",caution_and_advice,,,PREP(FOR)+POBJ(ISSUED)|PREP(FOR)+POBJ(Live)|PREP(on)+POBJ(Dorian)|ROOT_VERB:track,False,False
"Our prayers and thoughts to the families who have lost their loved ones, their homes and the tireless volunteers and their efforts to co-ordinate and support this tragedy. #greece #devastating #prayforgreece #human #greecefire #prayforathens",sympathy_and_support,,,PREP(to)+POBJ(families),False,False
Going through stuff I haven’t worn in YEARS made me realize how fortunate I am to even have my belongings.ὡ4 #HurricaneMaria #HurricaneIrma,other_relevant_information,PREP+PROPN,,PREP(through)+POBJ(stuff)|PREP(in)+POBJ(YEARS)|ROOT_VERB:made,True,False
What to do if Hurricane Irma damaged a place where you booked a vacation,infrastructure_and_utility_damage,,,ROOT_VERB:do,False,False
"@buknerd yep, were safe and sound, but tsunami warnings etc Check #eqnz",sympathy_and_support,,,,False,False
Prayers are with people affected by floods in Kerala and kodagu. Please support!ὤF #KodaguFloods #SOSKodagu #KeralaFloods #SOSKerala,sympathy_and_support,PREP+PROPN,,PREP(in)+POBJ(Kerala)|NER_LOC:Kerala,True,False
"Delhi! Help #Kerala and have a great time doing it! Go watch this amazing concert tomorrow, to raise funds for flood victims. Some of the greatest bands in India are playing! @parikrama @indianoceanband @TheLocalTrain @AstitvaTheBand #YaariRoad",rescue_volunteering_or_donation_effort,PREP+PROPN,ACTION_VERB,NER_LOC:Delhi|ROOT_VERB:Help|ROOT_VERB:Go|PREP(for)+POBJ(victims)|PREP(in)+POBJ(India),True,True
Distributing rice bags to flood affected area in Wayanad by Kerala Pradesh Youth Congress. @RahulGandhi @Allavaru @keshavyadaviyc @srinivasiyc @IYCKerala @IYC,rescue_volunteering_or_donation_effort,PREP+PROPN|PROPN+LOC_NOUN|LOC_NOUN,,ROOT_VERB:Distributing|PREP(to)+POBJ(area)|PREP(in)+POBJ(Wayanad)|NER_LOC:Wayanad|PREP(by)+POBJ(Congress),True,False
"Kerala floods: EU donates 190,000 euros to Indian Red Cross #KeralaFloods #KeralaFloodRelief #KeralaFloodRescue #KeralaDonationChallenge #SabaSrimalatemple @CMOKerala @BJP4India @PMOIndia @narendramodi @KeralaTourism",rescue_volunteering_or_donation_effort,,,NER_LOC:Kerala|ROOT_VERB:donates|PREP(to)+POBJ(Cross),False,False
"Peace is still, to the risk of strong winds. The projected path for Hurricane #Dorian is OFFshore! Please be safe and make sure you have clean water, clean food, and prepare yourself to be safe.",caution_and_advice,,,PREP(of)+POBJ(winds)|PREP(for)+POBJ(Dorian),False,False
How the front of our house turned out with Hurricane Maria #PuertoRicoSeLevanta #HuracanMaria #HurricaneMaria #HuracanMariaPR,other_relevant_information,,,PREP(of)+POBJ(house)|ROOT_VERB:turned|PREP(with)+POBJ(Maria)|PREP(PuertoRicoSeLevanta)+POBJ(HuracanMaria),False,False
"Goodmorning North Carolina, our thoughts and prays go out to everyone being effected by this hurricane. Just because the eye is not in the Greensboro area you can see the wind and rain",sympathy_and_support,PREP+PROPN|PROPN+LOC_NOUN|LOC_NOUN,,ROOT_VERB:go|PREP(to)+POBJ(everyone)|NER_LOC:Greensboro|ROOT_VERB:see,True,False
Hurricane watch for #Dorian now extends to the Flagler-Volusia county line. Jupiter Inlet to Volusia-Brevard county line is now under a hurricane warning.,caution_and_advice,,URGENCY_ADVERB,PREP(for)+POBJ(Dorian)|ROOT_VERB:extends|PREP(to)+POBJ(line)|NER_LOC:Jupiter|NER_LOC:Inlet,False,True
RT @IndianExpress: #POLL | Should India accept financial aid from UAE for #KeralaFloodRelief ?,rescue_volunteering_or_donation_effort,PREP+PROPN,,NER_LOC:India|ROOT_VERB:accept|PREP(from)+POBJ(UAE)|NER_LOC:UAE|PREP(for)+POBJ(#),True,False
Hurricane Irma: Cuba faces period of darkness and rebuilding: Hurricane Irma destroyed,infrastructure_and_utility_damage,,,NER_LOC:Cuba|PREP(of)+POBJ(darkness)|ROOT_VERB:destroyed,False,False
"We are supporting Nebraska through , help us help them!",sympathy_and_support,,ACTION_VERB,ROOT_VERB:supporting|NER_LOC:Nebraska,False,True
RT @360WiseNews: #BreakingNews | #360WiseNews | #AP | Red flag calls signaled post-Irma deaths at nursing home,injured_or_dead_people,PREP+PROPN,,PREP(at)+POBJ(home),True,False
"My father died my brother was injured we have no house to stay but I am happy to be assisting my community that was affected. Despite suffering tragedy and loss as a result of #CycloneIdai, Wadzanai is volunteering to help others impacted by the storm in #Zimbabwe.",rescue_volunteering_or_donation_effort,,VICTIM_STATE|ACTION_VERB,ROOT_VERB:have|PREP(as)+POBJ(result)|PREP(of)+POBJ(CycloneIdai)|ROOT_VERB:volunteering|PREP(in)+POBJ(Zimbabwe),False,True
RT @ArthurCaplan: GOP chairman in Ohio says California wildfires are punishment” from God. No Ohio is God’s punishment,not_humanitarian,PREP+PROPN,,PREP(in)+POBJ(Ohio)|NER_LOC:Ohio|ROOT_VERB:says|NER_LOC:California|NER_LOC:Ohio,True,False
"RT @Breaking911: RAW VIDEO: Widespread Damage, Flooding Across Saint Martin Due To Hurricane Irma",infrastructure_and_utility_damage,,,PREP(Across)+POBJ(Martin),False,False
Hand of God in Kerala: Human Hand-shaped Rock Appears in Munnar River After Flood Waters Recede,other_relevant_information,PREP+PROPN|PROPN+LOC_NOUN|LOC_NOUN,,PREP(of)+POBJ(God)|PREP(in)+POBJ(Kerala)|NER_LOC:Kerala|ROOT_VERB:Appears|PREP(in)+POBJ(River),True,False
"RT @BronzeStarVet: Camp Fire’s Missing Person List Climbs To 1,011 As Statewide Death Toll Rises To 74 #ParadiseFire #Campfire",missing_or_found_people,,VICTIM_STATE,NER_LOC:Camp|NER_LOC:Fire|NER_LOC:’s|NER_LOC:Missing|NER_LOC:Person,False,True
RT @TheSun: Brit mum’s tearful call home as she swam for her life from Greece wildfires,sympathy_and_support,PREP+PROPN,ACTION_VERB,PREP(for)+POBJ(life)|PREP(from)+POBJ(wildfires)|NER_LOC:Greece,True,True
"As if the wildfires werent enough, Athens is now experiencing flash flooding. #greece #flooding #greekfires #prayforgreece",sympathy_and_support,,URGENCY_ADVERB,NER_LOC:Athens|ROOT_VERB:experiencing,False,True
"Nearly 100 volunteers of #IIT #Hyderabad, including students, faculty and administrators, have been trying to gather supplies and funds for the relief mission. #Keralafloods",rescue_volunteering_or_donation_effort,,,PREP(of)+POBJ(Hyderabad)|PREP(including)+POBJ(students)|ROOT_VERB:trying|PREP(for)+POBJ(mission),False,False
