text,abbreviations,all_caps,number_words,multi_punct,is_informal
"Northern California sheriff: Wildfire claims more lives, bringing deaths to at least 23",,,,,False
"And so the Flo15 was born. Livin the snack food life now. #Flo15 #hurricaneflorence #HurricaneDiet #nc #ilm #snacks #sweetNsalty #ilmStrong @ Wilmington, North Carolina",,,Flo15|Flo15,,True
@SenSanders We need soldiers in Puerto Rico to secure the streets amd drive trucks to get goods out! Please HELP #HurricaneMaria,,HELP,,,False
Lawmakers are already calling for TPS for victims of #hurricaneirma in the Caribbean via @alextdaugherty,,TPS,,,False
"Just sitting here, waiting for the next update from @NHC_Atlantic  Went and stocked up on supplies today, just in case. But I’m really hoping Dorian will just skirt the coast and never make landfall. ὢDᾒ6ἿB‍♀️ #HurricaneDorian2019",,,HurricaneDorian2019,,True
"Y’all, please pray for us out here on the east coast. #HurricaneFlorence just shifted and is expected to make a direct hit to South Carolina (where I’m at). To my fellow east coasters who are in the line of this thing, please take shelter or evacuate if you have to! God bless!",,,,,False
"Incredible work being done by our local @mnredcross volunteers at the Camp Fire in Northern California. Volunteers Deb (Ely) &amp; Gary (Tower) making a big difference, in tough conditions, on behalf of people that are facing so much. #CampFire #CaliforniaWildfires #RedCross",,,,,False
RT @ditmirbushati: Huge earthquake hits #Mexico. My thoughts are with the victims and all those affected by the devastating earthquake!,,,,,False
SEVERE STORM THREAT rest of the night. See all the action on Radar:  #wx #harvey #flooding,,SEVERE|STORM|THREAT,,,False
All the #VanillaIceProject homes are fine and standing. I build them stronger for this very reason. #HurricaneIrma,,,,,False
RT @NZDefenceForce: NEWS || @NZAirForce NH90s bring aid supplies to Kaikoura:  // #eqnz #earthquake #Kaikoura :,,NEWS,NH90,,True
RT @orderofmalta: Thank you to everyone helping with the #ItalyEarthquake #terremoto Please #share the donation info &amp; spread the word http,,,,,False
We currently need any and all available large vehicles by the New Bern NC PD. Water has receeded enough for vehicle rescues. Lots of help needed!!! #rescue #newbern #nc #northcarolina #HurricaneFlorence,,,,!!!,True
"For those looking to support the communities impacted by #Harvey, consider the Red Cross. We did.",,,,,False
#BREAKING: Daylight is revealing streets &amp; cars underwater from record-breaking flooding and wide-spread damage #Irma #Jacksonville #Florida,,BREAKING,,,False
The fog is actually from the fires. Heartbreaking.,,,,,False
Standing tall &amp; Flying free. Bring it on #hurricaneharvey 🇱🇷 Through the wind the rain the flooding and the pain. Torn but still standing💪🏾,,,,,False
"@CStrangeNW @emc2_n @SenSchumer Wow, you totally stumped everyone with this one. By this logic, places like Texas, Louisiana, Florida and Nebraska dont need disaster aid, because they already receive money from the Feds. But sure, keep ignoring that natural disasters cost more than what most states get",,,emc2,,True
"With a death toll that’s rising, leaving scores of people injured, a severe #earthquake of magnitude 5.8 has hit #Pakistan with epicenter lying 1km south-east of #Mirpur #AzadKashmir. We pray for the precious lives lost and ask the Almighty to show His mercy on us all. Ameen.",,,1km,,True
Yep! Mathew and Irma caused $30 million in damage to JEA. FEMA paid 90% of that. If JEA is sold that expense will be passed on in higher rates!! #jeaisours #ilovejax #jaxpol,,JEA|FEMA|JEA,,!!,True
Heavy Rain Lashes Chamarajanagar; 4 Buffaloes Washed Away in Flash Floods:  via @YouTube,4 → for,,,,True
"The NWS job doesnt end with observations, forecast, warnings and IDSS. Important to insure actuals of surge, flooding, precipitation, wind and other observation parameters are accurately documented.",,NWS|IDSS,,,False
Homeless Man Among Hurricane Evacuees at Convention Center Grooms Displaced Pets: I Wasnt Raised Not   via @people,,,,,True
Packers Aaron Rodgers donates M to California #WILDFIRE victims  #GPWX,,WILDFIRE|GPWX,,,False
"Lexus Bus Of Kannur Vijay Fans, Today Runs For Chief Ministers Flood Relief Fund. #KeralaFloods #KeralaFloodRelief #DoForKerala",,,,,False
"Drone video shows miles of fallen power lines and poles in Avon Park, Florida, on Wednesday after Hurricane #Irma damaged the area.",,,,,False
"RT @AP: AP PHOTOS: Rescue team members wait to assist in the aftermath of Hurricane Maria in Humacao, Puerto Rico.",,PHOTOS,,,False
"Miley Cyrus and Liam Hemsworths home was destroyed in the California wildfires, and this is what remained.",,,,,False
Early images from my family of the destruction left in Dorian’s path. Many have already suffered losses. #prayfortheBahamas#hurricanedorian @CNNweather @cnnbrk @breakingweather @weatherchannel,,,,,False
RT @tspoon87: Foor For The Poor supports Haitis hurricane relief.  support Haiti by giving what you can at /,,,tspoon87,,True
"#KeralaFloodRelief Heartbroken by the catastrophic flooding in Kerala, US tech giant Apple on Saturday announced to donate Rs 7 crore towards the ongoing relief work. -",,,,,False
Gulf Gate Elementary School is opening as a shelter at 6 p.m. #Irma,,,,,False
Insane footage from the Bahamas! Thoughts and prayers are with them.,,,,,False
RT @dsimonjackson: Want to help support victims of the Fort McMurray wildfire? There are alternatives to the Red Cross.,,,,,False
RT @CNNnews18: The strongest hurricane to hit Puerto Rico in more than 80 years destroyed hundreds of homes,,,CNNnews18,,True
Puerto Rican cop telling the truth about Hurricane Marias aid  #MSM #MAGA #DEMEXIT,,MSM|MAGA|DEMEXIT,,,False
#KeralaFloods | Putting the Centre’s Rs 600-crore aid in context. (Via @IndiaSpend) Read more:,,,,,False
RT @sonictoyhunter: You got water for #HurricaneDorian?” Me: I got the only water I need”,,,,,False
"Hey pls donate whatever you have to this wonderful country that we have completely fucked over, pls!!!!!",pls → please,,,!!!!!,True
"We are closely watching the track of Hurricane Florence. At this time, our hospital is only accepting emergency patients. ALL OUTPATIENT SERVICES HAVE BEEN CANCELLED. We encourage everyone in our community to make their preparations and plans now.",,ALL|OUTPATIENT|SERVICES|HAVE|BEEN|CANCELLED,,,False
"The TX Dept of Public Safety says more than 37,000 homes were heavily damaged &amp; nearly 7,000 were destroyed  #Harvey",,,,,True
California wildfires: At least 42 are killed in deadliest blaze  #SmartNews,,,,,False
So idk if any of you know but I live in Ecuador and I was in the zone affected by the earthquake,idk → i do not know,,,,True
"Rescue crews search for residents in an Immokalee, Florida neighborhood that was heavily damaged by Hurricane #Irma.",,,,,False
RT @BlueAlertUs: And the evacuation has started in Florida #HurricaneDorian #BePrepared #HaveAPlan #Florida,,,,,False
"Address to which relief materials are to be sent : District Collector, Collectorate, Kalpetta, Wayanad 673122, Kerala Phone: 04936-204151, 9745166864, 9746239313 #KeralaWaters #Flood #ReliefMaterials",,,,,False
The death toll of Cyclone Idai is now at 96. MTSRIP #cycloneIdai #chimanimani,,MTSRIP,,,False
RT @USRealityCheck: Island Destroyed: All Power Out as Maria Crushes Puerto Rico  #USRC,,USRC,,,False
Its going to get worse: Official fear many more deaths in California wildfires - GMA -  via @GMA,,GMA|GMA,,,False
Landslides are happening in hilly areas..People please be cautious..Please avoid travelling unless it is very urgent.. #KeralaFloods,,,,,False
Texas officials say at least eight dead as Hurricane Harvey flooding continues  #alaska,,,,,False
"To All Those peoples who barks that #Rajini sir gave only 15lakhs to #KeralaFloods. Please note it ! During the Time of Chennai Floods, the Veteran #Superstar Cancelled his birthday Celebrations and donated Rupees #10crores towards relief. Remember that ! @rajinikanth",,,15lakhs|10crores,,True
@realDonaldTrump I bet youre trying to figure out how you can profit $$$ from this disaster. You scum. Youre Hurricane Harvey flood water scum.,,,,,False
Update: Perdido inspections continue and have not revealed any major damage. #Harvey,,,,,False
"High risk of fires in Attica, Evia, Chios, Lesvos #Greece #Greecefires",,,,,False
Please pray for all the people in harms way.,,,,,False
#politics #media #news  Hurricane Maria cause massive destruction in Puerto Rico - Al Jazeera English,,,,,False
"@CNN Heres an idea Bring in cruise ships to Puerto Rico and load residents on. Food, electricity, water, etc. #HurricaneMaria",,CNN,,,False
An early look at Hurricane Harvey damage and how storm developed -,,,,,False
"I was given the opportunity by @NebraskaCoach to share some thoughts on the culture, mission, values and goals in our @KHS_BoysSoccer program and how thats helped lead to on-field success. Page 12-13 if youre curious!",,,,,False
"On the agenda: distributing supplies, helping move people to safety, assisting hospitals with backup power @nycoem",,,,,False
What a tragedy and yet tRump &amp; Pence do nothing to help Americans. tRump &amp; Pence need to sit aside their racism and help,,,,,False
"On St. Martin, an official said 95% of the island was destroyed by Hurricane Irma",,,,,False
Happy #Onam Our thoughts &amp; Prayers are with #KeralaFloods victims too.,,,,,False
Brothers and Sisters; Please Pray for Florida against Hurricane Dorian!! @WhitenackGail @Justice4allCQ @FlashQuora @DianeBohallGray @JesusIsWarning @MorpheusSeeks @CarolDreiling @uifan01 @TBeansprout,,,Justice4|uifan01,!!,True
Those who require dinner tonight at anywhere in Cochin please contact the below number They can arrange food for 1000 people Contact Person : Firoz 7012703529 #KeralaFloods #Cochin,,,,,True
Dr. Jonmenjoy Biswas checks w/his family during #HurricaneHarvey flooding during the night. #ThankYouVAEmergencyRoomStaff #HoustonStrong,,,,,False
"Just like in Katrina, Mexico sending food and help and aid for the Americans in Houston! #mexicosendsthierbest #HurricaneHarvey",,,,,False
Kearneyite Judy Witte named an outstanding volunteer by the Nebraska Hospice and Palliative,,,,,False
Our student-athletes are here setting up the shelter for all of the first responders that are staying on campus to take care of them! #LynnCares #FloridaStrong #HurricaneDorian @Lynn_Knights @LynnUniversity,,,,,False
"Thousands of @ArtofLiving Volunteers across d country reaching out to d affected areas to provide immediate material &amp; trauma relief to d victims.Your contributions can help us to reach out to d victims with clean water,Good items, hygiene/shelter kits #KeralaFlood #Donate4kerala",,,Donate4,,True
#StandWithKerala | Donations from different states for Kerala flood :- Andhra - 5 Cr Delhi - 10 Cr Karnataka - 10 Cr Odisha - 5 Cr Punjab - 10 Cr Pondicherry - 2 Cr Tamil Nadu - 10 Cr Telengana - 25 Cr LIVE UPDATES HERE -,2 → to,LIVE|UPDATES|HERE,,,True
RT @azamsahmed: I cant bear this! The cries of the families who lost 30 schoolchildren to the earthquake in Mexico by @Paulina_VV :,,,,,False
3/3 Tks @billmckibben Barely heard about it in #AUS. Too busy mistreating refugees from these areas to worry #CycloneMora #climatechange,,AUS,,,False
Bless Kashmir. Prayers and good thoughts after the #earthquake Pic via @head_of_toys,,,,,False
"As painful images of the nations deadliest wildfire in at least a century continue to be shared, there is an outpouring of help. @WATELauraHalm talks to American Red Cross volunteers from East Tennessee whore already assisting with relief in California",,,,,False
Our hearts go out to all who are involved in California fires in any capacity. No one wants their sky to look like this. #CaliforniaFires #CampFire #ParadiseLost #MalibuFire #ThousandOaksFire #Becareful,,,,,False
"Pewaukee Family, we are hosting a local supply drive for the victims of #HurricaneHarvey at Pewaukee High School, 510 Lake St, Pewaukee, WI.",,,,,False
I feel sooooo bad for the flood victims!!! These videos are sad as shit,,,,!!!,True
"Horrible, food and water hopefully are coming by the USA, not by Trumps abuse on foreign aid policy.Its Worldwide",,USA,,,False
RT @AlertNet: VIDEO: Widespread damage after deadly Ecuador earthquake,,VIDEO,,,False
A friend is getting deployed on Thurs to help Harvey victims. She wants to supply basics to those in need pls help!,pls → please,,,,True
The Latest: Irma damage reported on Georgias Tybee Island,,,,,False
"NAS Mayport has ordered evacuations starting at 8am Monday, in advance of #Hurricane #Dorian. #FLwx #jax",,NAS,8am,,True
#HurricaneFlorence has caused mandatory evacuation along the U.S east coast.,U → you,,,,True
"@NancyPelosi The people who were displaced by the Camp Fire are in a Walmart parking lot at Chico, California desparately need your help. they have been asked to leave. They have no where to go and California should be ashamed of the treatment they are not receiving.",,,,,False
"Fantastic work, @MarcoFabian_10! ὄF The @eintracht_eng player has been raising money for Mexicos earthquake victims ὤF἟2἟D",2 → to,,,,True
"Trump Approves Florida Emergency Declaration Ahead of Hurricane Dorian. The U.S. National Hurricane Center (NHC) on Aug. 30 said Dorian is a strong Category 2 storm with 110 mph winds, but it is expected to further strengthen to a Category 4",U → you|2 → to|4 → for,NHC,,,True
"Exposure to mold during flood cleanup can cause respiratory illness, eye irritation &amp; skin rash. Stay safe:",,,,,False
"RT @ksfynews: A convoy of trucks from North Dakota headed to Fullerton, Nebraska to help out with flood relief.",,,,,False
RT @Critical_EG: To our clients and team members in Florida: CEGs thoughts and prayers are with you. Stay safe!!!,,,,!!!,True
"You (people of Kerala) have shown the way to the rest of the country. ἞E἟3  ~ @RahulGandhi in his short media address after his visit to some of the 1600 relief camps sheltering 1 million people throughout the flood ravaged state of Kerala, India. #KeralaStrong #RebuildKerala",,,,,False
"IRMA: At damaged Gatorama, crocs now mingling with gators",,IRMA,,,False
"684 nursing homes have a generator &amp; must have the generator onsite as a result of the state of emergency, and 3 facilities have emergency plans to evacuate if needed. #HurricaneDorian #FLPrepares @GovRonDeSantis @FLSERT",,FLSERT,,,False
Our thoughts and prayers go out to all those affected by the #ItalyEarthquake. #PrayforItaly,,,,,False
"2 earthquakes in Japan, and now dozens dead in powerful Ecuador earthquake @CNN",2 → to,CNN,,,True
ἰ0 Louisiana #CajunNavy. #HurricaneFlorence Water rescues if conditions allow. Toll free number is 888-372-2586. Zello Channel is LCN Emergency Response 2018.,,LCN,,,True
I hope and pray tht everyone is safe ᾓ2ᾗA I hope tht no lives are lost ὡ3 #earthquake,,,,,False
RT @cruzrojaecuador: #Earthquake #Ecuador Our volunteers are helping affected people. We give first aid and psychosocial support .,,,,,False
".@NBCNews Meteorologist Bill Karins: Hurricane Florence weakens to a Category 2 storm, but it could still bring huge flooding to coastal areas.",2 → to,,,,True
"Donnie, STFUThats not what you said about California a few days ago. You took the side of the fire against the victims of this disaster. You blame us for not raking our dry leaves. Is Ivanka going to do a deal with China to get us rakes?",,,,,False
"OOC: My longtime friend @COHAlexSurfire resides in Florida, the target of #HurricaneIrma. Stay safe man. Youre in our thoughts.",,OOC,,,False
Unbelievable scenes from #Bahamas and the impact of #Dorian. So much destruction. Mother Nature is relentless #Weather #hurricane #Abaco,,,,,False
"@kawalpreetdu @shahid_siddiqui @t_d_h_nair @PrabhuChawla #Kerala #KeralaFloods #KeralaFloodRelief official statement of UAE government on aid ὤ4where 700 cr 100 million ᾑ4ᾑ4ὄEὄ7ὔCὔB they will provide it to Hajis, when will you saw #Mecca received your share ὠFὠF @sagenaradamuni @ManojKureel",,UAE,4where,,True
PA will help Puerto Rico in whatever way we can. I encourage all PA’ians who are able to donate to #Maria relief.,,,,,False
@realkashmirfc @GokulamKeralaFC @CMOKerala @KeralaBlasters Thank you kashmir brothers and Sisters. Plz prayer for kerala #KeralaFloodRelief #KeralaFloods,Plz → please,,,,True
RT @MonaBleick: California wildfire victims will face unique challenges finding new housing,,,,,False
Grateful to NC State hosting overflow parking for #cgffn17: Gate C off Trinity. Shuttle buses start running at 5pm (thank you volunteers!),,,cgffn17|5pm,,True
RT @LDComputers: You can help! Donate to @redcrosscanada Alberta Wildfire relief in store or online,,,,,False
For Houston area updates on Hurricane Harvey including helpful emergency information please click the link below.,,,,,False
Saying a prayer for all those who need help and working to put these fires out!,,,,,False
#KeralaFloods: This elderly couple along with the support of their son cooked food to feed 1000 flood victims daily. ὤF #Respect #India #KeralaFloodRelief #KeralaDonationChallenge #KeralaFloodReliefFund #keralarescue #ThursdayThoughts #Thursday,,,,,True
#HinduTemples with #Kerala #Guruvayur Sri Krishna Temple donated Rs 5 Crore 37 Lakhs for the #KeralaFloodRelief ὤFὤF #TempleConnect #KeralaFloods  Your Devotional Connect Online,,,,,False
Before and after VIIRS images of Puerto Rico show the devastation of Hurricane #Maria. Donate to the @RedCross here:,,VIIRS,,,False
@FatalQuinte Hopefully Irma kills herself before it gets to that point.,,,,,False
"RT @ConvoyofHope: Severe flooding in Sri Lanka has affected more than 150,000 families — we are responding! ὏7: @Tharaka_ at @AP .",,,,,True
RT @KeerthySKfanzz: Our @KeerthyOfficial donated 10 lakhs rupees for #KeralaFloodRelief @CMOKerala #doforkerala,,,,,False
"The wildfire has killed at least 71 people, with the number climbing daily.",,,,,False
"@Wamagaisa this is why there is so much more heartbreaking effects and damage is yet to be realised. According to these guys, 200+/- bodies of those that ddnt use the rope to leave ths Police base were washed away. But #zbc is saying 98 pple died.",,,,,False
@HEEMZS Hurricane Harvey and the damage to oil refineries,,HEEMZS,,,False
RT @Refugees: #EcuadorEarthquake: We launch major emergency aid airlift from Copenhagen  Pic:EPA/J.Jacome .,,EPA,,,False
Will Trump speak first about the heroic National Guardsman who gave his life trying to soave a civilian from the Maryland floods? Or Roseanne and political correctness? Hmmmmm,,,,,True
"If you are parents/fans coming to home games this weekend, we will gladly take water donations to help those in need in Texas. @GodsPitCrew",,,,,False
From a Sabres fan in Florida. Our thoughts go out to all in the path of #HurricaneIrma. Be safe!,,,,,False
RT @malaysiakini: Ecuador quake death toll rises to 350 as EU offers 1 million in aid,,,,,False
DETAILS: #Evacuation order issued for those within the radius of the potential #explosion  #HurricaneHarvey #Texas,,DETAILS,,,False
RT @Daily_Express: Hurricane Irma pictures LIVE: Shocking damage and destruction as Irma hits Caribbean,,LIVE,,,False
"guys, please keep the people of mozambique, zimbabwe and malawi in your du’aas, there’s been rapid and deadly flooding due to cyclone winds and nearly two million people have been severely impacted",,,,,False
"Additional crews from Alabama, Virginia, and Tennessee are here or in route to assist us in restoration efforts. To report an outage, call 1-800-794-4423. #HurricaneFlorence #CoopStrong",,,,,False
News: Dorian could strengthen to a category 4 before making landfall”. Florida has declared a state of emergency” FAMU:,4 → for,FAMU,,,True
Bus driver from heaven rescued nearly two dozen young children from California wildfire,,,,,False
"All our utility companies are part of the mutual assistance network. We wish @PECOconnect, @PepcoConnect, @DelmarvaConnect and @ACElecConnect employees a safe journey as they help areas affected by #HurricaneDorian. Learn more about mutual assistance:",,,,,False
@jakepaul Hurricane Harvey wont stop these kids. Please give them a RT or shout out. Thanks for ur help.,,,,,False
"Ἳ0 JACKPOT! We’ve hit the motherload! Over (20) cases of Singlecut greatness, including their HIGHEST RATED beer to date IN CANS: ὒ5 All That Is Now | Double Dry-hopped Imperial IPA |",,JACKPOT|HIGHEST|RATED|CANS|IPA,,,False
Property owners urged to file insurance claims for #HurricaneHarvey now — and what that new Sept 1 law means  #SATX,,SATX,,,False
Hurricane Maria bringing dangerous surf conditions to the Cape Fear #ncwx #scwx,,,,,False
RT @Dave_Khan: Another reason not to donate to Ezra Levants Rebel cynical donation drive. Individual donations only are matched.,,,,,False
"With the trend of events, its best if all homes own boats. #HurricaneHarvey #HurricaneHarvy #hurricane",,,,,False
Zim cricket star @SRazaB24 donates to #cycloneidai efforts  #3mob,,,SRazaB24|3mob,,True
"@andymartinez105 @andersoncooper @CNN @seanhannity @SaraCarterDC @IngrahamAngle @greggutfeld The photo is from Hurricane Ike, not Hurricane Florence, and Anderson was demonstrating how the water can be surprisingly deep in certain areas.",,CNN,andymartinez105,,True
Unofficially we are all goth dancing at Fleetwoods to scare #HurricaneFlorence away. Come out and dance before your power goes out and your basement floods! #asheville @sonnyfalls @mammabearmusic,,,,,False
"Quick report from Fremont #Nebraska today! Humbled to see this amazing community working together to support their neighbors happy @WCKitchen has been able to do our part. Need is slowly going down, which is a good sign of the recovery after the floods here! #ChefsForNebraska",,,,,False
"This was taking in Aguadilla, my heart is in pieces hoping &amp; praying that my people make it out alive. #PrayForPuertoRico #HurricaneMaria",,,,,False
"RT @NotiUno: Hurricane Maria damaged Guajataca Dam, which is in imminent danger of failing built by Army Corps of Engineers in 1929 - @he",,,,,False
Getting ready for Hurricane Dorian!!!! Generator and a rainproof generator tent!!! Sure hope we dont have to use this but nice to have it just in case we do. This is strongest storm that I can remember hitting us. We could be without power for days. ὢ5,,,,!!!!|!!!,True
We should’ve used leaf blowers to blow Dorian in the direction of the Amazon so the rain could put the fires out,,,,,False
RT @itimestweets: .@iHrithik &amp; #ChiyaanVikram also come forward to help victims of #KeralaFloods.,,,,,False
ἷ4 Window is up! Were at Federated Building until 10:00am. Details on @MobileNom,,,00am,,True
Provider group: Residents Irma-related deaths not representative of profession,,,,,False
Ya Allah safe Pakistan from all the evil eyes ὤFἿB #earthquake,,,,,False
"The POTUS did not enter flood waters, no POTUS would be allowed to. Trump wouldnt if he were allowed. This is Brandon Smith. #Hero.",,POTUS|POTUS,,,False
#earthquake Please pray for World pray for peace ❤️ #earthquakepakistan #EarthquakeAlert #Lahore #AzadKashmir #Kashmir,,,,,False
RT @britneyspears: Keeping the people of Puerto Rico and those affected by #HurricaneMaria in my thoughts ❤️἟5἟7,,,,,False
"RT @vegan: As of 2:30 a.m. we count 10,059 refugees and 189 pets (in shelters), &gt;&gt;&gt; Only 2% of Puerto Ricans have a pet?!?",2 → to,,,?!?,True
"#FL Orange County, FL @OrangeCoFL will open 12 Evac shelters on Sun, Sept. 2 at 8 a.m. DO NOT arrive beforehand. View the latest info for Orange County residents at . and also be found at . #hmrd",2 → to,NOT,,,True
RT @YT_PartnerID: Ecuador 7.8-magnitude earthquake video #Confirmation volcan chile @News24,,,News24,,True
"Camp Fire Incident Status (as of 24NOV18 08:30) Pct Contained: 95% Structures Destroyed: 13,954 res, 514 cmcl, 4,265 other Fatalities: 84 Acres: 153,336 Acft: 2 Engines: 102 Personnel: 1,628 **Project full containment o/a 30NOV ** SAR/US&amp;R/FD continue missing victim search",R → are|2 → to|4 → for,SAR,24NOV|30NOV,,True
Im raising money for State of Mexico Earthquake victims. Click to Donate:  via @gofundme,,,,,False
#Irma damaged thousands of homes in FL. @SamaritansPurse disaster relief teams are working to help people clean up in Naples &amp; Fort Myers.,,,,,False
"As of 5:30 a.m. no flooding reported on SA area roads, but rain expected thru today. Remember #TurnAroundDontDrown. #HurricaneHarvey",,,,,False
Puerto Rico had half as many the last time it saw a hurricane this bad Biggest hurricane 90 years ago killed 5000,,,,,True
"Hurricane Harvey shows how we underestimate flooding risks in coastal cities, e.g. Mobile #Alabama, scientists say",,,,,False
"#NC03 / #NC09 folks: 1. DECIDE: Evacuate or shelter in place 2. PROVIDE: Food, water, meds, fuel (for you AND your animals) 3. CONFIDE: Check on / take in the elderly, disabled, and singles 4. STEM THE TIDE: Vote Tues (or Weds latest) for @McCreadyForNC / @AllenThomas4ENC #ncpol",2 → to|4 → for,DECIDE|PROVIDE|AND|CONFIDE|STEM|THE|TIDE,NC03|NC09|AllenThomas4,,True
RT @NZcivildefence: The marine and beach tsunami threat warning will remain in effect until a cancellation message is issued. #eqnz,,,,,False
Being out of the cone DOES NOT mean you are away from the effects of #Dorian - The NHC has issued a TS Watch from Golden Bch to Deerfield Bch which is completely outside the cone. TS Warning area starts at Deerfield Bch outside the cone. Runs to Sebastian Inlet. #DorianFlorida,,DOES|NOT|NHC,,,False
Enter a zip code and visualize houses &amp; infrastructures of #FortMcMurray most damaged areas #Disaster #Wildfire,,,,,False
Our #ERN team of emergency responders supported by @action4ifaw is busy at work on #KeralaFloodRelief See how they rescued and released a monitor lizard from behind the fridge in a kitchen,,ERN,action4,,True
My kids wanted to do a fundraiser to help raise money for Hurricane Irma victims yesterday and I ( and some help,,,,,False
"#sabcnews :NGO @GiftoftheGivers winding up its humanitarian mission in cyclone ravaged Mozambique after distributing 55 tons in aid and deploying 50 medics in Bizu, Mozambique and Ngangu in neighbouring Zimbabwe. One thing is clear, the impact of Idai will linger on",,NGO,,,False
"1)To all affected by Irma -Download Zello walkie talkie app on your phone. When you open the app, type Florida search and rescue",,,,,False
The Chosen Prime – Charity Effort For Hurricane Harvey Relief  #transformers,,,,,False
Beware of Hurricane Harvey Relief Scams — Krebs on Security:,,,,,False
No Tsunami threat to India in the wake of New Zealand quake There is no tsunami threat to,,,,,False
RT @ATTCares: @angelito1289 We are working around the clock to help people of Puerto Rico rebuild from Hurricane Maria &amp;Irma. Please send a,,,angelito1289,,True
Fake Christian GOP Leader Calls Wildfires ‘God’s Punishment To Liberal California’,,GOP,,,False
Why is the food being distributed by politicians and not churches or organizations such as red cross. @nickmangwana @ZBCNewsonline @fortunechasi @daddyhope @Mamoxn @zenzele @RaphaelMakumbe @PacheduZW @Wamagaisa @ShingiMunyeza.,,,,,False
@PrincessBravato Hurricane Dorian could go to a category 5 hit Florida and stall as a category 5 for a month and still not do as much damage as trump has in the same amount of time.,,,,,False
Kerala did not send a single rupee as aid to Uttarakhand though both were in UPA rule. KERALA DID DONATE 5 crores for Pakistan flood aid. UK despite being under BJP now send Rs 5 crores to Kerala. Thats how communism works in India. Much maligned Hindu terrorists to rescue.,,UPA|KERALA|DID|DONATE|BJP,,,False
"#HurricaneDorian #Messiah @LouisFarrakhan warns Right now Allah is whipping EVERYBODY on our planet, little by little, with weather (#rain, hail, #snow,#earthquakes, #fire and water, #tornadoes,",,EVERYBODY,,,False
A big ὄFἿD for @ndtv for helping #KeralaFloodRelief via Telethon. This is what airwaves are meant for. To help Indians in need.,,,,,False
@akshaykumar Sir Bihar has gone 5-10 years behind this years flood. Can you help some of us people? I am not writing this alone by the people of Bihar.,,,,,False
"Ὢ8Update: The Death Toll has risen to 59 confirmed Dead Statewide in the California Wildfires. Over 9,235 Homes, Buildings/Structures are Destroyed. Hundreds of Thousands Woods,Forests,Land,&amp; Areas Burnt/Ravaged. Countless Number of Wildlife &amp; Pets Burnt Alive. New Fires Growing.",,,8Update,,True
If you are disabled and live in a hurricane evacuation zone and require transportation assistance for reaching a shelter call Palm Tran Connection for the Special Transportation Assistance Program (561)649-9848 or (877)870-9849 #HurricaneDorian #PalmBeachCounty,,,,,False
"PLEASE RETWEET: Mutare residents, at least 200 volunteers are needed on Thursday morning to help with packing and loading care packages to be sent to Chimanimani. Heres where you need to go: 18°5826.8S 32°3919.2E",,PLEASE|RETWEET,8S|2E,,True
Continuing to pray for victims and their families of the devastating earthquake in Mexico CityὤFἿB #prayformexico #outreach #rescue,,,,,False
"Irish man Brian OCallaghan-Westropp who went missing during the worst wildfires to hit Greece in more than a decade has died, his family has confirmed.",,,,,False
#HurricaneDorian2019 Adding the hashtag. Please donate to help Wings of Rescue get animals out of harms way. Thanks. #TheResistance,,,HurricaneDorian2019,,True
"If U want 2go under the radar, deal w any type of chemicals, A state that DOESNOT have MANDATORY FIRE ALARMS IN BUILDINGS, HAVE BIZ IN TEXAS",U → you,DOESNOT|MANDATORY|FIRE|ALARMS|BUILDINGS|HAVE|BIZ|TEXAS,2go,,True
"Almost forgot: Happy New #WaterYear! 2017 is now in the books. From Matthew to Maria, a year to remember for tropical storm-related flooding",,,,,False
"The most extreme damage was from Sugarloaf Key to Marathon. The massive surge caused significant damage there, along with the winds. #Irma",,,,,False
RT @EricHolthaus: Two one-thousand-year floods -- in two years -- in the same town in Maryland.,,,,,False
RT @IBTimes: This interactive map shows the damage Puerto Rico suffered during Hurricane Maria,,,,,False
I added a video to a @YouTube playlist  Jamie Foxx &amp; Taron Egerton discuss California fires at Robin Hood,,,,,False
Help us support those impacted by Hurricanes Irma and Harvey Here’s how to donate:,,,,,False
Fort McMurray teen rides horse out from wildfire evacuation: When the flames approached and Jada Polem had to,,,,,False
Learning to live w/ water: Mississippi River mayors agree to use wetlands/ parks to reduce flood damage.  #MRCTI,,MRCTI,,,False
Hurricane Irma: UK overseas territories not eligible for foreign aid,,,,,False
RT @ukbizz: Hurricane Irma kills eight on Saint Martin as it pounds Caribbean  #UK #UKBiz,,,,,False
this man used this 14 foot aluminum boat to rescue people out of their homes when they were flooded at least 5 feet during hurricane Irma he’s preparing to do the same thing for Dorian.,,,,,False
Ice hockey match raises funds for the victims of wildfire in Canada,,,,,False
RT @Vision2020Info: Several organisations are helping out with rebuilding after Kerala Floods. Great service,,,Vision2020,,True
"Kerala has 26.56% muslim population The real sacrifice would have been instead of sacrificing animal, donating money used for buying animal to rebuild life of Muslims affected by flood in Kerala",,,,,False
"#earthquake Update: Death Toll rises to 19 as per Unconfirmed reports from local sources in AJK. One casualty also reported from Jehlum, Punjab.",,AJK,,,False
Sobering thought seeing the damage in Wellington how lucky it was midnight Wouldve been fatalities if this was during business hours. #eqnz,,,,,False
Help after Irma-- Have serious damage to your home or property &amp; need FEMA assistance? How you can speak to a rep face to face.@wjxt4,,FEMA,wjxt4,,True
Hyderabad: The power utilities of Telangana State on Tuesday sent electricity supply material worth Rs 2.5 crore to flood-hit Kerala to help the State in restoring power in the worst flood-hit areas. Energy Minister P Jagadish Reddy on Tuesday flagged off a convoy of 17 trucks,2 → to,,,,True
Now #dorian is one of the strongest hurricanes in modern history. This is getting real for #SC and Edisto Beach. A reminder of damage here from Hurricane Matthew- as a Cat 1 -non-direct hit. #HurricaneDorian2019 Be prepared! Please don’t leave pets behind!,,,HurricaneDorian2019,,True
"Wow, this whole time I thought Katrina affected hundreds of thousands of people but I guess it was just one clothing store",,,,,False
For Florida residents evacuating and who cant afford lodging. 👇🏻 #HurricaneIrma,,,,,False
"Bronze-medallist Seema Punia to donate #AsianGames2018 pocket money for #KeralaFloods2018 victims, asks others to do same",,,AsianGames2018|KeralaFloods2018,,True
Supplies to be sent to Puerto Rican victims of Hurricane Maria #NewBritain,,,,,False
Tourists were stranded in Hurricane Irma after a rescue ship belonging to the Marriott hotel chain didnt allow non-hotel guests to board,,,,,False
Praying for everyone affected by the New Zealand earthquakes. God be with you all. #eqnz #Prayers,,,,,False
East Meck HS is one of the schools opening as an emergency shelter for Hurricane Florence evacuees. Well have team coverage on the storms impact ahead at 5 a.m. on @wsoctv !,,,,,False
"The result of 185 mph winds, flooding rain and storm surge. Terrifying. The Bahamas are going to need the help of individuals, companies, NGO’s and Nations. This is not us and them. America becomes stronger and more united when our nation helps those in need.",,NGO,,,False
"⚡️#Moments: #Tennessee #TruckDriver rescued 64 #shelter #animals on #SchoolBus during #HurricaneFlorence Last week #TonyAlsup #rescued 53 #dogs 11 #cats from #SouthCarolina #shelters expected to be affected by #Hurricane #Florence, drove then to #Alabama",,,,,False
New Earthquake Shakes Mexico City as Death Toll Climbs to 305  #news,,,,,False
Joined by @bhensonweather of @wunderground to discuss weather conditions surrounding the Fort McMurray wildfire #ymmfire #FortMacFire,,,,,False
Donate to help bring relief to victims of Irma &amp; Harvey Hurricanes. #irma #harvey #hurricanerelief,,,,,False
"One plane with Hurricane Maria evacuees lands in Shreveport, more to come",,,,,False
"DONATE NOW: There is a rush to get supplies to areas hit hardest by #HurricaneFlorence, that includes blood. About 170 blood drives were cancelled due to the storm. Find out how you can help ➡️",,DONATE|NOW,,,False
@CoralSpringsFL Will the city be providing flood barriers or sandbags to protect our homes against flooding?,,,,,False
Damage Repair Resulting From #HurricaneHarvey Projected At $160 Billion  by @MaryScottNabers @myspi,,,,,False
"Right, Ivanka, why didnt you get daddy to help the people in disaster areas instead of ranting about NFL? Too bad youre not helping.",,NFL,,,False
RT @FOXNashville: NASA has released footage of Hurricane Dorian as it moved over the Atlantic Ocean on Sunday.  http,,NASA,,,False
Scarce fuel and electricity. Erratic food delivery. Destroyed schools. A Caribbean island starts over after Irma.,,,,,False
There was obviously supposed to be an evacuation in the #Bahamas. #HurricaneDorian2019 #HurricaneDorian,,,HurricaneDorian2019,,True
I have been to the Bahamas dozens of times. The people there are the absolute loveliest. Theyve welcomed the whole world to find respite on their shores. Say a prayer for them tonight. The damage that Hurricane Dorian has caused is heartbreaking. #PrayForTheBahamas,,,,,False
RT @mtfarnsworth: Americans in Puerto Rico are without power and without supplies.,,,,,False
#earthquake. 22 people lost life including an army soldier while 160 people got injured. Three communication bridges near Jatlan damaged. Road Jatlan-Mangla settled at multiple locations rendering it unusable. No damage to Mangla Dam reported. #ISPR #Pakistan #Mirpur #Kashmir,,ISPR,,,False
"RT @VeraMBergen: At least 71 people have died, more than 1,000 others are missing, and more than 12,200 structures have burned down",,,,,True
Good advice from Rick Wilson #Floridians #HurricaneDorian,,,,,False
We all want to help those who have suffered in a disaster. Heres how to do it best:  #HurricaneIrma,,,,,False
"Where to Donate for Hurricanes Harvey, Irma &amp; Maria /Earthquake Relief - StudentWebCafe  via @studentwebcafe",,,,,False
Excellent use of the @abcnews before-after sliders to show the extent of the damage caused in Paradise by the recent #CampFire in California. Fine work by @cristentilley and @tim_leslie,,,,,False
"Home repair supplies after Irma. 🏠 (@ The @HomeDepot in North Miami Beach, FL)",,,,,False
Seeing the sun burst through the flooding is a very welcome sign. #Harvey #KHOU11 @khou,,,KHOU11,,True
"People say to pray for Haiti/Jamaica because of Hurricane Matthew, but they get hit every year so all this praying aint even working. #js",,,,,False
Roads along Peringalkuthu dam gets damaged  #KeralaFloods2018,,,KeralaFloods2018,,True
Our teams are now on the ground in Greece where wildfires have killed at least 60 people. Follow @marklowen @jreybbc @GavinLeeBBC @KallergisK @kkoukoumakas @julianmig for latest,,,,,False
There is no night so long that it prevents the sun from rising. #earthquake #terremoto #ItalyEarthquake #PrayForItaly,,,,,False
MFR is responding to help those flooded by #HurricaneHarvey. Help support search and rescue + recovery efforts:,,MFR,,,False
"RT nytimes: Even in a state hardened to the ravages of wildfires, the infernos that raged at both ends of California on Friday were overpowering.",,,,,False
"RT @EnriqueSoto8: Dear friends, I started a fundraiser to help patients with cancer affected by Mexicos earthquake, anything helps! :",,,EnriqueSoto8,,True
"@AlanSims3 @JuddLegum i volunteered to create survival kits for people affected by the mexico earthquake and trust me, that’s nothing, not even close to enough",,,AlanSims3,,True
"Hurricane Maria has devastated Puerto Rico ἟5἟7. To help, please make a donation to Hispanic Federation:  Thank you.",,,,,False
"@GodsPitCrew, who we partnered with heavily after Hurricane Harvey, is on site in Maryland to provide much-needed relief and supplies! Continue to pray for the communities impacted by this recent flooding. #HandOfHope #GiveHope #ShareChristLovePeople",,,,,False
Incredible photos of the damage caused by this mornings 7.5 earthquake,,,,,False
"#DSTRDamage I, #infrastructure - dams, bridges &amp; roads Destr",,,,,False
RT @PDChina: Update: Italian Premier Matteo Renzi says death toll from #ItalyEarthquake rises to 120.,,,,,False
RT @EnigmaticUma: We r donating free service in hospital n Defence .. i mean our family .. i m lil sick dr advised rest n healthy food http,r → are,,,,True
"From everyone at Silver Lining Catering , please sta safe. We wish everyone a safe time during Hurricane Dorian. Please lend a helping hand to anyone in need. If you can lend extra water, food, and supplies please do. In horrific times like this, we will always stand strong!",,,,,False
This is video of the destructive power of #HurricaneDorian. It leaves you speechless. We need to come up with a plan to reconstruct these islands. #HurricaneDorian #damage #AbacoIsland #Epic,,,,,False
"#Medicare recipients still displaced by Hurrican #Irma, check out these tips on getting healthcare.",,,,,False
Minute by minute: Texas cities start assessing Hurricane #Harvey damage:  Complete coverage on Channel 2 at 6 a.m.,2 → to,,,,True
".@HEB may be limiting purchases of water, but theres no limit on @rentschbrewery beer! #HurricaneHarvey",,HEB,,,False
Virginia based relief group heads to Puerto Rico in aftermath of Hurricane Maria -,,,,,False
"Hurricane Dorian is now a Category 5 and the Millions of People are being affected. Please consider donating to the Red Cross @ ; Also please stand in prayer for law enforcement, fire department and everyone assisting during this time.",,,,,False
Thousands of prisoners evacuated as flood waters rise during Harvey,,,,,False
My little support for the victims of flood in Kerala. Kindly mark your support for Kerala. #KeralaFloodRelief #KeralaFloods #Kerala #KeralaReliefFund #KeralaFloodRescue,,,,,False
These amazing folks drove down from Kentucky w/ a truck loaded full of supplies for those impacted by #hurricaneirma #HurricaneIrmaRecovery,,,,,False
"RT @ERICSORENSEN: NWS Doppler radar in Puerto Rico, destroyed when Hurricane Maria came ashore. (On right: NWS Quad Cities Doppler.) :",,ERICSORENSEN|NWS|NWS,,,False
Whom u r fooling Mr. @ShashiTharoor ? Reality is Kerala floods came as blessing4 u. One more chance 2travel by first class &amp; stay at 7star hotels at d cost of tax payers who r 5 feet under the water. Enjoy extravagant dinners with those who have already promised help y phone.,u → you|r → are,,blessing4|2travel|7star,,True
some pictures of our broken roads! What a mess :-/,,,,,False
"RT @MavaEnoka: In terrible news, the baby seal nursery near Kaikoura is gone. Completely destroyed. ὡ4 #eqnz",,,,,False
#NorwegianSky deploying to St. Thomas to assist in humanitarian efforts coordinated by local gov. Full #Irma update:,,,,,False
Rainy days cant stop you from getting your favorite local diner food! Beachdiner_ppb is on Doordash! Check it out! #eatatbeachdiner #eatlocal #shoplocal #eat #fresh #delivery #deals,,,,,False
"Now hailing in Arrowtown! A bad week for NZ with #eqnz, floods, gale force windsa bit unfair when it wasnt us who voted Trump!",,,,,False
"RT @MsJackie109: Atlanta Motor Speedway has opened their facilities to all Hurricane Dorian evacuees, ὄFὄFὄFἼ1",,,MsJackie109,,True
Were encouraging our Houston hosts to open their homes to those affected by #HurricaneHarvey.,,,,,False
TO ALL COLLEGE STUDENTS: If #HurricaneFlorence is bad in the days following the storm Emergency Food Stamps will be available. You DO NOT already have to be receiving Food Stamps to be eligible. RT to help a student #fsu #uncp #uncw #nccu #ncat #uncg #ecu #wssu,,ALL|COLLEGE|STUDENTS|NOT,,,False
Incredible rapid intensification! Shows how self organization works. Once convection spun up into closed bands the inner storm is insulated from stabilizing dry air. Need to look at deeper layers of water because surface anoms only ~+1.. suspect deep warmth driving this beast,,,,,False
"Were happy to support crypto donations for a good cause by @NeedsList4Good, in collaboration with @MakerDAO &amp; #ProjectBiFrost. Donate crypto today using the Donate with #Dai plugin, powered by Request! #HurricaneFlorence #tech4good #crypto4good",,,NeedsList4|tech4|crypto4,,True
"Video shows the Chevron Phillips plant in Baytown, Texas underwater in the midst of historic #Harvey flooding.",,,,,False
Mike McCarthy says he and Aaron Rodgers have been in communication about the California fires since they’ve happened.,,,,,False
"You are an inspiration to manyAt such an young age you have got such good thoughts, which are literally vanished in many#LittleChamp #KeralaFloodRelief",,,,,False
"19 dead, more than 300 wounded as powerful #earthquake hits .. but some people are still making tabdeelii as high..shame on that smiling face ..ὡ0",,,,,False
The death toll from Cyclone Idai is now at least 761 people across Southern Africa. - 446 killed in Mozambique - 259 dead in Zimbabwe - 56 killed in Malawi Mozambique officials now worry that diseases like cholera will emerge from camps where 228k displaced people are staying.,,,228k,,True
What do you make of Trump donating 1 million to Harvey relief efforts? Retweet and tweet me your opinions. #MAGA #Trump #HurricaneHarvey,,MAGA,,,False
"Real life superheroes: #Israel is consistently amongst the first responders around the world in the face of tragedy. Following the devastating floods in #India, Israel is providing support. First truck carrying products &amp; supplies for the people of #Kerala. #KeralaFloodRelief",,,,,False
"Asia and Australia Edition: California Fires, D.I.Y. Drugs, Alibaba: Your Monday Briefing  - NYT",,NYT,,,False
One of the precarious parts of the road to Skyline in Chimanimani that response teams have to negotiate to get the much need aid to affected children and their families. #CycloneIdai photo: Save the Children,,,,,False
"This is the crucial turn I need Dorian to make, and I need it done somewhere over water. Otherwise this buggers gonna dropkick us in Charleston with a running start.",,,,,False
Anxious residents begin returning to the battered Florida Keys after Irma   CNN,,CNN,,,True
Wildfire evacuation lifted,,,,,False
a place of worship should always be a place for shelter for those in need. god would open his doors if he truly lived there.. js 🤷🏽‍♀️,,,,,False
Storm Surge flooding from #Irma (top: Austin Bond) 3 feet lower than with #Matthew (bottom: Victoria Barlow). #scwx,,,,,False
"Albert J. Ellis Airport which has been open for emergency flights will now resume limited commercial flights starting Tuesday. Please check with your airlines website for your flights status. @flyOAJ, @Delta and @AmericanAir appreciate your patience as we recover from #Florence",,,,,False
@HockeyRobThough Day of relief in SFla-avoided the twin disasters of Dorian and losing Tunsil!,,,,,False
"Managing flood damage: Once its safe to re-enter your home, prioritize these 5 projects #HarveyFlood",,,,,False
RT @lbcbreaking: New Zealand government has issued a Tsunami alert for the entire east coast following an earthquake.,,,,,False
"In adlux conv centre food n water is available.but no1 approached till nw .plz pass it to all rescue camps near by Adlux Convention Center Angamaly, Cable Junction, Ernakulam,National Highway 47, Karukutty, 683576 04842612527  #KeralaFloods",plz → please,,no1,,True
That was a massive earthquake. Apparently Mirpur AJK and Srinagar IOK felt it as well as Islamabad. Good to remind ourselves that nature is indifferent to human boundaries. May Almighty Allah keep everyone save and sound. Ameen #earthquake,,AJK|IOK,,,False
RT @EntDC: .@SrBachchan donates Rs 51 lakhs and his personal belongings to #KeralaFloodReliefFund,,,,,False
RT @1000Days: There will be no food in #PuertoRico - #HurricaneMaria wipes out 80% of the crop value in the country,,,1000Days,,True
"HURRICANE DORIAN SUPPORT: Hi-Line is available 24/7/365 for Emergency, Storm, or Rush Support. Contact Hi-Line at 800-323-6606 - all calls and VM messages will be responded to by our after-hours support team. #HiLine #HurricaneDorian #Support",,HURRICANE|DORIAN|SUPPORT,,,False
Dear Ashu @muglikar_ Please Help my State #KeralaFloods we need your support now to overcome the challenges and to stand on our own legs #KeralaFloodRelief,,,,,False
@motel6 And I am sure that you will extend free housing to any earthquake evacuees who are in need?,,,motel6,,True
"@Comey It’s Sunday morning. Instead of wishing your condolences to the victims of the shootin and Dorian, you waste time tweeting about someone who has your number and pulled the rug out from under you. You are a traitor, and history will not be kind to you.",,,,,False
"Everyone is talking about Kerala Floods, but do you know how all this happened? Read Here:  #KeralaFloods #PrayForKerala",,,,,False
"The official death toll from Cyclone Idai, which tore through southern Africa more than a week ago, rose sharply on Saturday as authorities reported scores more deaths. According to BBC, the",,BBC,,,False
@CNN the child welfare system in FL Keys is @whfsmonroe &amp; they need our help:,,CNN,,,False
Relief Fund for Animals of #PuertoRico; .. #AnimalWelfare #AnimalRescue #HurricaneMaria #HurricaneIrma #Humanity,,,,,False
"Whether its Hurricane Harvey or Irma, UPS is providing financial and technical relief to distressed areas:",,UPS,,,False
#Matthew Dont give Hillary any money for hurricane relief. She will steal that money too. #Haiti,,,,,False
"I have no bottles of water or batteries, and my fridge is full of perishable food, I just can’t get ready ᾓ7ἿD‍♀️. I give up ὢB. Atp I’m just gon be off to see the Wizard ὄBἿD #HurricaneFlorence",,,,,False
"While Florida is down south, people here in Northern Michigan are doing what they can to help those affected by Hurricane Dorian.",,,,,False
"We are preparing for #HurricaneFlorence, we urge all residents to do the same! First thing, sign up for Cumberland Alerts at . Be sure to follow the county here on twitter &amp; at  We will be posting important prep advice &amp; updates.",,,,,False
RT @woodywhitehurst: What an outstanding move by Mackensie,,,,,False
"PREPARING FOR #DORIAN: - 13,000 FPL crews ready to restore power after hurricane passes; more crews from other states coming in to assist - 2,500 National Guard members activated; 1,500 on standby - 819,000 gallons of water, 1.8 million meals ready to distribute",2 → to,PREPARING|FOR|DORIAN|FPL,,,True
Apple is collecting donations for Harvey storm relief relief through iTunes,,,,,False
RT @LexiWhite27: Please share and donate if you can:   #family #HurricaneMaria #HurricaneIrma #PuertoRico #gofundme,,,LexiWhite27,,True
Thunderstorms with heavy rain on MVY #Boston25Storms,,MVY,Boston25,,True
@ShingiMunyeza Already advising ED Gvt for excuses to cover up failure. Our fuel in Zim was coming by road not pipeline which is affected by cyclone. Feruka in Mutare that links pipeline from Mozambique stopped working ages back. So dont use pipeline excuse it was already not working.,,,,,False
Learn more about how you can help those affected by #hurricaneirma this month at the @RedCross:,,,,,False
Before and after satellite photos show destruction left behind by Hurricane Irma,,,,,False
#KeralaFloods case: Supreme Court orders to maintain water level at 139.99 feet in Mullaperiyar Dam till August 31.,,,,,False
"As of 5 pm, Hurricane Dorian still has maximum sustained winds of 150 mph. We are watching two other areas for possible development later this week: one in the eastern Atlantic and the other in the southern Gulf of Mexico. #FLwx #FloridaKeys #KeyWest",,,,,False
"#LNG #naturalgas primarily used for #power so I also follow #electricity. #PuertoRico, a #US Commonwealth took HUGE hit from #Maria.",,LNG|HUGE,,,False
RT @Metallica: Please help those in need and first responders in any way you can.  -,,,,,False
"From FieldHaven Feline: NEW #CampFire Rescues from today - Friday, 11-23. These cats are at our emergency Camp Fire shelter in Yuba City at 44 2nd Street. Phone number here is 916-300-8166.",,NEW,2nd,,True
Things are shitty for me right now. I also have to evacuate from Dorian like a gypsy. Hope my daughter and I will be safe from everything that could get us killed. Going to teach her on this trip how to use a knife in case we have to deal with dangerous criminals while being on,,,,,False
Thoughts and Prayers bitches. Maybe not the ones youd appreciate,,,,,False
Todays sore shoulders bright too you by #HurricaneIrma in #PinellasIrma. Grateful for Deep Relief by Young Living.,,,,,False
"Sending prayers to Haiti, Jamaica, Cuba and anyone affected by this hurricane. Its been a while since I experienced a hurricane.",,,,,False
"Heartbreaking news from California The remains of 13 additional victims in the Northern California wildfire were recovered today raising the death toll to 42 people. The inferno destroyed more than 7,000 homes and buildings since Thursday.",,,,,True
"#TheGuardian | Wildfires in #Greece, protests in #Gaza and heatwave #London",,,,,False
RT @KerrinJeromin: South Carolina coastline also now included for evacuations,,,,,False
"My heart goes out to the people of Kerala battling #KeralaFloods In this hour of crisis, to stand beside the flood-affected people of Kerala#standwithkerala #KeralaDonation Challenge#DoforKerala to reach out to people #kerala #flood #KeralaFloodRelief",,,,,False
"CA Camp fire survivor’s story. Generators, Coors and canned food. How these ‘mountain boys’ are surviving in Paradise  #CaliforniaWildfires",,,,,False
"God bless this woman. She brought food, water, even dog food to help the hundreds of people just rescued from their homes. @NBCDFW #Harvey",,NBCDFW,,,False
Donations to @redcrosscanada for #FortMacFire are at C$44m; Govt will match $ for $. Canadians helping each other!,,,44m,,True
"RT @javanng: @OneWTC shines green, white &amp; red to honor the victims of #ItalyEarthquake #NewYork @EverythingNYC @NYC #abc7ny",,NYC,abc7,,True
Why does it feel like the displaced Texan dogs and cats are getting more media coverage than the displaced humans? #Harvey,,,,,False
RT @Reuters: Drone captures quake destruction:  #ItalyEarthquake,,,,,False
RT @DeptofDefense: Videos: #DoD assets help #Caribbean region ravaged by #HurricaneMaria,,,,,False
2 confirmed dead as crews brace for return of Santa Ana winds in Ventura County fires,2 → to,,,,True
RT @MetalHammer: Fred Durst and Neil Young lose their homes as wildfires rage across California,,,,,False
"#HurricaneFlorence is very large and incredibly dangerous. ✅Follow local evacuation orders! ✅Prepare for life-threatening, catastrophic flooding over portions of the Carolinas and Mid-Atlantic states late this week into early next week.",,,,,False
Trump’s $17 million chateau one of few homes left unscathed by Hurricane Irma. Estimates say that nearly 95% of the town of St. Martin,,,,,False
"How did pioneer women in Florida cope w/o out air conditioning, running water, etc? Wearing long heavy skirts. How is it possible :( #Irma",,,,,False
#PuertoRico was in dire economic straits before #HurricaneMaria hit &amp; now ongoing US-imposed restrictions are making recovery impossible,,,,,False
U.S. military delivered supplies to people in Puerto Rico by chopper on 09/30/17 . This was needed over a week ago and requested days before. Why not sooner and why not more choppers? #HurricaneMaria cc: @tedlieu,U → you,,,,True
Sharing my $100 donation to @tsalud to inspire others to give and help those affected by #HurricaneMaria #PuertoRicoRelief,,,,,False
#Houston needs #Canada #softwoodlumber to rebuild from #HurricaneHarvey cc: @NAHBhome #NAFTA #SLA,,NAFTA|SLA,,,False
A special account has been opened at the Bank of Greece for the fire victims: IBAN: GR4601000230000002341195169 SWIFT / BIC: BNGRGRAA,,IBAN|SWIFT|BIC|BNGRGRAA,GR4601000230000002341195169,,True
Sign up now to #volunteer for our #HurricaneFlorence response &amp; help bring relief in Jesus Name!,,,,,False
[Updated] Two Killed in New Zealand Earthquake  All is well here in Auckland,,,,,False
"State Fire Marshal, Jonathan Jones, provides update during Governors press conference. #hurricaneirma2017",,,hurricaneirma2017,,True
The majority of Hurricane Rita deaths in Houston occurred in the evacuation,,,,,False
"U.S. providing $400,000 in aid to Haiti and Jamaica for Hurricane Matthew -",U → you,,,,True
The worst wildfires to hit Greece in more than a decade kill at least 74 people and force some residents to flee into the sea. Follow live updates.,,,,,False
"A thread listing resources and tips for those affected by wildfires in California, which, to date, have killed 79 (76 in Paradise) and counting.",,,,,False
The Prime Osborn is opening its door to people needing relief from the aftermath of #HurricaneIrma:,,,,,False
RT @Rukario71: My thoughts and prayers go out to everyone in the path of Hurricane Dorian. Please be safe.,,,Rukario71,,True
@realDonaldTrump YOU NEED TO GO TO HAITI NOW AND BRING FOOD AND SUPPLIES FOR HURRICANE RELIEF!,,YOU|NEED|HAITI|NOW|AND|BRING|FOOD|AND|SUPPLIES|FOR|HURRICANE|RELIEF,,,False
"California fires, a WARNING. This video is EIGHT MONTHS OLD!",,WARNING|EIGHT|MONTHS|OLD,,,False
Current projected track of #Dorian overlays #Matthew’s exactly reports @WJXT_Rebecca. Matthew hugged the coast and caused much damage at the beaches. Projections could still change.,,,,,False
"Donations towards #CycloneIdai relief efforts continue pouring in. This morning young boys and girls from Rock of Ages, Cross kopje and Eastview schools in Mutare dropped off their old clothes, blankets and some groceries at @ManicaPostZim building.",,,,,False
"i’m at $56/125! :) thank u to everyone who has helped me so far, i really appreciate it! please consider donating to my emergency fund; my town is directly in the path of hurricane dorian! if you can’t donate, please RT Ὁ6",u → you,,,,True
#backstage fun at Trenton #bluesfest yesterday ☮️ What a great #festival raising money for Children With Special Needs ❤️ @ Trenton Elks 105,,,,,False
"Irma Now a Tropical Storm; Wind, Flooding and Tornado Threats Spreading Into the Southeast @weatherchannel",,,,,False
"Over 10 days since #disasters struck #lka, the death toll due to adverse #weather increased to 213; 79 missing #flood #FloodSL",,,,,False
"LATEST from @CAL_FIRE briefing: - Death toll up to 29, matches deadliest wildfire in modern California history - 228 people missing persons remain unaccounted for - Dry and windy conditions expected to continue. Red Flag Warning in place until Monday AM.",,LATEST,,,False
#HurricanePrep for #HurricaneFlorence #ProTip 5 - Know all of those water bottles you get at events. Fill them with drinking water. Know all of those small battery packs you get from events. Charge them.,,,,,False
Prayers for all of #HurricaneFlorence victims. The endangered #NC Corolla wild horses hopefully can ride it out but are staying on the islandGo to @WildHorseFund to see updates &amp; how to help.,,,,,False
RT @Panhinda: A new website collecting information on #relief requirements and providers. #lka #srilanka #SLFloods2017 #FloodSL,,,SLFloods2017,,True
"RT @LordHDL: Reminder that millions of people, my parents included, need aid!",,,,,False
"First responders rescue mother, four-month-old baby from #Irma-flooded Miami home",,,,,False
"Seeing the damage if hurricane Harvey in person is some heavy shit, and apparently what Ive seen isnt even the worst of it",,,,,False
"After Irma hits Barbuda, the Prime Minister says that 90% of the country has been leveled. Just devastating. Prayers to the people. 🙏",,,,,False
Fire victims relatives sue Greek officials for negligent manslaughter  #Greece #news,,,,,False
Facts of the damage from the exceptional storm &amp; all the info on what our government has done &amp; is doing is available IF U WANT THE TRUTH!,U → you,WANT|THE|TRUTH,,,True
"Beira being a city of 0.5 million people and setup bellow the sea level, waterborne disease will always be a problem after any floods. The problem now is compounded with destruction of infraestructures",,,,,False
RT @jilevin: Death toll rises to 76 in California fire as Trump visits,,,,,False
"Please donate, $1,000 or $1.00 - everything helps to feed those in need in #SouthFlorida  #IrmaRecovery",,,,,True
Im so happy to be raising money for this organization.,,,,,False
"The deadliest storm to hit the US was a direct hit by a Cat 4 hurricane in 1900 (Galveston Texas). It killed between 8k &amp; 12k people. If you have family in harms way, demand that they leave as ordered! No one should try to ride this out. Get out now!",4 → for,,8k|12k,,True
"Houston may be getting all the attention, but severe flooding in Beaumont/Port Arthur with a #Harvey storm total approaching 35 inches",,,,,False
Tropical Storm Watch issued for coastal areas north of Surf City including portions of the Crystal coast and Outer Banks. #MARIA,,MARIA,,,False
#Mozambique #Norway provides humanitarian assistance to #Idai Mozambique through @WFP and deploys personnel from The Norwegian Directorate for Civil Protection @DSB_no . #ConsistentPartner ” #hmrd #CycloneIdai,,WFP,,,False
"Taking funds that would help potential victims of impending #HurricaneFlorence in order to separate children from their parents is irresponsible, hateful, and cruel. #FamiliesBelongTogether",,,,,False
Our thoughts are with Texas. Visit  or call 1-800-RED-CROSS for information on Hurricane Harvey relief efforts.,,RED|CROSS,,,False
WaterStep and GE Appliances sending clean water kits to Puerto Rico for HurricaneMaria victims,,,,,False
Write Prophesy for Home Ministry of India instruct all State government to send their State disaster management units to Kerala immediately for rescue operation in catastrophic floods and they will gain valuable experience as well as in post flood rehabilitation initiatives .,,,,,False
Hurricane Dorian has strengthened to a Cat 4 hurricane as it approaches the coast Today SC Regional Red Cross officials told me all their volunteers are on stand-by and ready to assist. Here’s what they’re doing to prepare:,4 → for,,,,True
"At 6:00 AM EDT, Smithville Center [Chenango Co, NY] EMERGENCY MNGR reports FLASH FLOOD. ROADS FLOODED.",,EDT|EMERGENCY|MNGR|FLASH|FLOOD|ROADS|FLOODED,,,False
@Reuters So- I’m just curious- how competent is California’s forestry management ? I mean it seems like the state is plagued with out of control fires constantly. Is forest management a California state priority? If it isn’t it sure as hell should be.,,,,,False
Gov news conference: Jacksonville experiencing worst flooding since 1846. #Irma,,,,,False
Most homeowners affected by #Harvey not insured for flood damage:,,,,,False
We warned ZANU not to loot donated aid meant for the victims of #CycloneIdai but they never listened. ZANU is cruel and insensitive.,,ZANU|ZANU,,,False
"RT @CofCnews: A Church of Christ in the Caribbean, devastated by Hurricane Irma, asks for aid:",,,,,False
"Authorities report finding 13 more human remains from the #ParadiseFire, bringing the death toll to 42. This makes it the deadliest wildfire in California More on @business ὄ9",,,,,False
Might be going to Haiti for a month for hurricane relief,,,,,False
Pakistan EarthQuake Damage !!! serious earth quake shake the upper areas of Pakistan Location: Jatalah (Azad Kashmir) #earthquake #Fixit,,,,!!!,True
Arab business owner provides dinner for Hurricane Irma evacuees,,,,,False
"During this time of adversity and challenge, our thoughts and prayers are with the people of Kerala. #TogetherStronger #KeralaFloods",,,,,False
RT @MountDoraPolice: #MountDora police arrived in @citybeautiful to drop off supplies to #HurricaneMaria victims in #PuertoRicoReliefNOW ht,,,,,False
"Due to Hurricane Florence affecting the area, we are cancelling the Food Truck Friday with Kona Ice. We will reschedule on a future date. #smpfa",,,,,False
.@SecretarySonny is in his home state 2day to survey Hurricane #Irma damage to #pecans and more,,,2day,,True
The result of having a deplorable resident,,,,,False
RT @Stevegaston18: As Many As A Million Calves Lost In Nebraska – Beef Prices To Escalate Dramatically In Coming Months | Zero Hedge http,,,Stevegaston18,,True
"At 6:19 PM EDT, 2 NNW Southport [Brunswick Co, NC] DEPT OF HIGHWAYS reports FLASH FLOOD. NC-211/HOWE RD CLOSED DUE TO FLOODING NEAR DOSHER CUTOFF",2 → to,EDT|NNW|DEPT|HIGHWAYS|FLASH|FLOOD|HOWE|CLOSED|DUE|FLOODING|NEAR|DOSHER|CUTOFF,,,True
#Prabhas donated 1 cr to #KeralaReliefFund .,,,,,False
WHERES THE BAY? Irmas strong winds suck away Tampa Bay water,,WHERES|THE|BAY,,,False
"We are kindly appealing to all members of the public to join hands with us &amp; drop off your donations for the #CycloneIDAI Disaster Relief effort at 7 Kenilworth Road, Newlands, Harare. Thank you so much to everyone who has donated so far. Together we can make a difference.",,,,,False
"If you work for a company that makes perishables such as atta, milk (tetrapak kind), milk powder, instant noodles etc+ hygiene things such as soaps, sanitary napkins, could you get in touch with me if you can get us this stuff at discounted rates? DM open. #KeralaFloodRelief",,,,,False
"Florida Blue donates $50,000 to the American Red Cross for those impacted by Hurricane Maria.",,,,,True
"Devastation from Hurricane Maria continues to cripple Puerto Rico, with fears a damaged dam on the island may break",,,,,False
#KeralaFloods 320 HAVE DIED AND 2.2 LAC HAVE SHIFTED- KERALA FLOODS Kerala is now under the huge problem. We have to take initiative against natural disaster.,2 → to,HAVE|DIED|AND|LAC|HAVE|SHIFTED|KERALA|FLOODS,,,True
dhs_jules: RT DVIDSHub: FEMA and Puerto Rico National Guard Hurricane Maria Assistance  #F,,FEMA,,,False
"Please read below!! Another devastating fire has hit Northern California, people need help, whatever you can give, or anyway you can help, please doὤF!!",,,,!!|!!,True
"325,000 people have already signed up for aid after #Harvey — and the financial toll for survivors is just beginning",,,,,True
"Meet Carolina, the focal point for emergency relief work post #CycloneIDAI in Macate, Manica and alumnus of VSOs #VolunteersforDevelopment training. It’s a great joy to join hands with our alumni on issues of resilience to see them using their training and create lasting impact.",,,,,False
"Houstons @lakewoodch, run by @JoelOsteen, now accepting #Harvey evacuees.",,,,,False
Fleeing with their pets in Puerto Rico. Fervently praying for our friends there. No words.  #HurricaneMaria Ὁ4,,,,,False
"@Imamofpeace This is shameful. People helped people. Why did he mention only Muslims? Below are the pics of RSS Workers, a Hindu right wing organization helping the Kerala Flood Victims.",,RSS,,,False
Hurricane Florence: Carolinas And #Virginia Issue Evacuation Orders : NPR,,NPR,,,False
@EdKrassen @realDonaldTrump Is this the gold standard hurricane relief effort they should expect after Florence?,,,,,False
While the people in Texas fighting for their lives. The states/countries that are not affected by this storm should be Praying! #Harvey2017,,,Harvey2017,,True
#Keralas ruling Communist Party repacks the relief materials donated from other states in new bags with CPM labels. #KeralaFloods #KeralaFloodRelief #FloodAidLie #KeralaReliefRowTwist,,CPM,,,False
"RT @RT_com: UPDATE: At least 3 dead as #HurricaneHarvey rampages across #Texas (PHOTOS, VIDEOS)",,UPDATE|PHOTOS|VIDEOS,,,False
So exactly what are tRump &amp; FEMA doing to help this situation that will only get worse if not addressed? Hes talking about raking but what about helping the people of this country? Of CA? What about actually doing your job tRump? #TheResistance,,FEMA,,,False
"Donations are coming in! Were up to $1,200 donated in just a few days. The Chambers Ag Committee would love nothing more than to ante up the entire $5,000 to match gifts to the Nebraska Cattlemens Disaster Relief Fund. Can you help our neighbors in need?",,,,,True
"People during hurricane season be like. Them. You need water? Me. Please, thank you so much!! Them. No problem, I gotchu. Ὀ1‍♂️ #HurricaneFlorence",,,,!!,True
Sheriff Lemma: We will have anti-crime personnel patrol area businesses and residential areas subject to evacuation orders or power outages. We are prepared for #HurricaneDorian @seminolecounty,,,,,False
"People losing everything, lives lost, firefighters in danger, animals killed, habitats and ecosystens destroyed, and THIS is the response? @realDonaldTrump is a deplorable creature, a sociopathic, ignorant, malignant narcissist who is #UnfitToGovern.",,THIS,,,False
heres ur chance to see @Harry_styles @NiallOfficial in ATL---DONATE!! @TheAceTJShow raising $$ for flood relief &gt;&gt;,,ATL|DONATE,,!!,True
@realDonaldTrump LIAR! 🤥 🤥 🤥 IT HAS BEEN MORE THAN THREE DAYS SINCE THE EARTHQUAKE AND YOU LITERALLY HAVE THE MEDIA AT YOUR FINGERTIPS. 🤥 🤥 🤥 LIAR!,,LIAR|HAS|BEEN|MORE|THAN|THREE|DAYS|SINCE|THE|EARTHQUAKE|AND|YOU|LITERALLY|HAVE|THE|MEDIA|YOUR|FINGERTIPS|LIAR,,,False
RT @people: At Least 9 Dead in California Wildfires as Trump Threatens to Stop Federal Funding,,,,,False
Jacksonville storm surge flooding from Hurricane Irma sets new record:,,,,,False
"Lord please let all the children in the school in Mexicos earthquake be found and all the people under the rubble, in Jesus name .",,,,,False
"VIDEO: Camp Fire destroyed almost 90% of the buildings in the small town of Paradise, California. Of the few houses that survived, their owners who refused to evacuate, say they feel pretty happy to have made it.",,VIDEO,,,False
Irma damage at landmark Statesboro restaurant.,,,,,False
@Outback is telling employees of store #3359 they cant hold a sale to raise money for outbackers affected by #Irma @CNN @FoxNews @NBCNews,,CNN,,,False
Our thoughts are with everyone in NZ that has recently been affected by #eqnz. Our thoughts are with all!,,,,,False
"When the floods come, we stand on the Rock. #HuricaneHarvey #Harvey2017 #devotion #prayer",,,Harvey2017,,True
@HillaryClinton 2 islands #Dominica MOVES ON after #HurricaneMaria CITIZENS TAKE REINS on recovery Lucky NO @uscapitol to depend on!,2 → to,MOVES|CITIZENS|TAKE|REINS,,,True
"On 1 hand, the handling of #KeralaFloods by #PinarayiVijayan led govt has been exemplary..OTOH #ModiGovt response to request for aid by Kerala &amp; offers of aid to kerala have been horrible. Measly GoI offer,Terrible handling of UAE offer, with bjp IT cell&amp;modia adding to the mess",,OTOH|UAE,,,False
Reporter says you can smell the mold and mildew in the air #Harvey #Texas Mold Kills,,,,,False
RT @sang1983: Actor Vijay donates Rs.70 lakh towards #KeralaFloodRelief funds @THChennai @TheHinduCinema #actorvijay,,,sang1983,,True
Volunteers collect aid for #hurricane-ravaged #Puerto Rico where power remains out 3 days after #Marias landfall,,,,,False
".@WaltDisneyCo announces $1 million donation, Day of Giving to Harvey victims",,,,,False
"Thirty of Amrita Vidyalayam schools in the state have become #KeralaFloodRelief camps. They are providing shelter, food, clothing, toiletries and medical care. #KeralaFloods #Amma #Amritanandamayi",,,,,False
"Flagged off relief material worth Rs. 55 lakhs with the support of International Vaish Federation for #KeralaFlood victims. It includes #SolarPowered Home Light Kit - LED bulbs, Fan, Mobile Charger and Radio. @PMOIndia, @CMOKerala, @vaish_ivf",,LED,,,False
"With the remnants of Hurricane Florence continuing to deluge the southeastern U.S., a small army of drones is being deployed to identify and fix damage caused by flooding.  #DronesforGood #DroneInnovation #UAS",U → you,UAS,,,True
"Hurricane Dorian is now tied for the fourth-strongest winds in the Atlantic since at least 1950. Life-threatening hazards, including a possible storm surge 18 to 23 feet above normal tide levels with higher destructive waves, are continue for the Bahamas for several hours.",,,,,False
.@LaurenBlanch12 on Irma’s impact on the Florida Keys: @FEMA estimates about a quarter of the homes there have been absolutely destroyed.”,,FEMA,LaurenBlanch12,,True
Help for #Kerala please ὤFὤFὤF,,,,,False
A quarter of the homes in the Keys destroyed and more than half damaged by #Irma,,,,,False
RT @AVFOTeam: #ThalapathyVijay has donated 70 lakhs towards the relief fund in #Kerala. #KeralaFloodRelief #KeralaFloods,,,,,False
"RT @kaupapa: GNS says likely to be one 5+ aftershock every day for month. Avoid any buildings that do not feel safe, Welli folk #eqnz",,GNS,,,False
"That house has never been seriously damaged.” -Mar-a-Lago’s historian BUT Trump got $17 MILLION in damages”. If #Maralago gets hit, Trump isn’t going to settle for a few rolls of paper towels. So I’d rather #HurricaneDorian stay away from it.",,BUT|MILLION,,,False
@Fuctupmind @tony_sanky 70 people died in Hurricane Harvey 16 have died in Hurricane Maria. Houston I think we have a problem in veracity with the Mayor!,,,,,False
Pls DONATE to #Barbuda recovery. The island was leveled by #Irma. @WaittInstitute/@WaittFdn matching all donations.,Pls → please,DONATE,,,True
"FOX34, Telemundo Lubbock ring bells for Hurricane Harvey relief @SalArmyLubbock @BreedloveFoods",,,FOX34,,True
#HINews #808News Hawaii Red Cross will be deploying five volunteers to Georgia for the impending landfall of Hurricane Dorian.,,,808News,,True
"@realDonaldTrump Care to comment on fires on National Forest lands located in California? Those are on you, Bubba.",,,,,False
"The theory that is out right now seems incredible, but might be closer to the truth than not. There is a path for a planned system to connect N. and Southern Ca. that appears to cover the path of the fires! Could it be a way to take these properties w/o benefit to owners?",,,,,False
"@revprince @tinucherian @mohandastg There is no logical argument you can make to claim that modi is not responsible for donations from foreign countries. + the flood was a man made disaster. The church, sonia,kerala cm are directly responsible. Dark days ahead for those of you who are on social media spewing crap.",,,,,False
Bluru company restores light in over 500 flood ravaged homes in Kerala in 5 days. @geetikamantri writes. Its been just amazing how people from all over pitched in.,,,,,False
RT @selfstyledsiren: I just donated to two charities on NY Times list of ones doing relief work for Hurricane Maria. Please join me. :,,,,,False
Out-of-state crews have started to arrive to help us prepare for #HurricaneDorian. We’re thankful to have the support of our fellow public power utilities in times of need! #PublicPower,,,,,False
"If someone wants to donate money, so we can form a non-stop 24 hours team for psychological support of people affected by the fires in Greece, you can do it here: Paypal: psycholysiskatoikon@gmail.com #Πυρκαγια #PrayForGreece #fire #fires #Greece #tragedy 100% valid ὤFἿB",,,,,False
Thank you to @Alief_Nutrition for serving the #harvey evacuees! #HoustonProud #AliefProud,,,,,False
"BREAKING: El Paso prepares to host 1,500 evacuees from the Houston area due to extreme flooding caused by Harvey.",,BREAKING,,,False
THESE PEOPLE NEED HELP! #AMERICANREDCROSS #FEMAPuertoRico PRs island of #Vieques was left devastated by Hurricane Maria.,,THESE|PEOPLE|NEED|HELP|AMERICANREDCROSS,,,False
Donations to @nnedv will be sent to #HurricaneHarvey-affected areas for domestic violence programs.,,,,,False
EU Ambassador ἞A἟A Antonio Sanchez-Benedito visited #Mozambique this week to see @WFP’s response efforts in the aftermath of #CycloneIdai. A recent #EU contribution has enabled WFP-led @logcluster to reach isolated communities with food airlifts! ὊA,,WFP|WFP,,,False
"Floods in Maryland oh my,lets hope everyone and all the animals are safe,objects can be replaced,people and animals cannot.",,,,,False
Never enough thanks to the #CajunNavy for your volunteer spirit and coming to the aid of your fellow Americans in time of need ! #Harvey,,,,,False
RT @fmchurchusa: Pray for Puerto Rico and Help It Recover From Hurricane Maria,,,,,False
"Firefighters begin block-by-block search of 37,000 #Houston homes flooded by #Harvey  via @bi_contributors",,,,,True
"If Dorian continues on that track, Orlando and Jacksonville may see heavy rain, gusty winds and significant flooding. Dorian would then move north to coastal Georgia and South Carolina, where rain, storm surge and flooding is a threat",,,,,False
#Costco Please update us on what you are doing to help Hurricane Maria survivors in Puerto Rico. @Costco,,,,,False
Know someone with flood damage? Pls share this guide for overcoming toxic mold with them,Pls → please,,,,True
"Rain, wind lashes quake-hit areas  #eqnz",,,,,False
I just made a contribution to @PIH to help post-hurricane in Haiti. Please consider making one too. Haiti was already in such terrible shape,,PIH,,,False
Hurricane Florence Public Advisory Number 49,,,,,False
"@elonmusk perhaps @boringcompany could also be an asset for evacuations. Expedience is crucial in these situations, right? Full bore ahead for future evacuations.",,,,,False
. @KimKalunian catches up with Westerly native on Irma relief mission with US Coast Guard,,,,,False
#KeralafloodRelief Here is a list of items required with relief camp details / volunteer network etc which is being constantly updated. Plz spare 5 mins and contribute to this list with any info you might be privy to..RT &amp; spread the word @PMOIndia,Plz → please,,,,True
"Your bike can be salvaged! If youve been affected by the recent hurricanes, follow our rules to restore your bike!",,,,,False
Hurricane Mathew Relief for Haiti,,,,,False
[Notice-PUB] Yuan Ching Rd / Yung Kuang Rd: Water level falls below 90%. High Flood Risk Eased. #SG_Alerts (10:12),,PUB,,,False
"Trump Fumes Over Puerto Rico Toll As Death Count Rises For Hurricane Florence As Tropical Storm Florence thrashed through the East Coast on Friday,  #USRC",,USRC,,,False
The death toll from Hurricane #Irma in the Caribbean and Southeast U.S. has risen to 52:,U → you,,,,True
@MarvelousAish @realDonaldTrump They flood our hospitals schools and food banks. ER is so expensive in part because of illegal aliens,,,,,False
"After covering Vogue Mexico, Kim Kardashian is asking her followers to donate towards earthquake relief efforts:",,,,,False
"My thoughts and prayers for the people in the Bahamas, in the path of #HurricaneDorian please be safe ἞7἟8ὤFἿC",,,,,False
Florida races to check nursing homes after 8 residents found dead in Irma’s wake,,,,,False
Ashley Homestore is helping Camp Fire victims get new beds! 100% of your donation will be used to provide Camp Fire victims with new queen mattress sets for the Salvation Army to distribute.,,,,,False
Today marks 110th anniversary of 1906 earthquake in San Francisco,,,110th,,True
U.S. Bishops to take up special collection in support of Hurricane Harvey victims,U → you,,,,True
Four reported dead as Hurricane Irma devastates Caribbean islands,,,,,False
"@EWErickson May not be good timing, but I can tell you I remember when we managed the forests and undergrowth in California. Weve always had the Santa Ana winds and the winds always fan fires, as a result we used to have fire roads graded in, brush cleared far away from homes, 1/2",2 → to,,,,True
There are many still in need in Puerto Rico after the damage from Hurricane Maria. Be a #ForceforGood today and,,,,,False
RT @prayingmedic: Please pray. ὤF Live coverage of Hurricane Dorian,,,,,False
"Keeping all those affected by #Irma in our thoughts, especially one of our own families, the Harkins 💙💙",,,,,False
Boom for car dealers? Does auto comprehensive cover flood damage? &amp; ruined not driveable or ruined ugly &amp; smelly?,,,,,False
#CycloneIdai has left a path of destruction for hundreds of thousands of people in need across Southern Africa. @UNReliefChief allocates US$20M from @UNCERF to ramp up the humanitarian response in ἟2἟F ἟2἟C ἟F἟C But much more is needed &gt;&gt;  #InvestInHumanity,2 → to,UNCERF,20M,,True
Harvey Live Updates: Houston Grapples With Floods as Trump Visits Texas,,,,,False
"Many in the Carolinas are still dealing with the aftermath of Hurricane Florence, and need your help. Beginning at 5:30 AM, call 309-698-3742 to donate to our Emergency Relief Phone-A-Thon. It runs until 10:30 PM tonight, and is in partnership with the American Red Cross.",,,,,False
WTF!! UGK Archives Destroyed By Hurricane Harvey In Houston | DocHicksTv (Link in bio to this,WTF → what the,WTF|UGK,,!!,True
"White House officials say at least 100,000 homes affected by #HurricaneHarvey. #wral",,,,,True
An important safety message from @NWS - We encourage all Georgians to stay off the roads if possible,,NWS,,,False
Keeping the Bahamas in my thoughts today. #HurricaneDorian,,,,,False
"As Hurricane Dorian bears down on the U.S., its a reminder that we all need to be prepared for disasters. Were meeting with regional emergency management officials next week to strengthen our local partnerships. #MCDHereForYou @Ohio_EMA",U → you,,,,True
We are activating the Camp Fire Evacuation Relief Fund to support those organizations that are providing food and shelter to our neighbors who were forced out of their homes. Follow the link below to learn how to give.,,,,,False
RT @JustMuhammad: Let’s support our sister with the relief effort in #MexicoEarthquake Jamilah Muhammad send donations to Jamis.Muhammad.ru,,,,,False
RT @Slate: Devil winds” fuel deadly California wildfires as death toll reaches 25.,,,,,False
We are partnering with Southern Baptist Disaster Relief and @FEMA to respond to #HurricaneFlorence and other storms. Join us in praying for the communities in the path of the storm.,,FEMA,,,False
Our thoughts are with the brave people of Kerala during this Onam festival. Please donate liberally for Kerala in keeping with the spirit of Onam. - @ArvindKejriwal #KeralaFloods #Donate4Kerala #Onam,,,Donate4,,True
"Can you also please lift paywall on articles about the other major disaster–&gt;Trump&lt;- Help people get informedand away from Breitbart, Fox",,,,,False
"Huge emergency evacuation underway in Puerto Rico over fears a dam hit by #Hurricane #Maria could fail. 70,000 people asked to leave homes.",,,,,True
RT @PressTV: DRONE FOOTAGE: This is what a 7.8 magnitude earthquake can do to a bridge #EcuadorEarthquake,,DRONE|FOOTAGE,,,False
Latest on California wildfires: - At least 66 people are dead - More than 600 others are missing - More than 140 people have been sickened by norovirus in shelters - Schools across the San Francisco Bay Area will be closed Friday due to poor air quality,,,,,False
#Kerala needs your help right now. Please consider donating to @goonj for the relief work they are doing -  #KeralaFloods #WeStandWithKerala Pictures by @shalinilobo93,,,shalinilobo93,,True
@NebraskaRedZone I live in California now but i was raised in Nebraska and still have family there so Im happy to help,,,,,False
Its extremely difficult time for the people of Mirpur who have been affecting with the worst earthquake ever. We support and pray for their recovery and well beings. #Mirpur #Earthquake #Pakistan #Prayers and #support!,,,,,False
"ἲAAll of #florida is under a state of emergency as #hurricanedorian gathers strength and aims to slam the state as soon as Monday. The most likely scenario is a track near the Florida Peninsula late in the weekend,",,,,,False
"Hurricane Harvey Is a Tragedy, not a Rhetorical Tool",,,,,False
"My thoughts are with everyone suffering from wildfire evacuations, from Fort McMurray across Canada",,,,,False
RT @WTOC11: North #Georgia campground welcoming #HurricaneFlorence evacuees &gt;&gt;,,,WTOC11,,True
Hurricane Harvey really did more damage to my house then what it looks. Like literally it looks worse everyday.,,,,,False
"3/3 PARS team shall establish communication base and for restoration, shall supply House hold things like umbrellas, stoves &amp; other daily need items to help life returns to normalcy, aid is based on donations from PARS members National emergency calling frequency is still active",,PARS|PARS,,,False
"I have to say that #hurricanemaria most be the best mission for soldiers because they dont have to kill anyone, just provide food &amp; water",,,,,False
To ALL the residents in the Bahamas; to their families &amp; to ALL that are being affected; our Hearts are with you NOW! Sending prayers &amp; healing energies to ALL involved &amp; praying that they receive ALL the help &amp; the resources they need ὤFὤFὤF,,ALL|ALL|NOW|ALL|ALL,,,False
"Hurricane Maria’s destruction sets Puerto Rico back decades, officials say",,,,,False
"5 am Saturday Advisory on #Dorian.the trend of a turn north farther east continues. Very few computer models indicate that the center would cross the FL coast. With that said, E. Coast areas could still experience hurricane conditions. W. coast impacts becoming more unlikely.",,,,,False
* Australia hands over flood aid to Sri Lanka navy  #news,,,,,False
Donations for Mati’s fire victims fill this local gym. Hundreds of people from across the region have donated food and clothes to those in need. The supplies are sorted then distributed to victims left homeless by the fires. #Greecefires #Mati,,,,,False
This is an island. Surrounded by water. Big water. Ocean water.” -#DTARD ᾒ6‍♂️ᾒ6ἿB‍♂️ᾒ6ἿD‍♂️ᾒ6ἿE‍♂️ᾒ6ἿF‍♂️,,DTARD,,,False
"@friendsofrss Is it true, if one see T V news not a single recorded or live of any RSS workers helping Kerala flood people.",,RSS,,,False
"Blessed to work for such a beautiful company, hurricane Harvey did no damage to these kiddos💗 #MagentaStrong #TMobile #TeamWork",,,,,False
"Newsweek: California Fires Map: Camp Fire Update, Air Quality, Containment, Death Toll Latest.  via @GoogleNews",,,,,False
Never expected CEO of a media startup to bring in ideology at the time of #KeralaFloodRelief. It is not the hour to play politics when people need to be rescued and the state needs help. People whom I thought to be open minded and moderate are more bigoted.,,CEO,,,False
They need help and 10 days to get to them isnt enough!,,,,,False
I accept your challenge @KevinHart4real and challenge everyone to donate! #HurricaneHarvey Donate here -&gt;,,,KevinHart4,,True
RT @jessicalevco: Hats off to @Carolinas for creating an up-to-the-minute resource page about #Florence for #patients &amp; #staff: .,,,,,False
Thank you didi @poonam_mahajan ji for donating salary to the flood relief fund. You are an inspiration for the youths. #KeralaFloods,,,,,False
Better get food water lots of water bottles ready and generators medical equipment personnel in place if that monster hits. Ive seen homestead back in the early 90s it was bad and piles of trash and tore up homes and bad insurance companies that stiffed folks.,,,90s,,True
"Flood in Kerala :about 900,000. people were in relief camps.Around 300 people are dead.People are now facing the after effects of the flood.Please pray for us.",,,,,True
"RT @AP: BREAKING: Police say body found in Patapsco River is Eddison Hermond, who was reported missing in Maryland flash floods.",,BREAKING,,,False
The @SamaritansPurse DC-3 and DC-8 planes have been in Mozambique unloading critical relief supplies for the suffering people who were displaced by Cyclone #Idai. Would you pray for those affected by this tragedy? We will be making a second trip to Mozambique this week.,,,,,False
Enter our #charityraffle to help #Mexico in the wake of the recent earthquake devastation. We’re at 70% of our goal so far! #mypni #bctech,,,,,False
RT @1D_Updates_EU: Thoughts and prayers are going out to everyone effected in Ecuador ὢA #PrayForEcuador,,,1D,,True
Hurricane Warning now issued for parts of eastern Florida. Dorian continues to hit the NW Bahamas as a Cat. 5. Air Force Recon. plane measured a wind of 184mph just prior to landfall in the Bahamas. This hurricane will come very close to east FL on Tuesday,,,184mph,,True
#Americares gave 1000 doses of insulin to Bayamon Health Center Many waiting days for more insulin #Hurricanemaria #LinkInBio 2help #MariaPR,,,2help,,True
"RT @MSNBC: At least 120 people killed, scores injured in devastating #ItalyEarthquake:",,MSNBC,,,False
"Thank you Pet Supplies Plus - Valparasio, Indiana for your donation to the Hurricane Harvey donation drive💕",,,,,False
I can’t able to paying donation for Kerala Floods via @Paytm app kindly fix the issue asap Cc @vijayshekhar @Paytmcare @PaytmBank #KeralaFlood #KeralaReliefFund #KeralaFloods2018,asap → as soon as possible,,KeralaFloods2018,,True
They have been saying a while now its climate change you moron people dead animals killed homes lost and this is all you can say i hope you get kicked out next time and America gets the president they deserve,,,,,False
These are the places my heart leads me to. GPS isnt needed. #ClevelandOhio #Believeland #Skyline #CityPhotography #Skyscrapers #Buildings #Architecture #Bridges #Clevelander #Blessed,,GPS,,,False
RT @MartinSchulz: Look fwd to debate EU agenda for the months ahead @PES_PSE leaders meeting in #Paris. Our thoughts will be with victims,,,,,False
for donations from outside Italy. Can you RT please? Thank you. @KseniaSolo @sashaalexander #ItalyEarthquake,,,,,False
@sharondubois_ hello  in mexico there are many people who have suffered for the earthquake. We pray for mexico.ὠ7,,,,,False
"People of Kerala are going through toughest times. They have lost lives and damage to their homes and property is unthinkable. My appeal to everybody to please donate money, clothes anything that helps in their times of crisis ὤF #KeralaReliefFund",,,,,False
Tropical Storm Warning issued for coast of North Carolina as Maria moves northward  via @WTKR3,,,WTKR3,,True
Pray for my city #victoria and state #texas #HelpforHouston #HurricaneHarvey #Texas #flooding #helptexas,,,,,False
"#HumanityFirst volunteers from #Wayanad distributing food items to the needy in presence of Mr. T M Kasim, Circle Inspector of Police and Medical officers. #KeralaFloods",,,,,False
Death toll reportedly reaches 3 as Harvey stalls over Houston  via @HoustonChron,,,,,False
the halloween party was supposed to be tonight but irma’s turning up wanting an invitation like,,,,,False
#PakistanArmy rescue teams reached #AJK . #earthquake,,AJK,,,False
#Harvey’s sustained winds are 50 mph; flash flood watches remain in effect from southeast TX to western FL and across parts of TN valley.,,,,,False
"@CNN need help 8001 Honeywood Trail #92 Crystal Creek Apt Port Arthur, TX 77640. Who else can she call? #HurricaneHarvey",,CNN,,,False
RT @Europarl_EN: Earthquake in Italy: @EP_President Martin Schulz offers sympathy to the victims #terremoto #PrayForItaly,,,,,False
"One of the largest rescue operations, 40 helicopters, 31 aircraft, 182 teams for rescue, 18 Medical Teams of Defence forces, 58 teams of NDRF, 7 companies of CAPFs were pressed into service along with over 500 boats #KeralaFloods",,NDRF,,,False
Such a world class organization.,,,,,False
Harvey Death Toll Rises Again; 8th Victim Confirmed @weatherchannel  #HurricaneHarvey #houstonflood,,,8th,,True
"J.J. Watt, Mayor Turner and Aldine ISD volunteers team up to provide relief to flood victims -  #Aldine",,ISD,,,False
Ya Allah save everyoneὤFἿB #earthquake #Lahore #Islamabad #Mirpur #Kashmir #Pakistan,,,,,False
🚨ALERT! The media is trying to downplay #Mexicos #earthquake. THE DESTRUCTION IS MASSIVE! Deaths are in the dozens. SHARE! #Temblor,,ALERT|THE|DESTRUCTION|MASSIVE|SHARE,,,False
Earthquake in Pakistan. Stay safe people. May Allah protect us all. AMEEN. #earthquake,,AMEEN,,,False
"AT&amp;T Pledges $350,000 to Aid Communities Impacted by Hurricane Harvey",,,,,True
"Good News: Most Beautiful Place, HdG Shines Blue, Duckling Rescue",,,,,False
FEMA estimates 25 percent of homes in Florida Keys are destroyed #FloridaKeys @fema #PrayForFlorida,,FEMA,,,False
The proceeds of this remix by @Beyonce will be donated to Puerto Rico and Mexico relief efforts. #SOSPuertoRico #Maria #HurricaneMaria ἟5἟7,,,,,False
".@realDonaldTrump, you hawked a book for @SheriffClarke before tweeting a/b those impacted by #HurricaneHarvey. Youre truly disgraceful.",,,,,False
"The California fires have claimed over 77 lives, with hundreds more missing, and are the deadliest in our nations history. The people of California need our support. Donate here:",,,,,False
My prayers for those who suffered due to #earthquake.,,,,,False
Water rescues underway as Hurricane Florence pounds the Carolinas,,,,,False
"HAITIS RELIEF EFFORT. In the wake of Hurricane Matthew, these Marines with @24thMEU are deploying to Haiti, today",,HAITIS|RELIEF|EFFORT,24thMEU,,True
"The official death toll from Cyclone Idai, continues to rise sharply. On Sunday, March 24, Mozambique authorities said 446 people are now confirmed dead and the figure is likely to rise further as more affected areas become accessible.",,,,,False
@bostonpizza provides hot meals and assistance in Fort McMurray wildfire relief efforts #BBA #Toronto #Food #News,,BBA,,,False
"The Government Engineering College, Barton Hill, has almost all its 2,500 students assembling emergency power banks, @prajanma finds out more  #KeralaFloodRelief #KeralaReliefFund #KeralaFlood",2 → to,,,,True
RT @socalicc: To those who dont know or uneducated about Trumps obvious delay in send help to Puerto Rico,,,,,False
I received this as a picture from the recent floods in Kerala. I suppose the macro can be imagined from this micro .. #KeralaFloods,,,,,False
Alberta Premier Rachel Notley on wildfire: I know the people of Fort McMurray want to be back in their homes as soon as possible but retu,,,,,False
#HurricaneIrma left minimal damage to the theme parks and attractions in Orlando. Read more:,,,,,False
The Wake County Emergency Operations Center (bunker) had been a flurry of activity the last few days. Its been heartening to hear a lot go the calls are for volunteers or donations. We,,,,,False
RT @awaited_hope: Heard about #EarthQuake happened in Pakistan &amp; Indian Controlled Kashmir. Praying for everyones Safety.ὤFὤF,,,,,False
Hurricane Dorian nears Category 3 status as forecasters warn Florida of hazardous conditions ahead,,,,,False
"Much of the news about the flooding has focused its impact on farmers. But the climate-changed fueled weather has also hit Native American communities hard, with four tribal nations in Nebraska declaring a state of emergency.” #PoorPeoplesCampaign",,,,,False
"Goup of @Khalsa_Aid is offering food,medications and drinking water in flood-hit locations in#SriLanka great initiative taken by them.#Sikh",,,,,False
"#HURRICANE Florence Tracker, Live Updates Friday: Major Damage, 300,000 Without Power, 10 Foot Storm Surges, People Await Resc  #GPWX",,HURRICANE|GPWX,,,True
"If youre in Greece, even as a tourist, you can help those affected by the fires. Food and blood are much needed. Heres a guide the Greek Public Broadcaster has put together #greekfires #greece #Πυρκαγια #volunteer",,,,,False
LIVE: Call of the Week - Refiners set to benefit from #Harveys destruction. @SeanaNSmith explains,,LIVE,,,False
"I simply do not believe that emergency aid is banned from certain countries following a catastrophe like that Development aid, yes, now, no.",,,,,False
"@SaveTheChimps in FL dealing w/ aftermath of #HurricaneIrma, and need fleece or cotton blankets. Pls share/donate.",Pls → please,,,,True
"The worst damage I was able to find looking at #Harvey aerial imagery is on Key Allegro, Rockport, TX. Most homes w/ damage. Some destroyed.",,,,,False
***New Episode*** Wildlife refuge looking for foster homes as Dorain bears down.,,,,,False
RT @the_ecologist: Hurricane Maria destroyed Puerto Ricos electricity system. Now renewables investors plan to re-make it,,,,,False
Two Sioux City American Red Cross Volunteers are on their way down South to assist those being affected by Hurricane Dorian. @RedCross #HurricaneDorian,,,,,False
RT @ShadowsK9: #HurricaneFlorence #Alert #Pet-friendly Shelters in #NC #Dogs #Cats,,,ShadowsK9,,True
Interesting comparison between California and Finland fire/forrest management. They dont rake but they remove dead trees. They use aerial support to spot fires early. They have a network of forrest roads to make access easy.,,,,,False
Please watch this video to see the devastation Irma wreaked on Black Creek In Florida. Very little coverage &amp; the damage is catastrophic!👇🏻,,,,,False
Not only took from FEMA disaster relief but he did it at the hight of hurricane season. Its important for this fool to imprison more minorities and children no matter the suffering caused to the imprisoned or victims of a disaster like Puerto Rico,,FEMA,,,False
"ANOTHER NEW LOW--&gt;As fires ravage California, Donald Trump threatens to cut off funds",,ANOTHER|NEW|LOW,,,False
"RT @globalnews: Fort McMurray resident relives wildfire evacuation, talks about firefighter boyfriends experience battling blazes /",,,,,False
More on the evacuations because of the #CampFire. True heroes in the three centers in #Paradise.,,,,,False
"Please donate to those affected by the massive earthquake in Central Mexico, anything helps!! #FuerzaMéxico ❤️",,,,!!,True
Anyone else see the irony of how all the stores are out of water but this bitch is about to flood us?,,,,,False
"The death toll from the Camp Fire in Northern California has increased to 71 while more than 1000 people are unaccounted for. Our hearts go to those who lost their loved ones, and let us pray for those who are still missing. #CaliforniaFire",,,,,True
"If youre in SoCal, still time to call the crew @ABC7 &amp; donate! Theyre there until 7pm! 1-877-KABC7-LA #Disney #DayOfGiving #Harvey MTFBWY!",,MTFBWY,ABC7|7pm|KABC7,,True
Cape Fear River water levels are rising. This is under the Business 95 bridge near the Fayetteville Police Training Center. #ReadyFay #ReadyNC #Florence,,,,,False
DTN Saudi Arabia: Hurricane Matthew: Eleven dead as UN warns of worst humanitarian crisis in Haiti since 201,,DTN,,,False
#FlashbackFriday Weve updated our #HurricaneHarvey post to reflect #HurricaneMaria #HurricaneIrma Relief! #smallbiz,,,,,False
"NDRF teams have rescued 194 persons&amp;12 livestock&amp;evacuated 10,467 persons &amp;provided pre-hospital treatment to 159 persons.15 teams operational in Thrissur,13 in Pathanamthitta,11 in Alappuzha,5 in Ernakulam, 4 in Idukki,3 in Malappuram &amp; 2 each in Wayanad&amp;Kozhikode. #KeralaFloods",2 → to|4 → for,NDRF,,,True
"Category 5 Hurricane Dorian is now churning through the Bahamas. Winds are up to 185mph. The east coast of Florida north of Miami is now under Hurricane Watches and Warnings. Storm surge of several feet, flooding rain, and catastrophic damaging wind forecast to start late Monday.",,,185mph,,True
"The Modi Government needs to make a clear statement why it is refusing foreign funds for Kerala flood relief, in an unprecedented declared calamity of loss of life and livelihoods",,,,,False
"Where to Get Free Meals, Water in South Florida  via @nbc6",,,nbc6,,True
We Gives Some Kitchen accessories @amjith183 &amp; @kS_fan_page143 &amp; @NazarNazi2 &amp; #manoj To mr. John k pole (kayamkulam flood relief care co ordinator) According to the information by our @KeerthyOfficial #keerthysuresh #KeralaFloodRelief #KeralaFloods,,,amjith183|page143|NazarNazi2,,True
Praying for my Patna nem,,,,,False
#DSTRServiceInterruption Puerto Rico was badly damaged by Hu,,,,,False
"NJ rescue groups deploy to Virginia, Carolinas for Hurricane Florence",,,,,False
RT @NARAL: Periods don’t stop for hurricanes. Donate to @I_Support_Girls to help women &amp; girls impacted by #Harvey and #Irma: /,,NARAL,,,False
"Donated 10k to Kerala CM Relief Fund. We can rant on Twitter, or we can pitch in to help our countrymen. #KeralaFloodRelief",,,10k,,True
Live Stream of Tsunami from Japan #eqnz,,,,,False
@PTIofficial @ImranKhanPTI Hoping that PTI will devise a comprehensive environmental policy.,,PTI,,,False
Salute to KHALSA AID. Who is serving people in Kerala #khalsaaid #khalsaaidindia #kerala #keralafloods #charity #organization #vinesinspector #vinesinspector_official #parassharma,,KHALSA|AID,,,False
Extreme fire danger: Stiff winds make fighting California fires a tough task,,,,,False
RT @AfWrldNwPrj: 8 tons of aid arrive from #Palestine making their way to #Dominica in response to hurricane | #PayAttention,,,,,False
Low temps for tonight. See the flooding rains on radar:  #wx #harvey #lows #temps #cold,,,,,False
"After he sees all the damage in Houston, Trump will probably pardon Hurricane Harvey.",,,,,False
90 or 95% of bulildings destroyed on Caribbean islands in #Irma’s pathterrifying.,,,,,False
.@USNationalGuard Chief arrived in the aftermath of #HurricaneMaria to assess damage &amp; determine additional resources needed. #ReliefEfforts,,,,,False
"RT @kkbelle: 100-year-old &amp; daughter-in-law rescued fro historic homestead rubble, but son didnt make it #eqnz  #e",,,,,False
10 MILLION (not a typo) under Flash Flood Warning Rain falling @ 6+inches per hour Pray 4 Texas &amp; all in #Harvey path #houstonflood ὤF,4 → for,MILLION,,,True
Our Jayde Webster distributing supplys to the locals who have had their homes wrecked by hurricane Irma. We have,,,,,False
Can anyone post the link to donate money for #KeralaFloodRelief???,,,,???,True
RT @Barlowed_Silvia: My thoughts and prayers go all my Italian friends on Twitter and the Italian nation. #PrayforItaly Italy earthquake: h,,,,,False
RT @Ali_answers: #PakistanNavy providing relief goods to the #flood hit areas of #colombo during a #rescue operation #srilanka ἟5἟0἟1἟0,,,,,False
"LISTEN: @BillHemmer spoke with Mayor of Wilmington, NC @MayorBillSaffo about evacuations ahead of Hurricane Florence #nine2noon",,LISTEN,nine2,,True
"At least 23 people killed by the most destructive wildfire in California history, according to CBS",,CBS,,,False
MAP is grateful to partner with @unmc to help people devastated by recent flooding. Thank you for this opportunity to serve the people of Nebraska.,,MAP,,,False
RT @ChrisKlemens: Please watch and share ♥️ DONATE:,,DONATE,,,False
Lets get real. Gas prices spike beuz 1. oil supply from gulf shut down. 2. Refineries turn it into gasoline shut down offline storm damage,2 → to,,,,True
Hurricane Irma has devastated British territories – so why such little aid? The tax haven under the bed..,,,,,False
A Missouri women named Heather Bell is headed to California to help people recover from the wildfires. She’s stopping along the way and asking people to donate goods as she makes her way to California. @KOMUnews,,,,,False
"Water ✅, Food ✅, Full Tank of Gas ✅, Flashlights ✅, Cash Money ✅. All The Smoke for Dorian ✅ #Orlando #HurricaneDorian",,,,,False
Amazing piece on the #FortMacFire by Rex Murphy. Please donate to the Red Cross to help those in need.,,,,,False
Our thoughts &amp; prayers go out to those affected by #HurricaneHarvey Help schools impacted with one of these ideas:,,,,,False
@real_farmacist Send a @RakeForce of 5000 to California. Stop the @Caravan of fires ὒ5 #Now,,,,,True
"@marsialynn86 @DeplorableMe55 @rmjordan2 @_Makada_ @POTUS @PressSec @realDonaldTrump Ugh ! He was in Florida with flood victims! You know, the ones that have lost EVERYTHING!",,POTUS|EVERYTHING,marsialynn86|DeplorableMe55|rmjordan2,,True
"Using data from @TheTerminal I took a look at which drug companies have plants that could be affected by #HurricaneFlorence (there are 10 major companies, including Pfizer and Merck)",,,,,False
RT @thecomeback: Hurricane Maria causes massive damage to Puerto Rico’s Hiram Bithorn Stadium,,,,,False
#UnitedWay Would you like to know who your #donations help? #IrmaRecovery family in need of help. Please consider.,,,,,False
Mutual aid: Ohio Task Force 1 activate for Hurricane #Dorian,,,,,False
#HurricaneDorian #earthquake #tsunami #Tornado #Christ warns Can you bring about the Great Trouble that Allah is bringing upon America today? Can you bring it about and can the White man stop it? NO! You cannot,,,,,False
Does our country need his permission in time of life/death crisis for another country to offer humanitarian aid?,,,,,False
First flight to #SaintMartin after #Irma for evacuation #avgeek @klm,,,,,False
Death toll is investigating in Mirpur after deadly earthquake.28 people are reported dead hundreds seriously injured l. #earthquake,,,,,False
"Everyone is so worried about kylie and the football shit but Puerto Rico is destroyed from hurricane Maria, worried about the wrong shit..",,,,,False
"You can be the difference, help with your donation, just choose the Mexico Earthquake option #FuerzaMexico #Sismo",,,,,False
Please pray for #Haiti during #HurricaneMatthew,,,,,False
"BREAKING: Dutch officials: Irma damaged or destroyed 70 percent of St. Maarten homes, leaving island vulnerable to Joses approach.",,BREAKING,,,False
"Dominica To Donate $200,000 To U.S. Virgin Islands For Hurricane Irma Recovery  #USVI #VirginIslands",U → you,USVI,,,True
RT @alishainthebiz: collecting donations for my family members affected by Hurricane Irma &amp; Maria ἟5἟7. Send Ὃ0 via PayPal: makeshiftalisha@gm,,,,,False
"Every time I hear about dogs being abandoned in the flooding, my heart breaks a little more💔 I wish I could rescue them all😩 #Harvey",,,,,False
RT @mollyhf: #HurricaneMaria blew off pieces of the roof of this shelter in #sanjuan,,,,,False
Amalfi Pizza Offers Pay What You Can for Hurricane Florence Evacuees,,,,,False
To stop missue of power.there should be military rule when an morethan 40percent of damage happened from disaster.,,,40percent,,True
Dorian? Who Cares? by Dennett  #Photography #Pets #PetPhotography #HurricaneDorian #Hurricane,,,,,False
Lexus/Toyota Offers Payment Relief to Customers Affected by California Wildfires #californiawildfires,,,,,False
"Relentless California wildfires leave 79 dead, nearly 1,300 others still missing  Now, look here fellow tweeters: KNOW THIS: I LOVE THIS TIE ABOVE ALL OTHER TIES THAT 45TH EARS..JUST A VERY HANDSOME TIE. CHURCHILL",,KNOW|THIS|LOVE|THIS|TIE|ABOVE|ALL|OTHER|TIES|THAT|EARS|JUST|VERY|HANDSOME|TIE|CHURCHILL,45TH,,True
RT @TheGrayGroup: Donations for Fort McMurray relief packages can be made at 127 St Peters Rd Charlottetown.  #pei,,,,,False
Good morning. Heres whats happening: - At least 56 people killed in California fires - Saudi Arabia seeks death penalty for Khashoggis killers - Stormy Daniels lawyer arrested on domestic abuse charges,,,,,False
"Feeling guilty about complaining about the poor air quality in the Bay Area, compared to what others have lost: At least 63 people dead and 631 still missing. More",,,,,False
RT @JorgeFavaloro: weatherchannel : RT AMHQ: Hurricane #Maria swept through St. Croix leaving behind a path of damage and destruction. http,,AMHQ,,,False
Once again the fire raze California. I want to send encourage to all the families of the people deceased and affected and also all the strength to the fire-fighting team ὏7 @UniNoticias #CaliforniaFires #WoolseyFire #CaliforniaWildfires #CampFire,,,,,False
American Red Cross and Hurricane Harvey: #fema #arc #redcross #dhs #nema #iaem #Harvey #smem,,,,,False
Whoa! take a look at where you live to see the new expected #rain totals from @NWSHonolulu for #HurricaneLane #severeweather #Hawaii #Oahu #Honolulu #Maui #Kauai #Bigisland #HawaiiIsland #floods,,,,,False
How To Help The #CaliforniaWildfires people #LAFires #CaliforniaFires #CaliforniaWildfires  @LAPDChiefBeck @LACoFDPIO @SenSanders @SenatorDurbin @jeremycorbyn @JustinTrudeau @SanaSaeed @RashidaTlaib,,,,,False
For more information on Rule 84 or any of the other Nebraska Department of Education Rules:,,,,,False
"Re: #Harvey relief: this helpful A to Z list. Pets, diapers, blood donations, food and more.",,,,,False
"In Irma’s Wake, Surveying the Damage Along the Coast by Photographs and Text by LUKE SHARRETT via NYT",,LUKE|SHARRETT|NYT,,,False
Woke up to a lake outside my window. Water is completely surrounding us at this point. #HurricaneHarvey #Orangetx #Beaumont #HarveyFlood,,,,,False
"St John &amp; St Thomas, part of USA destroyed by Irma!Trump DOES know its part of USA l, right?❤️🇺🇸❤️",,USA|DOES|USA,,,False
"Hurricane Maria triggers mass floods in Puerto Rico, knocks #digitalmarketing #news #today  via @Easy_Branches",,,,,False
Just checking in with an update on Tropical Storm Florence. we have had a lot of rain (10 inches so far) and localized flooding. The power is still on and my headache is finally,,,,,False
"RT @CTVToronto: Supplies from Toronto sent to Haiti after hurricane, @jmusselmanctv reports.",,,,,False
"California Camp Fire Deadliest, Most Destructive In CA History, Death Toll Hits 42",,,,,False
"The 2017 Puerto Rico Tip-Off will be played at Coastal Carolina University (Conway, SC) due to the damage caused by Hurricane Maria.",,,,,False
Make a donation to support local nonprofits in Florida that are helping the victims of Hurricane Irma:,,,,,False
"If you missed it, Mexico withdrew tens of millions of dollars in Harvey relief because this racist worm couldnt bother to call an ally.",,,,,False
"@QasimRashid @ealight461 majority of the flooding is because of the floods in Nebraska. they released their water into the dams/river ways on the reservation. it’s been a dry winter in sw South Dakota, up until the bomb cyclone.",,,ealight461,,True
Odisha Fire Service personnel have rescued over 2000 people trapped in flood hit Alappuzha and Kottayam districts of Kerala.,,,,,True
Youth for Seva continues in its efforts to rope in more donors and volunteers to help the countless flood victims. Its time to act!!! #KeralaFloodRelief #Kerala #floods #yfs #hyderabad #Donate4Kerala,,,Donate4,!!!,True
Hurricane Maria to track northward off the southeast coast through midweek. Breezy conditions possible for central NC. #ncwx,,,,,False
"#ArmyResponse: @USArmy #Soldiers ready to assist with #HurricaneFlorence relief |  | #ArmyReadiness, #ArmyPreparation, #TeamBragg, @USArmyNorth, @Norad_Northcom, @DeptofDefense, @18airbornecorps, #ReadyNow἟A἟8",,,18airbornecorps,,True
Ouch.. Well that building is a write off #eqnz #wgtn cbd,,,,,False
#Harvey latest: - Official death toll: 20 - Flooding in #Beaumont &amp; #PortArthur - 195k+ asking for FEMA assistance,,FEMA,195k,,True
We meet Jimmy and Piper Steffan as they take stock of #HurricaneIrmas damage to their home for the very first time,,,,,False
"Clean Drinking water, food, medicines is urgently required at over 2000 relief camps #KeralaFloodRelief #keralafloods",,,,,True
"Guy Fieri is consistently good and decent and most of the critique about him and his taste in food is classist bullshit, don’t @ me.",,,,,False
"Snake Alert in Kerala as People Return Home in Flood Ravaged State, Hospitals Stocking Anti-Venom",,,,,False
"We are so close to the $100,000 mark! No donation is too small &amp; every little bit counts towards helping those affected by #CycloneIdai Join over 10,000 people who have donated so far - send your contribution to #EcoCash biller code 320041",,,,,True
RT @GioGirimonte: Grazie Calgary!἞E἟9#PrayingForItaly #PrayForItaly #PrayForItalia #Calgary #YYC @cityofcalgary @nenshi @FrancainCalgary http,,YYC,,,False
Please help me recoup after Irma send $$$ or Amazon gift cards to laceeangelmodel@aol.com and you will get spoiled for your kindness #RT,,,,,False
RT @Hamidwaziristan: Allah save us all #IKFightingForKashmir #earthquake,,,,,False
@jude_edmore @onetweeps @MiracleMissions @PacheduZW @advocatemahere @zenzele @DavidColtart @kubatana @OpenParlyZw @Wamagaisa @Mamoxn The team are working tirelessly to ensure that ALL donations reach the intended beneficiaries. So far there has been a positive working relationship between all stakeholders. Let’s come together to achieve the job at hand. #CycloneIdai,,ALL,,,False
"#KeralaSOS vallamkulam road,kuttor junction 10 of my friend and family members stranded please help. Date 17aug4:00pm @dhanyarajendran @CMOKerala #Keralafloods",,,17aug|00pm,,True
"Florence, a Category 1 hurricane with winds between 74 &amp; 95 mph, have already damaged homes and caused power outages for over 288,000. #PleaseStaySafe #BePrepared",,,,,True
What can communities do better to limit wildfire damage?:,,,,,False
Distribution of donations to #CycloneIdai victims should have / must be done after thorough surveys. Cases in Chipinge where people pretend to be victims are a drawback.,,,,,False
"Thursday is just around the corner&amp;we will be on air @ZimbabweRadio with Thandekile Simango&amp; @RejoiceNhara hosting another edition of #CycloneIdai &amp;how non effective communication has affected women,girls&amp; vulnerable groups in these communities. Diarise! #kulendabala #panenyaya",,,,,False
"Today, VA-TF1 members prepared their protective gear and rescue equipment after arrival in #Florida last night. Management personnel prepared for future operations. This group processes information from multiple sources to help @fema support the response for #HurricaneDorian.",,,TF1,,True
"Power company under pressure to explain actions before California wildfire CBS/AP November 19, 2018, 9:29 AM Some victims of Californias worst-ever",,CBS,,,False
"Hurricane Florence is coming, be safe Hampton Roads!",,,,,False
.@CNN you wanted to cover #Harvey &amp; lady is right to be angry. This couldve been avoided. Deaths avoided. No plans from elected officials.,,CNN,,,False
"Eight more bodies were found in the deadliest wildfire in California history, bringing the death toll to 71, officials announced Friday evening. The number of people unaccounted for also increased to 1,000, according to a local sheriff’s office.",,,,,True
"I called the Santa Barbara Red Cross and left a message asking for a list of Nonprofits I could raise funds for, in order to help save lives / support those whose lives have changed by these wildfires. also called Califire north and south chapter, and the California Fire Assoc.",,,,,False
"Nz brothers and sisters, after that 7.1 earthquake and tsunami warning that followed after. Shit lets give the beach a pass today! #besafe",,,,,False
NZcivildefence: RT MarlEmergency: #Eqnz update: All residents strongly urged to conserve water. It may take days t,,,,,False
"Emma, the badly injured dog rescued by @LastChanceResQ in Southern Maryland, looks ready for work in her orange vest! She has decided Im made of treats and so follows me around, giving an occasional bark to remind me shes there - AND WAITING.",,AND|WAITING,,,False
Officials in Maryland are looking for a National Guard member and Air Force veteran they say was swept away in weekend floods,,,,,False
"Five things to know about Blacksand Lodge, which has been destroyed by the wildfire  #AB",,,,,False
Consider a donation to this Nebraska rescue inundated with displaced pets due to the severe flooding in that area.,,,,,False
Evacuation resources for #florida for #irma including animal resources!  #IrmaFlorida,,,,,False
Sheriff @RicBradshaw and other Palm Beach County officials will brief the public this afternoon about the effects of Hurricane Dorian. The briefing will be held at 2:00 P.M. at the @pbcgov Emergency Operations Center. We will be streaming LIVE.,2 → to,LIVE,,,True
"My thoughts this AM are thoughts of concern for the victims of Hurricane Irma. My wife, Doris, just sent a",,,,,False
"God, please HELP US &amp; COMFORT THESE FAMILIES.",,HELP|COMFORT|THESE|FAMILIES,,,False
RT @daniDpVox: #PrayingForItalypraying for the victims! AIUTIAMOcomePOSSIAMO! #PrayForItaly #TerremotoItalia #Amatrice #Accumoli,,,,,False
MMA cadets may be heading out to sea to assist with Hurricane Dorian relief efforts  #CapeCod #HurricaneDorian @BTreffeisenCCT @MMAAdmissions,,MMA,,,False
Aerial images show before and after Hurricane Harvey damage in southeast Texas,,,,,False
"RT ScottPresler Please dont take Hurricane Florence lightly. In 2016, Hurricane Matthew completed devastated Virginia Beach. One thing you can do to help protect yourselves is park your cars on higher ground to get them out of the flood zone. #HurricaneFlorence",,,,,False
"RIGHT SO I’VE SEEN THOUSANDS OF COMMENTS ON THE CA FIRES WELL WISHES, PRAYERS FOR SAFETY AND CONTAINMENT. BUT TELLING CA THEY ARE RESPONSIBLE FOR THE FIRES AND THREATENING TO CUT OFF FED DISASTER FUNDS? YOU OWN THAT SHIT MOTHER FUCKER RIGHT BY YOURSELF! OH AND FUCK OFF!",,RIGHT|SEEN|THOUSANDS|COMMENTS|THE|FIRES|WELL|WISHES|PRAYERS|FOR|SAFETY|AND|CONTAINMENT|BUT|TELLING|THEY|ARE|RESPONSIBLE|FOR|THE|FIRES|AND|THREATENING|CUT|OFF|FED|DISASTER|FUNDS|YOU|OWN|THAT|SHIT|MOTHER|FUCKER|RIGHT|YOURSELF|AND|FUCK|OFF,,,False
Free #RV &amp; #camper spaces for #Irma #evacuees in #Thomasville #GA #Florida #shelter #free,,,,,False
#SM Hulk Hogan’s Latest Career Move Is To Call Hurricane Irma Victims ‘Crybabies,,,,,False
ὓ5ὓ4 Our prayers are with our people who are struck of the hurricane Matthew. #wiseup #Haiti἞D἟9 I ὉE #Ayiti,,,,,False
"This months trivia is dedicated to all those who have suffered due to the recent flooding in Malawi. Please bring clothes, shoes, and non perishable food items to TJs next Friday and help us make a difference. #Serviceaboveself #CycloneIdai #Rotary",,,,,False
If you have to be out this early morning use caution. Getting several reports of debris on the roads.  #IrmaNC,,,,,False
Sir please ensure a easy way to reissue all lost educational certificates in floods @PMOIndia @PrakashJavdekar #KeralaFloods #AllForKerala,,,,,False
"#MDFR #FLTF1 arrived back from Puerto Rico last night. Now back home, our team is getting ready to provide any disaster assistance as a result of Hurricane #Dorian.",,MDFR,FLTF1,,True
Bun B’s Wife Says UGK Archives Destroyed By Hurricane Harvey -,,UGK,,,False
RT @gina5050: Please help and retweet. Thank you,,,gina5050,,True
"@BDUTT @ReshmiDG Assam, Bihar and UP face flood situation worse than Kerala this year but people or CM of these states never cry for foreign aid. Ridiculous that media is discussing it for their own benefit",,BDUTT,,,False
Find official info for Albertans affected by the Fort McMurray wildfires.  #ab411 #wildfire #abfires #ymmfire,,,ab411,,True
#UAE says they never offered Rs 700 crore relief money to Kerala! Now will the Kerala CM @vijayanpinarayi apologize? #KeralaFloods @sakshyamindia @SakshyamManesh @JHANKU_RAM @vibhor_anand,,UAE,,,False
ὤF Thank @Apple for starting the initiative to let iDevice users donate from #AppStore and #iTunes for the Kerala flood victims. This is what separates the worlds most valuable brand from the rest! @tim_cook #KeralaReliefFund #KeralaFloods,,,,,False
"Iowa Republican advertisements focus on trivia while flooding hits Iowa hard, Hurricane Matthew devastates Haiti &amp; threatens Atlantic Coast",,,,,False
Does anyone suspect that Hurricane Matthew will reveal that the Clintons kept 90% of the Billions they collected for Haiti earthquake aid?,,,,,False
Five in Ten 9/6/17: Mike Kerr - Flood Relief and the Gospel:  via @YouTube,,,,,False
"RT @ApuestoEstilo_: #ItalyEarthquake help me my brother and my mom dont call me, They went on vacation to #Perugia #italy I NEED HELPὤFἿF htt",,NEED,,,False
"Dozens of firefighters, police officers and sheriffs deputies in Northern California have lost their homes to the massive Camp Fire, officials say. But it has barely stopped them from answering the call of duty.",,,,,False
#Florence will continue to move very slowly along the coast and then west. Transitioning to a tropical storm by tomorrow but life-threatening surge and flooding will persist through the weekend. Eventually moving up the Appalachians as a Depression early next week. @KSNNews,,,,,False
Missouri Mom Donates 1000 oz. of Breast Milk to Texas Flood Victims -,,,,,True
"Government launched website for relief fund link:  (Everyone must donate atleast their an hour income, website is run by Government of Kerala) Helpline Numbers for districts of Kerala : #KeralaFloodRelief #GetbeautyofKerala #unity #Loveforkerala἞E἟3",,,,,False
"I know this is a sad moment for California &amp; hopefully soon they get all the help possible but I’m surprised at Trump’s orchestrated photo op, he didn’t throw Trump bottled water or provide rakes!",,,,,False
RT @mariamuser: #Tweetoff ..XὉCὉCX on. My thoughts and prayers are with all those whos suffering for the loss of their dears ὉCὤFἿBὡ4ὢDὤFἿB #Ita,,,,,False
"Maxine Waters slammed Donald Trump for California wildfires responses, says president should keep his mouth shut",,,,,False
"In August, till 16th actual rainfall was 619.5mm, normally it should have been 244.1 mm. The intensity of rainfall has decreased now there wont be extremely heavy rains anymore but heavy rains will continue for 2 days: Dr. S Devi, India Meteorological Department on #KeralaFloods",2 → to,,16th|5mm,,True
Praying for those affected by hurricane Harvey. Weve seen many stories of bravery People,,,,,False
Death toll in California wildfires climbs to 44 - NPR #jlabnews,,NPR,,,False
Teen pendarvis is suspending all campaigning efforts until after Hurricane Florence passes.,,,,,False
"Puducherry BJP has collected the Rice packages, clothes, food items, daily needs and ect .. for #KeralaFloods soon we will send these all to kerala. @santhoshbjp @BJP4Keralam @AmitShah @maheeh @MaheishGirri",,BJP,BJP4,,True
"Getting a bit tired of the quakes, then the floods, the traffic gridlock and bubs is sick and likes to sleep on me #hadbetterweeks #eqnz",,,,,False
"31 people are dead, and 19 rivers in North Carolina are at major flood stage, after Tropical Depression #Florence dropped feet of rain in parts of the state. Well have updates on #9news",,,9news,,True
The sloppiest of Joes. @ McCanns Local Meats,,,,,False
RT @maximccan: 200+ people died in Mexico and Hurricane Maria is doing damage as we speak and yet we are worried about Ivankas use of the,,,,,False
"Hurricane Irma not only destroyed homes, but also destroyed jobs. For those who lost their jobs in the Hurricane.",,,,,False
Over 400 aftershocks since the big one last night. Crazy! #eqnz,,,,,False
At Plaza del Mercado some trees held up #HurricaneMaria @PuertoRicoPUR,,,,,False
BBC News - Hurricane Irma: UK territory declares state of emergency  #HurricaneIrma #Irma #UK #StateofEmergency #PSA,,BBC|PSA,,,False
"So, this guy is the former PM of Sweden. Last week Sweden has issued calls for emergency assistance via the #EUCivPro mechanism after dozens of large-scale wildfires broke out. And then this happened.. @carlbildt opinions are like assholes, everybody has one. #AthensFires #Mati",,,,,False
Red Willow helps families in Alberta who lost so much in the wildfire with Toonie Tuesday on May 17th. Please help support this worthy cause,,,17th,,True
Pizza Simple is best ἵ5 ἵ5 #pizza #brooklyn #nyc #lucali #carrollgardens #margheritapizza #neopolitan #napoli #delicious #brickovenpizza #restaurant #authentic #food #eat #eatlocal #fresh,,,,,False
To say Trump hasnt sent aid is incorrect.,,,,,False
RT @fox4wx: This is interestingparts of the KC region havent seen a tornado warning in over 10 years! JL,,,fox4,,True
"10 lakh people are still in relief camps but KJ Alphons goes on prime time TV and says people dont need food or clothes but electricians, plumbers, carpenters. Our very own Marie Antoinette. #KeralaFloodRelief",,,,,False
@POTUS Check out Corryns Tweet!! The need HELP!!,,POTUS|HELP,,!!|!!,True
"RAW: Hurricane Harvey is causing flooding, damaging and power outages &gt;&gt;  (Video: Jim Edds/@ExtremeStorms)",,RAW,,,False
How to handle flood damage after a hurricane if youre uninsured via the @FoxNews App,,,,,False
Attn: @BeaconHealthOpt will be providing in-person behavioral health &amp; emotional support to children affected by #HurricaneIrma,,,,,False
RT @FaitthB: Homes are flooding throughout Houston. Praying for everyone. #hurricaneharvey #Harveystorm2017,,,Harveystorm2017,,True
RT @trysteh: kim and kanyes house burned down and i dont think it was because of the fires in southern california bitch,,,,,False
"#Update #KeralaFloods2018 Indian Army has made 13 temporary bridges to reconnect 38 remote areas, total of 3627 personnels have been rescued till date, including 22 foreign nationals. #OpMadad #KeralaFloodRelief @PIB_India @SpokespersonMoD @HQ_IDS_India",,,KeralaFloods2018,,True
"Hero cycles will be sponsoring cycle for Anupriya, the nine years old kid who donated her four-year savings for Kerala flood relief. #KeralaReliefFund",,,,,False
The floods this year has taken a huge toll on the lives and livelihoods of South India. The livelihoods of the people in Kodagu are lost and they need our help to get a shelter now. Your support will make a difference for each one  #SaveLife #KeralaFloods,,,,,False
"Nowadays, I do not feel the need to watch comedy films or read jokes Just watch the Indian News ὠ2ὠ2ὠ2ὠ2ὠ2ὠ2ὠ2ὠ2ὠ2ὠ2ὠ2ὠ2 #earthquake #UNGA #Kashmir #PMModi #PMImranKhan #PMIK #indiaVsPakistan",,UNGA|PMIK,,,False
RT @lacyfm: Wishing safety for all-the residents of the east coast and all first responders #Florence,,,,,False
We survived the night: Florida Keys residents survey early storm damage from Hurricane #Irma,,,,,False
RT @bayareabites: A group of restaurants have started a relief fund to help those affected by the earthquake in Mexico.,,,,,False
Mexico Earthquake: More Than 200 People Found Dead As Rescue Attempts Continue,,,,,False
Just donated to Hurricane Harvey relief efforts thru @Google. They match donations dollar for dollar. Go for it #PrayForHouston,,,,,False
"RT @nzherald: Two confirmed dead, homes destroyed, slips block road and rail lines after 7.5 shake.  #EQNZ",,EQNZ,,,False
"If Trumps Mar-a-Lago is destroyed by the hurricane, I wonder how many millions in tax-payer dollars would be saved. #Dorian2019 #HurricaneDorian",,,Dorian2019,,True
More on the revised magnitude - #eqnz #nzearthquake,,,,,False
NOAA satellites show the Before and After damage from #Harvey. Circled is damage to #Rockport Fulton Junior HS.,,NOAA,,,False
"My thoughts go out to the people of Mexico City affected by the Earthquake, and everyone in Puerto Rico by Hurricane Maria.",,,,,False
"Please pray for the people of Japan, Mexico (2nd Earthquake) and the Republic of Vanuatu (island chain east of",,,2nd,,True
The @ComicBookMenAMC remind you that the #HandInHand telethon to benefit victims of Hurricanes Harvey and Irma is on all networks TONIGHT.,,TONIGHT,,,False
Hurricane Maria evacuees are sheltering in Shreveport with more to come!,,,,,False
"Nutty O holds a Facebook live premiere of his latest single VROOM, Talks about ZOL Wibroniks Mobile Wifi (MiFi), Sends a message of comfort to the #CycloneIdai victims and wishes Ti Gonzi a quick recovery. #ABX",,VROOM|ZOL|ABX,,,False
"Mandatory evacuation order starts at 10 a.m. Monday for beachside in Daytona Beach. That includes homes, RVs and hotels (including ours). When sustained wind speed reaches 39 mph, all bridges crossing the Halifax River will be closed. @FCN2go @THV11 #FCNStorm #Dorian",,,FCN2|THV11,,True
Massive #earthquake alert! Hoping for lesser damages and that everyone is safe.. It’s High time we start taking our Mother Earth serious before it’s too low.. #HowDareYou,,,,,False
"Dont forget about the pets, livestock and homeless animals impacted by #HurricaneMaria . Heres how you can help:",,,,,False
"Martin County Evacuation Zones Map &amp; Shelters for Hurricane Dorian  Martin County Martin County, Florida storm",,,,,False
RT @WorldVisionLK: Images captured on our way to distribute relief goods in #Ratnapura #FloodReliefLKA #FloodSL #Flood2017,,,Flood2017,,True
While were still recovering from the damage of #Harvey the east coast is now on the look out for #Irma,,,,,False
Everyone of these preventable deaths is blood on your hands. Maybe stop talking about kneeling.@realDonaldTrump,,,,,False
God Bless all the firefighters fighting these terrible fires in California &amp; bring an swift end to the fires. God Bless those searching &amp; rescuing people &amp; animals. God Bless those who have lost loved ones &amp; homes. #CampFire #CaliforniaFire #CaliforniaFires #CaliforniaWildfires,,,,,False
Please Please I ask that all my fellow Americans pray for us here in the #Carolinas! We need it. Im so worried our towns are flooding! @RealJamesWoods help me spread the word please for prayers?!?! #HurricaneFlorence,,,,?!?!,True
"Hello #thrissur we need more food to this camp, banana, biscuits, bread etc. Please share and coordinate with Adv Shobby 9847556550 #KeralaFloodRelief",,,,,False
The @RedCross is accepting donations to help those impacted by #Harvey #n4tm,,,n4,,True
@RedCross in Vega Alta #Puerto Rico providing VOIP communications for stricken areas #HurricaneMaria,,VOIP,,,False
"As Kerala battles floods, states come with aid Read here:  Here’s how you can help:  #KeralaFloods #KeralaFloodRelief",,,,,False
Absolutely the worst situation imaginable for the Bahamas. Catastrophic damage will be expected. I too will be praying for the people of the islands. ὤFἿD #Dorian,,,,,False
RT @Climatic_Issues: #HurricaneFlorence evacuation zones: Where has been evacuated? Danger zones mapped,,,,,False
"Please donate for #Kerala. You can go to , or go to @amazonIN &amp; send supplies directly to any of the listed NGOs. I sent mine to @goonj . Im also going to send clothes, shoes, whatever I can. Im not challenging you, but I am asking you for help. ὤFἿD",,,,,False
"In #TampaBay, residents rescued a group of #manatees from low #water levels and #mud! Story at . #IrmaHurricane2017",,,IrmaHurricane2017,,True
Amoral: without ANY morality.,,ANY,,,False
RT @ali_burrasque: My story from #ItalyEarthquake. Refugees reach out to victims among xenophobic tensions,,,,,False
"74 killed, 180+ injured by wildfires in Greece, authorities ask EU for help — RT World News",,,,,False
RT @ACurtright: #PuertoRico’s entire #electricity grid was knocked out in #Maria. Millions expected to be without power for months.,,,,,False
First Lawsuit by Fire Victims Family Filed Against Greek State |   #Griechenland #PrayForGreece,,,,,False
Generous of Justin to match Red Cross to help Fort McMurray. If it was another country he would just give billions,,,,,False
Anheuser-Busch sends cans of water to those affected by Hurricane Harvey,,,,,False
"@BecauseVal_ @SmokeScreenVids hey guys, I dont know if you know about Mexico Citys devastating earthquake but a lot of help is needed",,,,,False
@AP is reporting the death toll for the #CampFire is up to 31 now. @CAL_FIRE working hard with all the other teams Heartbreaking,,,,,False
Maria mad cuz yall turned her song into Wild Thoughts,,,,,False
RT @SkyNewsBreak: The Queen has made a personal donation to support the work of the Italian Red Cross in the search and rescue effort after,,,,,False
"RT @emilybohatch: This isnt true. But, the Cajun Navy volunteers will be in SC soon",,,,,False
"10,000 kilogram rice has been send off to #Kerala who was affected by the flood #Thalapathy Vijay fans ᾑ7 Nice gesture #Thalapathyvijay - #Thalapathyfan",,,,,True
"A Spalding man claimed his Lucky for Life lottery prize, saying hes planning to use it for his childrens college fund. Congratulations!",,,,,False
ᾑEKarma is a bitch Drumpt. Thoughts and prayers MFer! #RememberPuertoRico #TrumpIsADisgrace #BlueWave2020 ἰA,,,BlueWave2020,,True
Sorry For My Previous Troll On #Pakistan in the #earthquake 5 people died and 50 were injured. Hope now everyone is staying safe. WE PRAY FOR EVERYONE TO BE SAFE.,,PRAY|FOR|EVERYONE|SAFE,,,False
Our thoughts are with our @INAHmx colleagues and everyone in Mexico affected by yesterdays earthquake. Info on resources here:,,,,,False
"Have the California wildfires impacted Season 10 filming? Yes. Camarillo Airport, which has been used for Curb episodes in the past (and currently), is now a base camp for incident command and a staging pad for water-dropping helicopters. All filming has been pushed back.",,,,,False
RT @kasie: I am ὣ0for #PuertoRico Donate here to help:,,,0for,,True
.@UNCP_Swimming is collecting donations this week for #HurricaneMaria relief efforts in Puerto Rico. Thank you for your support #BraveNation,,,,,False
"Our prayers are with you, Florida residents! From all of us at AmeribaseDigital, please stay safe! #hurricaneprep #hurricanedorian2019 #hurricanedorian #staysafe #hurricane #florida",,,hurricanedorian2019,,True
RT @UnemployedEater: Hey everyone who eats food - Chef Jose Andres is trying to feed Puerto Rico. Please consider donating.,,,,,False
American Red Cross preparations ahead of Hurricane Dorian  via @YouTube,,,,,False
"Medications damaged by flood water? When in doubt, throw it out.  #HurricaneHarvey",,,,,False
"Feel so blessed that Abuela overcame Hurricane Maria too, my prayers go out to Puerto Rico and hope they recover soon.",,,,,False
The fake news hurricane almost totally destroyed Barbuda. Limbaugh is as big of an idiot for that comment as ever.,,,,,False
"On #Trumps #HurricaneHarvey tour, he didnt spot cheap buildings to buy. Too many have new indoor pools. #JokeTooSoon?",,,,,False
Cool. This seems totally cool. EXCEPT over half of the island doesnt have drinking water!,,EXCEPT,,,False
", I read they need extended sizes up to 5x. Adult socks. Worked at hurricane shelter 12yrs ago. Diapers NB-adult. Huge need. My next stop.",,,5x|12yrs,,True
RT @CallahanCRS: Our prayers are with the people of #Mexico and those in path of Hurricane #Maria. We stand with them and our Caritas partn,,,,,False
SUPPORT VICTIMS OF HURRICANE MARIA! Buy this track  #hurricanemaria #HurricaneMariapr #hurricanemaria2017,,SUPPORT|VICTIMS|HURRICANE|MARIA,hurricanemaria2017,,True
"The fires in California make me so sad, all those people who lose homes and the animals who suffer with losing their little homes too! Ὁ4",,,,,False
Barbudas residents have all been evacuated in the wake of Irma. 300 years of history and culture wiped out,,,,,False
Save the Children supplies are being distributed to children &amp; families affected by #CycloneIdai in #Chimanimani &amp; #Chipinge districts in Zimbabwe. This is helping to bring relief to the affceted families. @ESASavechildren @SavetheChildren @savechildrenuk @SaveUKNews @263Chat,,,263Chat,,True
everyone say a quick prayer for my uncles safety. hes getting deployed out to Haiti tomorrow for search and rescue due to the hurricane,,,,,False
RIP lemon liquor ὢD#eqnz #nzearthquake,,RIP,,,False
Very sad #news from #Greece! My #thoughts and #prayers with everyone in Greece! Such a big #tragedy! #Greecefires #PrayforGreece #AthensFires #Athens,,,,,False
"Just like the U.S. army, I thought I would see our army doing search and rescue missions on #CycloneIdai flood victims. Help; dololo They are just good at beating and abusing opposition supporters.",U → you,,,,True
Tamil Nadu Transport Staffs Association decides to contribute their one-day salary towards Kerala flood relief. ❤️ #KeralaReliefFund #KeralaFloods #KeralaRains #SaveKerala #KeralaFlood2018 #KeralaRainsHelp,,,KeralaFlood2018,,True
PET RESOURCES FOR EVACUEES - Plz RT #CampFire #HillFire #WoolseyFire #ButteCounty #Ventura #LosAngeles #Malibu #ThousandOaks #HiddenHills #Calabasas #SaratogaCanyon,Plz → please,PET|RESOURCES|FOR|EVACUEES,,,True
‘Big Undertaking’: Several States Respond to #HurricaneHarvey,,,,,False
All the players met at half court before the game to present a check from Red Cross for hurricane Harvey. #BBN,,BBN,,,False
Dorian is now a CATEGORY 5 hurricane with maximum sustained winds of 160 mph. A Tropical Storm Warning has been issued for Florida’s East Coast from Deerfield Beach to Sebastian Inlet.,,CATEGORY,,,False
"2. Mr. President, @edmnangagwa Did we need to get to 30 deaths for us to do something meaningful? Someone slept on the job sir. Please let’s not get to 50 deaths. Shame on whoever was responsible for the evacuation of people! #Cycloneidai",2 → to,,,,True
half to go back to school on monday cause of irma😭,,,,,False
@cenkuygur These fires have absolutely nothing to do with climate change and everything to do with enviro-statists who prevent controlled burns of the millions of dead trees across California in an effort to preserve everything but human life. #GreenPolicyDeathToll,,,,,False
"Huge water and food requirement would be there, says Prof. Santosh Kumar, Head Policy&amp; Planning at National Institute Of Disaster Management #IndiaForKerala",,,,,False
"Hopefully #HurricaneFlorence wont create any kind of emergency for you and your family, but in case it does lets be ready. Make a plan:  Build a kit:",,,,,False
"Volunteers from the @RedCross like Tony, Joyce and Bill are busy feeding communities impacted by flooding across Nebraska and SW Iowa. As flood waters recede, Red Cross disaster workers are serving meals and distributing relief items, emergency supplies and cleanup materials.",,,,,False
To all of our Florida friends please keep this handy as it includes emergency information including phone numbers! #Dorianflorida #HurricaneDorian2019 #HurricaneDorian,,,HurricaneDorian2019,,True
RT @earlklugh: Please stay safe - we are keeping you in our thoughts and prayers,,,,,False
This crowdfunding campaign by @QuitoShapers will be a second wave of relief to victims of the #SismoEcuador! Donate:,,,,,False
Yep. 45 is meeting with Putin while Americans die from fires caused by winds and global warming. #distraction #WoosleyFire #Malibufire #Putin,,,,,False
Praying for all those who will affected by Hurricane Dorianὡ4 Speaking from experience please take all the necessary precautions and stay safe category 5 ain no jokeὤ1ὤFἿD❤️ #prayforthebahamas,,,,,False
And hope everyones safe after the earthquake,,,,,False
Please share! #HurricaneHarvey shelters - Tell us supply/volunteer help you need here:  #HarveyNeeds #HelpforHarvey,,,,,False
Both hurricanes caused significant damage in the Gulf region.,,,,,False
Kollam Nanbans on route to Pathanamthitta town with 1.5 lakh worth flood relief materials. ✌ Note:These relief materials are from our own fund. Thalapathys personal flood relief fund for us will be used in the coming days. #KeralaFloodRelief #EidMubarak,,,,,False
PM Modi in Kerala to review flood situation: Top developments,,,,,False
RT @floodexpert: ‘We’re in the bull’s eye’: Evacuation orders multiply as #HurricaneFlorence churns toward #EastCoast,,,,,False
"Im at Costco Food Court in Glenmont, MD",,,,,False
"Thinking of my friends at ⁦@uncpembroke⁩ and ⁦@UNCP_Sports⁩ with #HurricaneFlorence coming their way. Matthew, two years ago, was scary enough. Flood waters stuck around for several days and power was out for almost a week.",,,,,False
Dorian can still be a menace and cause damage and lives even if it never touches shore. I beg you to keep watching updates bc it doesnt take much to change it again,bc → because,,,,True
Progress. Damage is in the billions. Lots of work still left to be done.,,,,,False
Americans are dying and thousands of homes are burning to the ground and THIS is what you have to say about it?,,THIS,,,False
"#KeralaSOS #KeralaFloods: Watch how Naval diving team is rescuing people and providing food in Keralas flood-hit Kunnathunad Taluk, Koovappady, Mattakuzhi villages. (by @manjeetnegilive ) Get all the live updates on Kerala food",,,,,False
"# Stopru Earthquake in Ecuador: a Quebecer and son among victims: She was a passionate travel, a citizen of th",,,,,False
"Contribute to Kerala Flood Relief Fund for grant of Bail, Jharkhand High Court To read more go on",,,,,False
@NBguy101 @Drjenny6Drjenny @cnni @rihanna @realDonaldTrump And they are helping with massive shipments of Aid and the US Military,,,NBguy101|Drjenny6,,True
"Hurricane Dorian: Florida Gov. DeSantis says FHP escorting fuel trucks, state contacting nursing homes  via @Florida_Today",,FHP,,,False
Area schools could see new students from Puerto Rico affected by Hurricane Maria  via @WWLP22News,,,WWLP22,,True
Nah catch me buying all that Kroger water. ᾗ0ᾗ5 #iykyk,,,,,False
#HappeningNow More families on the NC coast are preparing for evacuations as #hurricaneflorence gets closer. Nags Head evacuations begin at 7am today. #HurricaneReady #HurricanePrep  @WLOS_13,,,7am,,True
RT @EU_in_Sri_Lanka: EU provides LKR 51 million in humanitarian funding to support victims of #FloodSL  @ECHO_Asia,,LKR,,,False
The worst part about #Dorian that climate change deniers will have to acknowledge: this will soon be the norm not the exception for future hurricanes where the water is as warm as it is. 180 mph sustained winds. Science bless anybody in her path. #Dorian2019 #HurricaneDorian2019,,,Dorian2019|HurricaneDorian2019,,True
#ASCE members have been assessing and tagging structures in Northern California damaged by the Camp Fire. ASCEs Region 9 disaster preparedness chair shares a recent update. #naturaldisasters #naturalhazards #resilience #wildfires,,ASCE,,,False
"RT @worldvisioncan: .@WorldVisionMx is working to assess damage, aid in rescue efforts &amp; build quick relief projects #MexicoEarthquake http",,,,,False
"PIM Latest News: Nearly 2 million, mostly in Florida, without power in Irmas wake",2 → to,PIM,,,True
"Flood Emergencies in Port Arthur &amp; Beaumont, TX due to Harvey Flooding rain of 26+ since last night.",,,,,False
Civil defence has issued this tsunami threat level map. #EQNZ,,EQNZ,,,False
Asian Games : Seema Punia to donate 1 lakh rupees for Kerala flood relief,,,,,False
"1,400 residents of 2-island nation #AntiguaBarbuda has seen its entire infrastructure destroyed by #HurricaineIrma",2 → to,,,,True
After Hurricane Irma: review shows minorities lead curfew arrests,,,,,False
OECS declares #agriculture no longer exists in #Dominica in the wake of #Maria. #Climatechange is a threat to food security in so many ways!,,OECS,,,False
"Remember that no matter how complicated the equation may get, never loose hope. #TripplePlay of hope dedicated to the victims of #CycloneIdai with @hazvisakarombe #TheDrive My life is in your hands @kirkfranklin Lion of Judah by @SekgobelaLebo Excess love by @MMercychinwo",,,,,False
Came across one on FB and it sounded super sketch to me. A guest is soliciting cash donations to just hand him a check? 🤔 Impossible to vet.,,,,,False
On this #RakshaBandhan one of my sister sent Rakhi from Vizag then I wont give Any gift to Her But is Donating to Kerala #KeralaFloods All Brothers Please do same thing Donate for #KeralaFloodRelief @KTRTRS @PawanKalyan @RaoKavitha @trsharish @actor_nithiin @urstrulyMahesh,,KTRTRS,,,False
"@realDonaldTrump @sundarpichai @Google Hey that’s great! Now, about the floods in Iowa and Nebraska",,,,,False
"Our thoughts go out to those affected by the cyclone in Southern Africa, across Mozambique, Zimbabwe and Malawi. We have some fantastic followers from these countries and we pray that everyone stays safe at this time. We are all Billy Goats and we stand by you. ὤFὁ0",,,,,False
"As a storm chaser if you are chasing #HurricaneFlorence, I would bring enough supplies, food, water for more than a week of survival. Nothing more dangerous than a stalling TC. Bring your resources from outside of the impact zone. Residents/evacuees/EM will need all they can get",,,,,False
RT @PresidentRuvi: sending condolences to President #Mattarella following #ItalyEarthquake. Our thoughts are with you and the people of Ita,,,,,False
Mexicos 19S Earthquake: The Rescue Efforts At The Chimalpopoca Factory  via @YouTube,,,19S,,True
Were partnering with @smithsonian and @MorrillHallUNL to present a workshop at the Nebraska History Museum this Friday at 10am on preserving treasured possessions after recent devastating flooding. More information ὄ7,,,10am,,True
Florida Nun wields chainsaw to assist in Irma cleanup.,,,,,False
RT @JChavez002: The help is on its way to #MexicoEarthquake victims and you can continue to help!,,,JChavez002,,True
RT @TichRay: My thoughts and prayers are with you #Chimanimani and the rest of Manicaland. #CycloneIdai,,,,,False
Thank you @publix for donating to our Kendall Districts mission to deliver essential supplies to our elderly residents after #HurricaneIrma,,,,,False
Open Missing People Search Database from Mati and Rafina areas  #Greecefires #PrayForGreece #PrayForAthens,,,,,False
"Today is the day of national mourning in Italy for the earthquake victims, Ὁ4ὤF #luttonazionale #TerremotoItalia #PrayForItaly",,,,,False
#RIP to the retired teacher from Clear Creek high school. Death Toll at 6. #Harvey #OneIsTooMuch #HoustonStrong,,RIP,,,False
EU announces additional 7 mln Euros for victims of cyclone Idai in Mozambique,,,,,False
"RT @DrBashir2017: No electricty, no cell phone coverage, no drinking waterἙ8 Make a difference today! #HelpPuertoRico Ὁ9ὉCὉA",,,DrBashir2017,,True
Virginia governor orders mandatory evacuation of low-lying areas ahead of Hurricane Florence,,,,,False
Thank you President @BillClinton for visiting @MiamiDadeCounty &amp; lifting the spirits of our residents who sought shelter from #HurricaneIrma,,,,,False
"RT KVDailyExpress: Donations of money, blood and volunteer time can help the Red Cross respond to Hurricance Florence:",,,,,False
"California Camp Fire update— missing persons reaches 630, while the death toll reaches 63",,,,,False
"#Update 19 killed, 300+ injured in Mirpur, AJK. Some areas are out of reach due to massive infrastructure damage #earthquake",,AJK,,,False
"1,000s of shipping containers full of food, water, medicines were sitting unused at Puerto Ricos Port of San Juan",,,000s,,True
Liberia: Mudslide Causes Damage At China Union: AllAfrica  #environment,,,,,False
#COAS give order to reach immediately in effected areas of #Earthquake in AJK. Our troops with medical teams dispatch now.,,COAS|AJK,,,False
RT @frontline327: #retweet4good to donate $1 to the victims of the CA Camp fire,,,frontline327|retweet4,,True
"At 7:15 AM EDT, 2 W Seagate [New Hanover Co, NC] PUBLIC reports HURRICANE. TREE FELL ONTO AND THROUGH THE ROOF OF A HOME IN WILMINGTON, NC AT NANTUCKET POINTE. SIGNIFICANT DAMAGE TO THE HOME. VIDEO PROVIDED VIA TWITTER.",2 → to,EDT|PUBLIC|HURRICANE|TREE|FELL|ONTO|AND|THROUGH|THE|ROOF|HOME|WILMINGTON|NANTUCKET|POINTE|SIGNIFICANT|DAMAGE|THE|HOME|VIDEO|PROVIDED|VIA|TWITTER,,,True
"Contact for any assistance for food , dresses , medical items to any part of kerala in the following numbers #KerlaFlood #KeralaFloodRelief #KeralaSOS",,,,,False
ᾑ4Well actually you are standing in a ditch or a low lying area to give the flooding reporting a more drastic feeling and acquire MORE ratings and ad revenue for CNN! Of course there was deep flooding in the low areaslook at your camera manhe looks somewhat dry!,,MORE|CNN,4Well,,True
"cnnbrk : A hospital in Butte County, California, was damaged after patients quickly evacuated due to the raging Camp Fire. Follow live updates:   (via Twitter )",,,,,False
"Tsunami warning for East coast. Stay off water, off coast# earthquake #Auckland",,,,,False
We As A Team Want To Dedicate This Win To The Flood Victims In Kerala Man Of The Match Indian Captain Virat Kohli ✌ὤF἞E἟3 #ENGvIND #INDvENG,,,,,False
Photos: Icebergs left in wake of Nebraska flooding  via @owhnews,,,,,False
RT @KatieWGME: Mandatory evacuations have been ordered for coastal Virginia as Hurricane Florence approaches @wgme,,,,,False
"Donate Now to Help Those Affected By #HurricaneMatthew in Haiti When Hurricane Matthew hit Haiti last night, it",,,,,False
"You can find out overall situation in Azad Kashmir in terms of damage &amp; injuries but u cannot find anything abt prevailing situation,damage &amp; injuries in beseiged #Kashmir due to lockdown/clampdown by Delhi. No mobile services no internet but only Indian lies working #earthquake",u → you,,,,True
"CBS News: Ellicott City floods: Maryland officials assess destruction, search for missing man in 1,000-year flood.  via @GoogleNews",,CBS,,,True
"The damage which inflicted in Jatlaan, AJ&amp;K after the disastrous #earthquake in Capital &amp; Northern #Pakistan . COAS directed the army for immediate rescue operation in #azadkashmir .",,COAS,,,False
"They arent getting the focus, but the islands need help.",,,,,False
#HurricaneHarvey could reshape how and where Americans build their homes  #economy #homebuilding #personalfinance,,,,,False
"HGX issues Tornado Warning for Brazoria, Fort Bend [TX] till 5:15 AM CDT",,HGX|CDT,,,False
"Hurricane Florence draws closer as evacuations, preparations continue | WTOP #DC #WDC #WashingtonDC",,WTOP|WDC,,,False
"Be never tired of reciting Surah Zilzal because everyone who recites it in his optional prayers will never be involved in an earthquake &amp; he will not die by it, nor should he be hurt by lightning or any worldly pests until he dies” Recite &amp; forward. Stay safe every1 #earthquake",,,every1,,True
If one wants to live in a tropical paradise. One should expect to have a delay in the delivery of supplies. The ports are destroyed.,,,,,False
"Prepare your companion animals for #HurricaneDorian: 1. Create a pet evac kit w food, water, bowls, leashes/harness, pet tags/vacc history, first aid kit, toys, etc 2. Have your pet microchipped 3. Secure pet-friendly accommodations before the storm #HurricaneDorian2019",2 → to,,HurricaneDorian2019,,True
"Chico, CA - Newly Released Video Shows Dramatic California Wildfire Rescue",,,,,False
Seems as if Maria is not going to damage anyone else! Lets hope that we dont get anymore scares this #HurricaneSeason,,,,,False
Mandatory Evacuation Map slightly modified around 521 @ Rosharon.#harvey #brazoriacounty,,,,,False
RAF Aeromedical Rescue Team Sqn work w/ @RoyalNavy &amp; @kon_marine medics on vital #hurricanemaria #dominica medical ops. Truly inspirational.,,RAF,,,False
Want to donate for #KeralaFloodRelief and #KodaguFloodRelief? Head over to TNMs Bengaluru office where we will be accepting Back Home Kits for the next three days. Details below.,,,,,False
Local volunteers can learn about the #Community #Emergency Response Team (CERT) program by watching the videos at  #Hurricane #JITDT #Tornado #Florence #School #Club #Clubs #CivicClub #SocialClub #Rotary #Shriners #AmericanLegion #VFW #Veterians #Veterian,,CERT|JITDT|VFW,,,False
Yathey still have plenty of paper towels to throw at you and hell those detention camps can double as refugee centerstho if youre brown or black you never go home again,,,,,False
RT @WatchOutForIce: The death toll from the California wildfires just grew by a large amount,,,,,False
"RT @Starseed52: Exclusive: Island of Vieques Virtually Destroyed by Hurricane Maria. #PuertoRico #SanJuan #Vieques 10,000 Natives",,,Starseed52,,True
RT @DavidPapp: NASA Is Providing Mexico With Aerial Data Of The Earthquake Site To Aid In Recovery,,NASA,,,False
@JakhoPhiamphu @charliekirk11 And the California fires dont affect me so why are MY federal taxes helping that effort. Its BS!,,,charliekirk11,,True
"RT @natnewswatch: CP NewsAlert: Explosion in Fort McMurray damages homes, fire destroys building | National Newswatch",,,,,False
Hurricane Harvey Relief. Join me with a small donation.,,,,,False
"Mozambique: Exxon, Anadarko donate to cyclone relief",,,,,False
"Ummm, this is NOT okay!! @HolidayInn punishing evacuees for loving their family member?",,NOT,,!!,True
Pease keep our Hurricane Florence-threatened neighbors in your thoughts and prayers. ❤️,,,,,False
So sad. Prayers and thoughts for Puerto Rico. This is the Holiday Inn in San Juan Coronado area where I stay 3-4 times each year.,4 → for,,,,True
"#CycloneIdai: This is the largest emergency operation I have been on personally,” said @jamielesueur, our Operations Manager, to @Camanpour last night. The response efforts in #Beira and other affected areas in #Mozambique continue.",,,,,False
Leading social media management company that helps businesses grow online. We help increase leads and sales for businesses through Instagram marketing. #instagram #marketing #digitalagency #socialmediamarketing #bizzdirections #karachi #pakistan,,,,,False
"If you live on low lying ground within 1km of the coast, evacuate #chch #newzealand #christchurch #tsunami #nz #earthquake #eqnz",,,1km,,True
Death toll from Camp fire rises to 81 as searchers continue their grim work,,,,,False
Death toll in Greek seaside town wildfire rises to 91,,,,,False
"RT @AJENews: Update: Death toll in Ecuadors 7.8-magnitude earthquake rises to 41, according to the vice-president",,,,,False
evacuees at Houstons George R Brown Convention Center. #Harvey,R → are,,,,True
@NBCNewsTHINK @LevinsonJessica ὞3Devasting Climate ReportὪ8Storm damage suffering for those affected by Hurricane Florence! Ὢ9Fires ὒ5 devastation of California! How is FEMA helping our citizens now? This reports advise us of more to come! Trump &amp; Republicans don’t believe in Climate Change! We’re Screwed,,FEMA,3Devasting|8Storm|9Fires,,True
@DonaldJTrumpJr @realDonaldTrump This picture is not from hurricane Florence. When it was taken your father was a reality tv star. Meanwhile my my friends and family are still waiting to get home you’re sitting in your mansion bitching about TV ratings. Do something useful. Tweet a link to the Red Cross.,,,,,False
"California’s utility, PG&amp;E was responsible for 16 of the fires that have ravaged CA. Victims of the CA Paradise fire are now suing the utility for the current fire. However, PG&amp;E and the Cali. PUC want to pass the wildfire costs to customers. Read more:",,PUC,,,False
"#Xiaomi india is supplying thousands of fully charged Mi PowerBanks to relief camps in #Kerala, with help of @CNNnews18 . Great initiative. #KeralaFloodRelief #KeralaFloods",,,CNNnews18,,True
"@_HangGang is going to be doing some fundraising to help donate for the people as well as the animals enduring the fires in California . We will be selling art , in various forms . We will be using money from merch sales , i will be doing a few handdrawn pieces to sell -",,,,,False
18.08.18 :HF India Volunteers #Palakkad had distributed dress items in relief camp operating at Nenmara. #HumanityFirst #HumanityFirstIndia #KeralaFloods #KeralaFloodRelief,,,,,False
"Update on the key messages regarding Florence, now a Category 4 hurricane. As of the current forecast, the most probable impacts to our area, if any, will be the potential for heavy, flooding rainfall and perhaps breezy conditions by the end of the week and into the weekend.",4 → for,,,,True
"At 8:00 AM EDT, 1 ENE Cheraw [Chesterfield Co, SC] CO-OP OBSERVER reports HEAVY RAIN of 22.58 INCH. CO-OP OBSERVER STATION CEWS1, CHERAW WATER PLANT, MEASURED A TOTAL RAINFALL AMOUNT, ASSOCIATED WITH TROPICAL CYCLONE FLORENCE, ROUGHLY A 72 HOUR TOTAL,",,EDT|ENE|OBSERVER|HEAVY|RAIN|INCH|OBSERVER|STATION|CHERAW|WATER|PLANT|MEASURED|TOTAL|RAINFALL|AMOUNT|ASSOCIATED|WITH|TROPICAL|CYCLONE|FLORENCE|ROUGHLY|HOUR|TOTAL,CEWS1,,True
Texas Museums Assess Damage Caused by Hurricane Harvey | artnet News,,,,,False
"2/4 Valero’s contribution is going to a general #Harvey fund that provides disaster relief like transportation, food, cots and blankets.",2 → to|4 → for,,,,True
Local shelters are helping to take in displaced pets in areas impacted by Hurricane Harvey.  #rgv,,,,,False
9 People confirmed dead from Hurricane Irma. What now @rushlimbaugh? Is it still a conspiracy? #Science #FactsMatter,,,,,False
"So the California wildfires were gods wrath on gays? I guess #HurricaneFlorence is natures wrath on yall sexually abusive, child molesting #catholicpriests on the East coast! #MotherNatureWillWin",,,,,False
"Can you recommend anyone for this #job? Operations Associate -  #CustomerService #Cary, NC #Hiring #CareerArc",,,,,False
Packers QB Aaron Rodgers will donate $1 million to help with northern California fire relief in the area where he grew up.,,,,,False
U.S. government delivers more than 700 metric tons of humanitarian assistance to Mozambicans impacted by #CycloneIdai  #Mozambique #US #Idai @USAIDMozambique,U → you,,,,True
"ATH Hangingstone only facility currently facing wildfire, air bridge” from camps successfully underway",,ATH,,,False
RT @CherylBatchelo3: Aerial photos of the destruction in Puerto Rico after Hurricane Maria - The Washington Post,,,CherylBatchelo3,,True
"RT @ChrisKlemens: I dont give a fuck if Im spamming your timeline right now with donation links. If youre mad, fuck offand donate: :",,,,,False
Weather is calming down here in Hampton Roads now that Jose is moving further away but Hurricane Maria is caus,,,,,False
"The donations keep coming at @BaileyCoach1! They’re sending three stuffed buses to help the relief before Hurricane Florence hits. They’re expecting to send about 50,000 pounds of donations! @fox43",,,BaileyCoach1|fox43,,True
For monetary donation -   For resource donations -   @MyKartavya,,,,,False
@OfficialDGISPR Please send troops to few km ahead as well because in #IOK thousands of #Muslim lives are at risk. #Kashmir #Pakistan,,IOK,,,False
Show your support in this Houston Strong t-shirt. 100% of proceeds go to Hurricane Harvey Relief Fund.,,,,,False
